2026-03-17 04:24:14 [INFO    ] [switch] [INIT] SWITCH STATUS MODE (REAL GPIO)
2026-03-17 04:24:14 [INFO    ] [switch] [INIT] Door monitor running (ACTIVE LOW)
2026-03-17 04:24:14 [INFO    ] [switch] [INIT] Door monitor thread started
2026-03-17 04:24:14 [INFO    ] [switch] [INIT] Initial state: CLOSED
2026-03-17 11:13:54 [INFO    ] [switch] [INIT] SWITCH STATUS MODE (REAL GPIO)
2026-03-17 11:13:54 [INFO    ] [switch] [INIT] Door monitor running (ACTIVE LOW)
2026-03-17 11:13:54 [INFO    ] [switch] [INIT] Initial state: CLOSED
2026-03-17 11:13:54 [INFO    ] [switch] [INIT] Door monitor thread started
2026-03-18 08:12:22 [INFO    ] [switch] [INIT] SWITCH STATUS MODE (REAL GPIO)
2026-03-18 08:12:22 [INFO    ] [switch] [INIT] Door monitor running (ACTIVE LOW)
2026-03-18 08:12:22 [INFO    ] [switch] [INIT] Initial state: CLOSED
2026-03-18 08:12:22 [INFO    ] [switch] [INIT] Door monitor thread started
2026-03-21 03:21:28 [INFO    ] [switch] [INIT] SWITCH STATUS MODE (REAL GPIO)
2026-03-21 03:21:28 [INFO    ] [switch] [INIT] Door monitor running (ACTIVE LOW)
2026-03-21 03:21:28 [INFO    ] [switch] [INIT] Door monitor thread started
2026-03-21 03:21:28 [INFO    ] [switch] [INIT] Initial state: CLOSED
2026-03-22 06:30:04 [INFO    ] [switch] [INIT] SWITCH STATUS MODE (REAL GPIO)
2026-03-22 06:30:04 [INFO    ] [switch] [INIT] Door monitor running (ACTIVE LOW)
2026-03-22 06:30:04 [INFO    ] [switch] [INIT] Initial state: CLOSED
2026-03-22 06:30:04 [INFO    ] [switch] [INIT] Door monitor thread started
2026-03-22 06:31:12 [INFO    ] [switch] [INIT] SWITCH STATUS MODE (REAL GPIO)
2026-03-22 06:31:12 [INFO    ] [switch] [INIT] Door monitor running (ACTIVE LOW)
2026-03-22 06:31:12 [INFO    ] [switch] [INIT] Door monitor thread started
2026-03-22 06:31:12 [INFO    ] [switch] [INIT] Initial state: CLOSED
2026-03-22 06:32:20 [INFO    ] [switch] [INIT] SWITCH STATUS MODE (REAL GPIO)
2026-03-22 06:32:20 [INFO    ] [switch] [INIT] Door monitor running (ACTIVE LOW)
2026-03-22 06:32:20 [INFO    ] [switch] [INIT] Initial state: CLOSED
2026-03-22 06:32:20 [INFO    ] [switch] [INIT] Door monitor thread started
2026-03-22 06:33:28 [INFO    ] [switch] [INIT] SWITCH STATUS MODE (REAL GPIO)
2026-03-22 06:33:28 [INFO    ] [switch] [INIT] Door monitor running (ACTIVE LOW)
2026-03-22 06:33:28 [INFO    ] [switch] [INIT] Door monitor thread started
2026-03-22 06:33:28 [INFO    ] [switch] [INIT] Initial state: CLOSED
2026-03-22 06:34:36 [INFO    ] [switch] [INIT] SWITCH STATUS MODE (REAL GPIO)
2026-03-22 06:34:36 [INFO    ] [switch] [INIT] Door monitor running (ACTIVE LOW)
2026-03-22 06:34:36 [INFO    ] [switch] [INIT] Initial state: CLOSED
2026-03-22 06:34:36 [INFO    ] [switch] [INIT] Door monitor thread started
2026-03-22 06:35:44 [INFO    ] [switch] [INIT] SWITCH STATUS MODE (REAL GPIO)
2026-03-22 06:35:44 [INFO    ] [switch] [INIT] Door monitor running (ACTIVE LOW)
2026-03-22 06:35:44 [INFO    ] [switch] [INIT] Initial state: CLOSED
2026-03-22 06:35:44 [INFO    ] [switch] [INIT] Door monitor thread started
2026-03-22 06:36:51 [INFO    ] [switch] [INIT] SWITCH STATUS MODE (REAL GPIO)
2026-03-22 06:36:51 [INFO    ] [switch] [INIT] Door monitor running (ACTIVE LOW)
2026-03-22 06:36:51 [INFO    ] [switch] [INIT] Door monitor thread started
2026-03-22 06:36:51 [INFO    ] [switch] [INIT] Initial state: CLOSED
2026-03-22 06:37:59 [INFO    ] [switch] [INIT] SWITCH STATUS MODE (REAL GPIO)
2026-03-22 06:37:59 [INFO    ] [switch] [INIT] Door monitor running (ACTIVE LOW)
2026-03-22 06:37:59 [INFO    ] [switch] [INIT] Door monitor thread started
2026-03-22 06:37:59 [INFO    ] [switch] [INIT] Initial state: CLOSED
2026-03-22 06:39:07 [INFO    ] [switch] [INIT] SWITCH STATUS MODE (REAL GPIO)
2026-03-22 06:39:07 [INFO    ] [switch] [INIT] Door monitor running (ACTIVE LOW)
2026-03-22 06:39:07 [INFO    ] [switch] [INIT] Initial state: CLOSED
2026-03-22 06:39:07 [INFO    ] [switch] [INIT] Door monitor thread started
2026-03-22 06:40:15 [INFO    ] [switch] [INIT] SWITCH STATUS MODE (REAL GPIO)
2026-03-22 06:40:15 [INFO    ] [switch] [INIT] Door monitor running (ACTIVE LOW)
2026-03-22 06:40:15 [INFO    ] [switch] [INIT] Initial state: CLOSED
2026-03-22 06:40:15 [INFO    ] [switch] [INIT] Door monitor thread started
2026-03-22 06:41:23 [INFO    ] [switch] [INIT] SWITCH STATUS MODE (REAL GPIO)
2026-03-22 06:41:23 [INFO    ] [switch] [INIT] Door monitor running (ACTIVE LOW)
2026-03-22 06:41:23 [INFO    ] [switch] [INIT] Initial state: CLOSED
2026-03-22 06:41:23 [INFO    ] [switch] [INIT] Door monitor thread started
2026-03-22 06:42:31 [INFO    ] [switch] [INIT] SWITCH STATUS MODE (REAL GPIO)
2026-03-22 06:42:31 [INFO    ] [switch] [INIT] Door monitor running (ACTIVE LOW)
2026-03-22 06:42:31 [INFO    ] [switch] [INIT] Initial state: CLOSED
2026-03-22 06:42:31 [INFO    ] [switch] [INIT] Door monitor thread started
2026-03-22 06:43:39 [INFO    ] [switch] [INIT] SWITCH STATUS MODE (REAL GPIO)
2026-03-22 06:43:39 [INFO    ] [switch] [INIT] Door monitor running (ACTIVE LOW)
2026-03-22 06:43:39 [INFO    ] [switch] [INIT] Door monitor thread started
2026-03-22 06:43:39 [INFO    ] [switch] [INIT] Initial state: CLOSED
2026-03-22 06:44:47 [INFO    ] [switch] [INIT] SWITCH STATUS MODE (REAL GPIO)
2026-03-22 06:44:47 [INFO    ] [switch] [INIT] Door monitor running (ACTIVE LOW)
2026-03-22 06:44:47 [INFO    ] [switch] [INIT] Door monitor thread started
2026-03-22 06:44:47 [INFO    ] [switch] [INIT] Initial state: CLOSED
2026-03-22 06:45:55 [INFO    ] [switch] [INIT] SWITCH STATUS MODE (REAL GPIO)
2026-03-22 06:45:55 [INFO    ] [switch] [INIT] Door monitor running (ACTIVE LOW)
2026-03-22 06:45:55 [INFO    ] [switch] [INIT] Door monitor thread started
2026-03-22 06:45:55 [INFO    ] [switch] [INIT] Initial state: CLOSED
2026-03-22 06:47:03 [INFO    ] [switch] [INIT] SWITCH STATUS MODE (REAL GPIO)
2026-03-22 06:47:03 [INFO    ] [switch] [INIT] Door monitor running (ACTIVE LOW)
2026-03-22 06:47:03 [INFO    ] [switch] [INIT] Door monitor thread started
2026-03-22 06:47:03 [INFO    ] [switch] [INIT] Initial state: CLOSED
2026-03-22 06:48:11 [INFO    ] [switch] [INIT] SWITCH STATUS MODE (REAL GPIO)
2026-03-22 06:48:11 [INFO    ] [switch] [INIT] Door monitor running (ACTIVE LOW)
2026-03-22 06:48:11 [INFO    ] [switch] [INIT] Door monitor thread started
2026-03-22 06:48:11 [INFO    ] [switch] [INIT] Initial state: CLOSED
2026-03-22 06:49:19 [INFO    ] [switch] [INIT] SWITCH STATUS MODE (REAL GPIO)
2026-03-22 06:49:19 [INFO    ] [switch] [INIT] Door monitor running (ACTIVE LOW)
2026-03-22 06:49:19 [INFO    ] [switch] [INIT] Door monitor thread started
2026-03-22 06:49:19 [INFO    ] [switch] [INIT] Initial state: CLOSED
2026-03-22 06:50:27 [INFO    ] [switch] [INIT] SWITCH STATUS MODE (REAL GPIO)
2026-03-22 06:50:27 [INFO    ] [switch] [INIT] Door monitor running (ACTIVE LOW)
2026-03-22 06:50:27 [INFO    ] [switch] [INIT] Door monitor thread started
2026-03-22 06:50:27 [INFO    ] [switch] [INIT] Initial state: CLOSED
2026-03-22 06:51:35 [INFO    ] [switch] [INIT] SWITCH STATUS MODE (REAL GPIO)
2026-03-22 06:51:35 [INFO    ] [switch] [INIT] Door monitor running (ACTIVE LOW)
2026-03-22 06:51:35 [INFO    ] [switch] [INIT] Door monitor thread started
2026-03-22 06:51:35 [INFO    ] [switch] [INIT] Initial state: CLOSED
2026-03-22 06:52:43 [INFO    ] [switch] [INIT] SWITCH STATUS MODE (REAL GPIO)
2026-03-22 06:52:43 [INFO    ] [switch] [INIT] Door monitor running (ACTIVE LOW)
2026-03-22 06:52:43 [INFO    ] [switch] [INIT] Door monitor thread started
2026-03-22 06:52:43 [INFO    ] [switch] [INIT] Initial state: CLOSED
2026-03-22 06:53:51 [INFO    ] [switch] [INIT] SWITCH STATUS MODE (REAL GPIO)
2026-03-22 06:53:51 [INFO    ] [switch] [INIT] Door monitor running (ACTIVE LOW)
2026-03-22 06:53:51 [INFO    ] [switch] [INIT] Door monitor thread started
2026-03-22 06:53:51 [INFO    ] [switch] [INIT] Initial state: CLOSED
2026-03-22 06:54:58 [INFO    ] [switch] [INIT] SWITCH STATUS MODE (REAL GPIO)
2026-03-22 06:54:58 [INFO    ] [switch] [INIT] Door monitor running (ACTIVE LOW)
2026-03-22 06:54:58 [INFO    ] [switch] [INIT] Door monitor thread started
2026-03-22 06:54:58 [INFO    ] [switch] [INIT] Initial state: CLOSED
2026-03-22 06:56:06 [INFO    ] [switch] [INIT] SWITCH STATUS MODE (REAL GPIO)
2026-03-22 06:56:06 [INFO    ] [switch] [INIT] Door monitor running (ACTIVE LOW)
2026-03-22 06:56:06 [INFO    ] [switch] [INIT] Initial state: CLOSED
2026-03-22 06:56:06 [INFO    ] [switch] [INIT] Door monitor thread started
2026-03-22 06:57:14 [INFO    ] [switch] [INIT] SWITCH STATUS MODE (REAL GPIO)
2026-03-22 06:57:14 [INFO    ] [switch] [INIT] Door monitor running (ACTIVE LOW)
2026-03-22 06:57:14 [INFO    ] [switch] [INIT] Initial state: CLOSED
2026-03-22 06:57:14 [INFO    ] [switch] [INIT] Door monitor thread started
2026-03-22 06:58:22 [INFO    ] [switch] [INIT] SWITCH STATUS MODE (REAL GPIO)
2026-03-22 06:58:22 [INFO    ] [switch] [INIT] Door monitor running (ACTIVE LOW)
2026-03-22 06:58:22 [INFO    ] [switch] [INIT] Initial state: CLOSED
2026-03-22 06:58:22 [INFO    ] [switch] [INIT] Door monitor thread started
2026-03-22 06:59:31 [INFO    ] [switch] [INIT] SWITCH STATUS MODE (REAL GPIO)
2026-03-22 06:59:31 [INFO    ] [switch] [INIT] Door monitor running (ACTIVE LOW)
2026-03-22 06:59:31 [INFO    ] [switch] [INIT] Door monitor thread started
2026-03-22 06:59:31 [INFO    ] [switch] [INIT] Initial state: CLOSED
2026-03-22 07:00:38 [INFO    ] [switch] [INIT] SWITCH STATUS MODE (REAL GPIO)
2026-03-22 07:00:38 [INFO    ] [switch] [INIT] Door monitor running (ACTIVE LOW)
2026-03-22 07:00:38 [INFO    ] [switch] [INIT] Door monitor thread started
2026-03-22 07:00:38 [INFO    ] [switch] [INIT] Initial state: CLOSED
2026-03-22 07:01:46 [INFO    ] [switch] [INIT] SWITCH STATUS MODE (REAL GPIO)
2026-03-22 07:01:46 [INFO    ] [switch] [INIT] Door monitor running (ACTIVE LOW)
2026-03-22 07:01:46 [INFO    ] [switch] [INIT] Door monitor thread started
2026-03-22 07:01:46 [INFO    ] [switch] [INIT] Initial state: CLOSED
2026-03-22 07:02:54 [INFO    ] [switch] [INIT] SWITCH STATUS MODE (REAL GPIO)
2026-03-22 07:02:54 [INFO    ] [switch] [INIT] Door monitor running (ACTIVE LOW)
2026-03-22 07:02:54 [INFO    ] [switch] [INIT] Initial state: CLOSED
2026-03-22 07:02:54 [INFO    ] [switch] [INIT] Door monitor thread started
2026-03-22 07:04:03 [INFO    ] [switch] [INIT] SWITCH STATUS MODE (REAL GPIO)
2026-03-22 07:04:03 [INFO    ] [switch] [INIT] Door monitor running (ACTIVE LOW)
2026-03-22 07:04:03 [INFO    ] [switch] [INIT] Door monitor thread started
2026-03-22 07:04:03 [INFO    ] [switch] [INIT] Initial state: CLOSED
2026-03-22 07:05:10 [INFO    ] [switch] [INIT] SWITCH STATUS MODE (REAL GPIO)
2026-03-22 07:05:10 [INFO    ] [switch] [INIT] Door monitor running (ACTIVE LOW)
2026-03-22 07:05:10 [INFO    ] [switch] [INIT] Initial state: CLOSED
2026-03-22 07:05:10 [INFO    ] [switch] [INIT] Door monitor thread started
2026-03-22 07:06:18 [INFO    ] [switch] [INIT] SWITCH STATUS MODE (REAL GPIO)
2026-03-22 07:06:18 [INFO    ] [switch] [INIT] Door monitor running (ACTIVE LOW)
2026-03-22 07:06:18 [INFO    ] [switch] [INIT] Door monitor thread started
2026-03-22 07:06:18 [INFO    ] [switch] [INIT] Initial state: CLOSED
2026-03-22 07:07:26 [INFO    ] [switch] [INIT] SWITCH STATUS MODE (REAL GPIO)
2026-03-22 07:07:26 [INFO    ] [switch] [INIT] Door monitor running (ACTIVE LOW)
2026-03-22 07:07:26 [INFO    ] [switch] [INIT] Door monitor thread started
2026-03-22 07:07:26 [INFO    ] [switch] [INIT] Initial state: CLOSED
2026-03-22 07:08:34 [INFO    ] [switch] [INIT] SWITCH STATUS MODE (REAL GPIO)
2026-03-22 07:08:34 [INFO    ] [switch] [INIT] Door monitor running (ACTIVE LOW)
2026-03-22 07:08:34 [INFO    ] [switch] [INIT] Door monitor thread started
2026-03-22 07:08:34 [INFO    ] [switch] [INIT] Initial state: CLOSED
2026-03-22 07:09:42 [INFO    ] [switch] [INIT] SWITCH STATUS MODE (REAL GPIO)
2026-03-22 07:09:42 [INFO    ] [switch] [INIT] Door monitor running (ACTIVE LOW)
2026-03-22 07:09:42 [INFO    ] [switch] [INIT] Door monitor thread started
2026-03-22 07:09:42 [INFO    ] [switch] [INIT] Initial state: CLOSED
2026-03-22 07:10:50 [INFO    ] [switch] [INIT] SWITCH STATUS MODE (REAL GPIO)
2026-03-22 07:10:50 [INFO    ] [switch] [INIT] Door monitor running (ACTIVE LOW)
2026-03-22 07:10:50 [INFO    ] [switch] [INIT] Initial state: CLOSED
2026-03-22 07:10:50 [INFO    ] [switch] [INIT] Door monitor thread started
2026-03-22 07:11:58 [INFO    ] [switch] [INIT] SWITCH STATUS MODE (REAL GPIO)
2026-03-22 07:11:58 [INFO    ] [switch] [INIT] Door monitor running (ACTIVE LOW)
2026-03-22 07:11:58 [INFO    ] [switch] [INIT] Door monitor thread started
2026-03-22 07:11:58 [INFO    ] [switch] [INIT] Initial state: CLOSED
2026-03-22 07:13:06 [INFO    ] [switch] [INIT] SWITCH STATUS MODE (REAL GPIO)
2026-03-22 07:13:06 [INFO    ] [switch] [INIT] Door monitor running (ACTIVE LOW)
2026-03-22 07:13:06 [INFO    ] [switch] [INIT] Door monitor thread started
2026-03-22 07:13:06 [INFO    ] [switch] [INIT] Initial state: CLOSED
2026-03-22 07:14:14 [INFO    ] [switch] [INIT] SWITCH STATUS MODE (REAL GPIO)
2026-03-22 07:14:14 [INFO    ] [switch] [INIT] Door monitor running (ACTIVE LOW)
2026-03-22 07:14:14 [INFO    ] [switch] [INIT] Initial state: CLOSED
2026-03-22 07:14:14 [INFO    ] [switch] [INIT] Door monitor thread started
2026-03-22 07:15:22 [INFO    ] [switch] [INIT] SWITCH STATUS MODE (REAL GPIO)
2026-03-22 07:15:22 [INFO    ] [switch] [INIT] Door monitor running (ACTIVE LOW)
2026-03-22 07:15:22 [INFO    ] [switch] [INIT] Door monitor thread started
2026-03-22 07:15:22 [INFO    ] [switch] [INIT] Initial state: CLOSED
2026-03-22 07:16:30 [INFO    ] [switch] [INIT] SWITCH STATUS MODE (REAL GPIO)
2026-03-22 07:16:30 [INFO    ] [switch] [INIT] Door monitor running (ACTIVE LOW)
2026-03-22 07:16:30 [INFO    ] [switch] [INIT] Door monitor thread started
2026-03-22 07:16:30 [INFO    ] [switch] [INIT] Initial state: CLOSED
2026-03-22 07:17:38 [INFO    ] [switch] [INIT] SWITCH STATUS MODE (REAL GPIO)
2026-03-22 07:17:38 [INFO    ] [switch] [INIT] Door monitor running (ACTIVE LOW)
2026-03-22 07:17:38 [INFO    ] [switch] [INIT] Initial state: CLOSED
2026-03-22 07:17:38 [INFO    ] [switch] [INIT] Door monitor thread started
2026-03-22 07:18:46 [INFO    ] [switch] [INIT] SWITCH STATUS MODE (REAL GPIO)
2026-03-22 07:18:46 [INFO    ] [switch] [INIT] Door monitor running (ACTIVE LOW)
2026-03-22 07:18:46 [INFO    ] [switch] [INIT] Initial state: CLOSED
2026-03-22 07:18:46 [INFO    ] [switch] [INIT] Door monitor thread started
2026-03-22 07:19:54 [INFO    ] [switch] [INIT] SWITCH STATUS MODE (REAL GPIO)
2026-03-22 07:19:54 [INFO    ] [switch] [INIT] Door monitor running (ACTIVE LOW)
2026-03-22 07:19:54 [INFO    ] [switch] [INIT] Initial state: CLOSED
2026-03-22 07:19:54 [INFO    ] [switch] [INIT] Door monitor thread started
2026-03-22 07:21:02 [INFO    ] [switch] [INIT] SWITCH STATUS MODE (REAL GPIO)
2026-03-22 07:21:02 [INFO    ] [switch] [INIT] Door monitor running (ACTIVE LOW)
2026-03-22 07:21:02 [INFO    ] [switch] [INIT] Door monitor thread started
2026-03-22 07:21:02 [INFO    ] [switch] [INIT] Initial state: CLOSED
2026-03-22 07:22:10 [INFO    ] [switch] [INIT] SWITCH STATUS MODE (REAL GPIO)
2026-03-22 07:22:10 [INFO    ] [switch] [INIT] Door monitor running (ACTIVE LOW)
2026-03-22 07:22:10 [INFO    ] [switch] [INIT] Initial state: CLOSED
2026-03-22 07:22:10 [INFO    ] [switch] [INIT] Door monitor thread started
2026-03-22 07:23:18 [INFO    ] [switch] [INIT] SWITCH STATUS MODE (REAL GPIO)
2026-03-22 07:23:18 [INFO    ] [switch] [INIT] Door monitor running (ACTIVE LOW)
2026-03-22 07:23:18 [INFO    ] [switch] [INIT] Door monitor thread started
2026-03-22 07:23:18 [INFO    ] [switch] [INIT] Initial state: CLOSED
2026-03-22 07:24:26 [INFO    ] [switch] [INIT] SWITCH STATUS MODE (REAL GPIO)
2026-03-22 07:24:26 [INFO    ] [switch] [INIT] Door monitor running (ACTIVE LOW)
2026-03-22 07:24:26 [INFO    ] [switch] [INIT] Door monitor thread started
2026-03-22 07:24:26 [INFO    ] [switch] [INIT] Initial state: CLOSED
2026-03-22 07:25:34 [INFO    ] [switch] [INIT] SWITCH STATUS MODE (REAL GPIO)
2026-03-22 07:25:34 [INFO    ] [switch] [INIT] Door monitor running (ACTIVE LOW)
2026-03-22 07:25:34 [INFO    ] [switch] [INIT] Initial state: CLOSED
2026-03-22 07:25:34 [INFO    ] [switch] [INIT] Door monitor thread started
2026-03-22 07:26:42 [INFO    ] [switch] [INIT] SWITCH STATUS MODE (REAL GPIO)
2026-03-22 07:26:42 [INFO    ] [switch] [INIT] Door monitor running (ACTIVE LOW)
2026-03-22 07:26:42 [INFO    ] [switch] [INIT] Door monitor thread started
2026-03-22 07:26:42 [INFO    ] [switch] [INIT] Initial state: CLOSED
2026-03-22 07:27:50 [INFO    ] [switch] [INIT] SWITCH STATUS MODE (REAL GPIO)
2026-03-22 07:27:50 [INFO    ] [switch] [INIT] Door monitor running (ACTIVE LOW)
2026-03-22 07:27:50 [INFO    ] [switch] [INIT] Door monitor thread started
2026-03-22 07:27:50 [INFO    ] [switch] [INIT] Initial state: CLOSED
2026-03-22 07:28:58 [INFO    ] [switch] [INIT] SWITCH STATUS MODE (REAL GPIO)
2026-03-22 07:28:58 [INFO    ] [switch] [INIT] Door monitor running (ACTIVE LOW)
2026-03-22 07:28:58 [INFO    ] [switch] [INIT] Door monitor thread started
2026-03-22 07:28:58 [INFO    ] [switch] [INIT] Initial state: CLOSED
2026-03-22 07:30:06 [INFO    ] [switch] [INIT] SWITCH STATUS MODE (REAL GPIO)
2026-03-22 07:30:06 [INFO    ] [switch] [INIT] Door monitor running (ACTIVE LOW)
2026-03-22 07:30:06 [INFO    ] [switch] [INIT] Door monitor thread started
2026-03-22 07:30:06 [INFO    ] [switch] [INIT] Initial state: CLOSED
2026-03-22 07:31:14 [INFO    ] [switch] [INIT] SWITCH STATUS MODE (REAL GPIO)
2026-03-22 07:31:14 [INFO    ] [switch] [INIT] Door monitor running (ACTIVE LOW)
2026-03-22 07:31:14 [INFO    ] [switch] [INIT] Initial state: CLOSED
2026-03-22 07:31:14 [INFO    ] [switch] [INIT] Door monitor thread started
2026-03-22 07:32:22 [INFO    ] [switch] [INIT] SWITCH STATUS MODE (REAL GPIO)
2026-03-22 07:32:22 [INFO    ] [switch] [INIT] Door monitor running (ACTIVE LOW)
2026-03-22 07:32:22 [INFO    ] [switch] [INIT] Door monitor thread started
2026-03-22 07:32:22 [INFO    ] [switch] [INIT] Initial state: CLOSED
2026-03-22 07:33:30 [INFO    ] [switch] [INIT] SWITCH STATUS MODE (REAL GPIO)
2026-03-22 07:33:30 [INFO    ] [switch] [INIT] Door monitor running (ACTIVE LOW)
2026-03-22 07:33:30 [INFO    ] [switch] [INIT] Door monitor thread started
2026-03-22 07:33:30 [INFO    ] [switch] [INIT] Initial state: CLOSED
2026-03-22 07:34:38 [INFO    ] [switch] [INIT] SWITCH STATUS MODE (REAL GPIO)
2026-03-22 07:34:38 [INFO    ] [switch] [INIT] Door monitor running (ACTIVE LOW)
2026-03-22 07:34:38 [INFO    ] [switch] [INIT] Door monitor thread started
2026-03-22 07:34:38 [INFO    ] [switch] [INIT] Initial state: CLOSED
2026-03-22 07:35:46 [INFO    ] [switch] [INIT] SWITCH STATUS MODE (REAL GPIO)
2026-03-22 07:35:46 [INFO    ] [switch] [INIT] Door monitor running (ACTIVE LOW)
2026-03-22 07:35:46 [INFO    ] [switch] [INIT] Initial state: CLOSED
2026-03-22 07:35:46 [INFO    ] [switch] [INIT] Door monitor thread started
2026-03-22 07:36:54 [INFO    ] [switch] [INIT] SWITCH STATUS MODE (REAL GPIO)
2026-03-22 07:36:54 [INFO    ] [switch] [INIT] Door monitor running (ACTIVE LOW)
2026-03-22 07:36:54 [INFO    ] [switch] [INIT] Initial state: CLOSED
2026-03-22 07:36:54 [INFO    ] [switch] [INIT] Door monitor thread started
2026-03-22 07:38:02 [INFO    ] [switch] [INIT] SWITCH STATUS MODE (REAL GPIO)
2026-03-22 07:38:02 [INFO    ] [switch] [INIT] Door monitor running (ACTIVE LOW)
2026-03-22 07:38:02 [INFO    ] [switch] [INIT] Door monitor thread started
2026-03-22 07:38:02 [INFO    ] [switch] [INIT] Initial state: CLOSED
2026-03-22 07:39:10 [INFO    ] [switch] [INIT] SWITCH STATUS MODE (REAL GPIO)
2026-03-22 07:39:10 [INFO    ] [switch] [INIT] Door monitor running (ACTIVE LOW)
2026-03-22 07:39:10 [INFO    ] [switch] [INIT] Door monitor thread started
2026-03-22 07:39:10 [INFO    ] [switch] [INIT] Initial state: CLOSED
2026-03-22 07:40:18 [INFO    ] [switch] [INIT] SWITCH STATUS MODE (REAL GPIO)
2026-03-22 07:40:18 [INFO    ] [switch] [INIT] Door monitor running (ACTIVE LOW)
2026-03-22 07:40:18 [INFO    ] [switch] [INIT] Door monitor thread started
2026-03-22 07:40:18 [INFO    ] [switch] [INIT] Initial state: CLOSED
2026-03-22 07:41:26 [INFO    ] [switch] [INIT] SWITCH STATUS MODE (REAL GPIO)
2026-03-22 07:41:26 [INFO    ] [switch] [INIT] Door monitor running (ACTIVE LOW)
2026-03-22 07:41:26 [INFO    ] [switch] [INIT] Door monitor thread started
2026-03-22 07:41:26 [INFO    ] [switch] [INIT] Initial state: CLOSED
2026-03-22 07:42:31 [INFO    ] [switch] [INIT] SWITCH STATUS MODE (REAL GPIO)
2026-03-22 07:42:31 [INFO    ] [switch] [INIT] Door monitor running (ACTIVE LOW)
2026-03-22 07:42:31 [INFO    ] [switch] [INIT] Door monitor thread started
2026-03-22 07:42:31 [INFO    ] [switch] [INIT] Initial state: CLOSED
2026-03-22 07:43:36 [INFO    ] [switch] [INIT] SWITCH STATUS MODE (REAL GPIO)
2026-03-22 07:43:36 [INFO    ] [switch] [INIT] Door monitor running (ACTIVE LOW)
2026-03-22 07:43:36 [INFO    ] [switch] [INIT] Door monitor thread started
2026-03-22 07:43:36 [INFO    ] [switch] [INIT] Initial state: CLOSED
2026-03-22 07:44:44 [INFO    ] [switch] [INIT] SWITCH STATUS MODE (REAL GPIO)
2026-03-22 07:44:44 [INFO    ] [switch] [INIT] Door monitor running (ACTIVE LOW)
2026-03-22 07:44:44 [INFO    ] [switch] [INIT] Door monitor thread started
2026-03-22 07:44:44 [INFO    ] [switch] [INIT] Initial state: CLOSED
2026-03-22 07:45:52 [INFO    ] [switch] [INIT] SWITCH STATUS MODE (REAL GPIO)
2026-03-22 07:45:52 [INFO    ] [switch] [INIT] Door monitor running (ACTIVE LOW)
2026-03-22 07:45:52 [INFO    ] [switch] [INIT] Initial state: CLOSED
2026-03-22 07:45:52 [INFO    ] [switch] [INIT] Door monitor thread started
2026-03-22 07:46:57 [INFO    ] [switch] [INIT] SWITCH STATUS MODE (REAL GPIO)
2026-03-22 07:46:57 [INFO    ] [switch] [INIT] Door monitor running (ACTIVE LOW)
2026-03-22 07:46:57 [INFO    ] [switch] [INIT] Door monitor thread started
2026-03-22 07:46:57 [INFO    ] [switch] [INIT] Initial state: CLOSED
2026-03-22 07:48:05 [INFO    ] [switch] [INIT] SWITCH STATUS MODE (REAL GPIO)
2026-03-22 07:48:05 [INFO    ] [switch] [INIT] Door monitor running (ACTIVE LOW)
2026-03-22 07:48:05 [INFO    ] [switch] [INIT] Initial state: CLOSED
2026-03-22 07:48:05 [INFO    ] [switch] [INIT] Door monitor thread started
2026-03-22 07:49:13 [INFO    ] [switch] [INIT] SWITCH STATUS MODE (REAL GPIO)
2026-03-22 07:49:13 [INFO    ] [switch] [INIT] Door monitor running (ACTIVE LOW)
2026-03-22 07:49:13 [INFO    ] [switch] [INIT] Door monitor thread started
2026-03-22 07:49:13 [INFO    ] [switch] [INIT] Initial state: CLOSED
2026-03-22 07:50:21 [INFO    ] [switch] [INIT] SWITCH STATUS MODE (REAL GPIO)
2026-03-22 07:50:21 [INFO    ] [switch] [INIT] Door monitor running (ACTIVE LOW)
2026-03-22 07:50:21 [INFO    ] [switch] [INIT] Door monitor thread started
2026-03-22 07:50:21 [INFO    ] [switch] [INIT] Initial state: CLOSED
2026-03-22 07:51:29 [INFO    ] [switch] [INIT] SWITCH STATUS MODE (REAL GPIO)
2026-03-22 07:51:29 [INFO    ] [switch] [INIT] Door monitor running (ACTIVE LOW)
2026-03-22 07:51:29 [INFO    ] [switch] [INIT] Door monitor thread started
2026-03-22 07:51:29 [INFO    ] [switch] [INIT] Initial state: CLOSED
2026-03-22 07:52:37 [INFO    ] [switch] [INIT] SWITCH STATUS MODE (REAL GPIO)
2026-03-22 07:52:37 [INFO    ] [switch] [INIT] Door monitor running (ACTIVE LOW)
2026-03-22 07:52:37 [INFO    ] [switch] [INIT] Door monitor thread started
2026-03-22 07:52:37 [INFO    ] [switch] [INIT] Initial state: CLOSED
2026-03-22 07:53:45 [INFO    ] [switch] [INIT] SWITCH STATUS MODE (REAL GPIO)
2026-03-22 07:53:45 [INFO    ] [switch] [INIT] Door monitor running (ACTIVE LOW)
2026-03-22 07:53:45 [INFO    ] [switch] [INIT] Door monitor thread started
2026-03-22 07:53:45 [INFO    ] [switch] [INIT] Initial state: CLOSED
2026-03-22 07:54:53 [INFO    ] [switch] [INIT] SWITCH STATUS MODE (REAL GPIO)
2026-03-22 07:54:53 [INFO    ] [switch] [INIT] Door monitor running (ACTIVE LOW)
2026-03-22 07:54:53 [INFO    ] [switch] [INIT] Door monitor thread started
2026-03-22 07:54:53 [INFO    ] [switch] [INIT] Initial state: CLOSED
2026-03-22 07:56:01 [INFO    ] [switch] [INIT] SWITCH STATUS MODE (REAL GPIO)
2026-03-22 07:56:01 [INFO    ] [switch] [INIT] Door monitor running (ACTIVE LOW)
2026-03-22 07:56:01 [INFO    ] [switch] [INIT] Door monitor thread started
2026-03-22 07:56:01 [INFO    ] [switch] [INIT] Initial state: CLOSED
2026-03-22 07:57:09 [INFO    ] [switch] [INIT] SWITCH STATUS MODE (REAL GPIO)
2026-03-22 07:57:09 [INFO    ] [switch] [INIT] Door monitor running (ACTIVE LOW)
2026-03-22 07:57:09 [INFO    ] [switch] [INIT] Door monitor thread started
2026-03-22 07:57:09 [INFO    ] [switch] [INIT] Initial state: CLOSED
2026-03-22 07:58:17 [INFO    ] [switch] [INIT] SWITCH STATUS MODE (REAL GPIO)
2026-03-22 07:58:17 [INFO    ] [switch] [INIT] Door monitor running (ACTIVE LOW)
2026-03-22 07:58:17 [INFO    ] [switch] [INIT] Door monitor thread started
2026-03-22 07:58:17 [INFO    ] [switch] [INIT] Initial state: CLOSED
2026-03-22 07:59:25 [INFO    ] [switch] [INIT] SWITCH STATUS MODE (REAL GPIO)
2026-03-22 07:59:25 [INFO    ] [switch] [INIT] Door monitor running (ACTIVE LOW)
2026-03-22 07:59:25 [INFO    ] [switch] [INIT] Door monitor thread started
2026-03-22 07:59:25 [INFO    ] [switch] [INIT] Initial state: CLOSED
2026-03-22 08:00:33 [INFO    ] [switch] [INIT] SWITCH STATUS MODE (REAL GPIO)
2026-03-22 08:00:33 [INFO    ] [switch] [INIT] Door monitor running (ACTIVE LOW)
2026-03-22 08:00:33 [INFO    ] [switch] [INIT] Initial state: CLOSED
2026-03-22 08:00:33 [INFO    ] [switch] [INIT] Door monitor thread started
2026-03-22 08:01:41 [INFO    ] [switch] [INIT] SWITCH STATUS MODE (REAL GPIO)
2026-03-22 08:01:41 [INFO    ] [switch] [INIT] Door monitor running (ACTIVE LOW)
2026-03-22 08:01:41 [INFO    ] [switch] [INIT] Initial state: CLOSED
2026-03-22 08:01:41 [INFO    ] [switch] [INIT] Door monitor thread started
2026-03-22 08:02:47 [INFO    ] [switch] [INIT] SWITCH STATUS MODE (REAL GPIO)
2026-03-22 08:02:47 [INFO    ] [switch] [INIT] Door monitor running (ACTIVE LOW)
2026-03-22 08:02:47 [INFO    ] [switch] [INIT] Door monitor thread started
2026-03-22 08:02:47 [INFO    ] [switch] [INIT] Initial state: CLOSED
2026-03-22 08:03:55 [INFO    ] [switch] [INIT] SWITCH STATUS MODE (REAL GPIO)
2026-03-22 08:03:55 [INFO    ] [switch] [INIT] Door monitor running (ACTIVE LOW)
2026-03-22 08:03:55 [INFO    ] [switch] [INIT] Door monitor thread started
2026-03-22 08:03:55 [INFO    ] [switch] [INIT] Initial state: CLOSED
2026-03-22 08:05:03 [INFO    ] [switch] [INIT] SWITCH STATUS MODE (REAL GPIO)
2026-03-22 08:05:03 [INFO    ] [switch] [INIT] Door monitor running (ACTIVE LOW)
2026-03-22 08:05:03 [INFO    ] [switch] [INIT] Door monitor thread started
2026-03-22 08:05:03 [INFO    ] [switch] [INIT] Initial state: CLOSED
2026-03-22 08:06:11 [INFO    ] [switch] [INIT] SWITCH STATUS MODE (REAL GPIO)
2026-03-22 08:06:11 [INFO    ] [switch] [INIT] Door monitor running (ACTIVE LOW)
2026-03-22 08:06:11 [INFO    ] [switch] [INIT] Initial state: CLOSED
2026-03-22 08:06:11 [INFO    ] [switch] [INIT] Door monitor thread started
2026-03-22 08:07:19 [INFO    ] [switch] [INIT] SWITCH STATUS MODE (REAL GPIO)
2026-03-22 08:07:19 [INFO    ] [switch] [INIT] Door monitor running (ACTIVE LOW)
2026-03-22 08:07:19 [INFO    ] [switch] [INIT] Door monitor thread started
2026-03-22 08:07:19 [INFO    ] [switch] [INIT] Initial state: CLOSED
2026-03-22 08:08:27 [INFO    ] [switch] [INIT] SWITCH STATUS MODE (REAL GPIO)
2026-03-22 08:08:27 [INFO    ] [switch] [INIT] Door monitor running (ACTIVE LOW)
2026-03-22 08:08:27 [INFO    ] [switch] [INIT] Door monitor thread started
2026-03-22 08:08:27 [INFO    ] [switch] [INIT] Initial state: CLOSED
2026-03-22 08:09:35 [INFO    ] [switch] [INIT] SWITCH STATUS MODE (REAL GPIO)
2026-03-22 08:09:35 [INFO    ] [switch] [INIT] Door monitor running (ACTIVE LOW)
2026-03-22 08:09:35 [INFO    ] [switch] [INIT] Initial state: CLOSED
2026-03-22 08:09:35 [INFO    ] [switch] [INIT] Door monitor thread started
2026-03-22 08:10:43 [INFO    ] [switch] [INIT] SWITCH STATUS MODE (REAL GPIO)
2026-03-22 08:10:43 [INFO    ] [switch] [INIT] Door monitor running (ACTIVE LOW)
2026-03-22 08:10:43 [INFO    ] [switch] [INIT] Initial state: CLOSED
2026-03-22 08:10:43 [INFO    ] [switch] [INIT] Door monitor thread started
2026-03-22 08:10:43 [INFO    ] [switch] [INIT] SWITCH STATUS MODE (REAL GPIO)
2026-03-22 08:10:43 [INFO    ] [switch] [INIT] Door monitor running (ACTIVE LOW)
2026-03-22 08:10:43 [INFO    ] [switch] [INIT] Initial state: CLOSED
2026-03-22 08:10:43 [INFO    ] [switch] [INIT] Door monitor thread started
2026-03-22 08:11:48 [INFO    ] [switch] [INIT] SWITCH STATUS MODE (REAL GPIO)
2026-03-22 08:11:48 [INFO    ] [switch] [INIT] Door monitor running (ACTIVE LOW)
2026-03-22 08:11:48 [INFO    ] [switch] [INIT] Door monitor thread started
2026-03-22 08:11:48 [INFO    ] [switch] [INIT] Initial state: CLOSED
2026-03-22 08:12:53 [INFO    ] [switch] [INIT] SWITCH STATUS MODE (REAL GPIO)
2026-03-22 08:12:53 [INFO    ] [switch] [INIT] Door monitor running (ACTIVE LOW)
2026-03-22 08:12:53 [INFO    ] [switch] [INIT] Door monitor thread started
2026-03-22 08:12:53 [INFO    ] [switch] [INIT] Initial state: CLOSED
2026-03-22 08:14:01 [INFO    ] [switch] [INIT] SWITCH STATUS MODE (REAL GPIO)
2026-03-22 08:14:01 [INFO    ] [switch] [INIT] Door monitor running (ACTIVE LOW)
2026-03-22 08:14:01 [INFO    ] [switch] [INIT] Initial state: CLOSED
2026-03-22 08:14:01 [INFO    ] [switch] [INIT] Door monitor thread started
2026-03-22 08:15:09 [INFO    ] [switch] [INIT] SWITCH STATUS MODE (REAL GPIO)
2026-03-22 08:15:09 [INFO    ] [switch] [INIT] Door monitor running (ACTIVE LOW)
2026-03-22 08:15:09 [INFO    ] [switch] [INIT] Door monitor thread started
2026-03-22 08:15:09 [INFO    ] [switch] [INIT] Initial state: CLOSED
2026-03-22 08:16:17 [INFO    ] [switch] [INIT] SWITCH STATUS MODE (REAL GPIO)
2026-03-22 08:16:17 [INFO    ] [switch] [INIT] Door monitor running (ACTIVE LOW)
2026-03-22 08:16:17 [INFO    ] [switch] [INIT] Door monitor thread started
2026-03-22 08:16:17 [INFO    ] [switch] [INIT] Initial state: CLOSED
2026-03-22 08:17:25 [INFO    ] [switch] [INIT] SWITCH STATUS MODE (REAL GPIO)
2026-03-22 08:17:25 [INFO    ] [switch] [INIT] Door monitor running (ACTIVE LOW)
2026-03-22 08:17:25 [INFO    ] [switch] [INIT] Door monitor thread started
2026-03-22 08:17:25 [INFO    ] [switch] [INIT] Initial state: CLOSED
2026-03-22 08:18:33 [INFO    ] [switch] [INIT] SWITCH STATUS MODE (REAL GPIO)
2026-03-22 08:18:33 [INFO    ] [switch] [INIT] Door monitor running (ACTIVE LOW)
2026-03-22 08:18:33 [INFO    ] [switch] [INIT] Door monitor thread started
2026-03-22 08:18:33 [INFO    ] [switch] [INIT] Initial state: CLOSED
2026-03-22 08:19:41 [INFO    ] [switch] [INIT] SWITCH STATUS MODE (REAL GPIO)
2026-03-22 08:19:41 [INFO    ] [switch] [INIT] Door monitor running (ACTIVE LOW)
2026-03-22 08:19:41 [INFO    ] [switch] [INIT] Door monitor thread started
2026-03-22 08:19:41 [INFO    ] [switch] [INIT] Initial state: CLOSED
2026-03-22 08:20:49 [INFO    ] [switch] [INIT] SWITCH STATUS MODE (REAL GPIO)
2026-03-22 08:20:49 [INFO    ] [switch] [INIT] Door monitor running (ACTIVE LOW)
2026-03-22 08:20:49 [INFO    ] [switch] [INIT] Door monitor thread started
2026-03-22 08:20:49 [INFO    ] [switch] [INIT] Initial state: CLOSED
2026-03-22 08:21:57 [INFO    ] [switch] [INIT] SWITCH STATUS MODE (REAL GPIO)
2026-03-22 08:21:57 [INFO    ] [switch] [INIT] Door monitor running (ACTIVE LOW)
2026-03-22 08:21:57 [INFO    ] [switch] [INIT] Door monitor thread started
2026-03-22 08:21:57 [INFO    ] [switch] [INIT] Initial state: CLOSED
2026-03-22 08:23:05 [INFO    ] [switch] [INIT] SWITCH STATUS MODE (REAL GPIO)
2026-03-22 08:23:05 [INFO    ] [switch] [INIT] Door monitor running (ACTIVE LOW)
2026-03-22 08:23:05 [INFO    ] [switch] [INIT] Door monitor thread started
2026-03-22 08:23:05 [INFO    ] [switch] [INIT] Initial state: CLOSED
2026-03-22 08:24:13 [INFO    ] [switch] [INIT] SWITCH STATUS MODE (REAL GPIO)
2026-03-22 08:24:13 [INFO    ] [switch] [INIT] Door monitor running (ACTIVE LOW)
2026-03-22 08:24:13 [INFO    ] [switch] [INIT] Initial state: CLOSED
2026-03-22 08:24:13 [INFO    ] [switch] [INIT] Door monitor thread started
2026-03-22 08:25:21 [INFO    ] [switch] [INIT] SWITCH STATUS MODE (REAL GPIO)
2026-03-22 08:25:21 [INFO    ] [switch] [INIT] Door monitor running (ACTIVE LOW)
2026-03-22 08:25:21 [INFO    ] [switch] [INIT] Door monitor thread started
2026-03-22 08:25:21 [INFO    ] [switch] [INIT] Initial state: CLOSED
2026-03-22 08:26:29 [INFO    ] [switch] [INIT] SWITCH STATUS MODE (REAL GPIO)
2026-03-22 08:26:29 [INFO    ] [switch] [INIT] Door monitor running (ACTIVE LOW)
2026-03-22 08:26:29 [INFO    ] [switch] [INIT] Door monitor thread started
2026-03-22 08:26:29 [INFO    ] [switch] [INIT] Initial state: CLOSED
2026-03-22 08:27:37 [INFO    ] [switch] [INIT] SWITCH STATUS MODE (REAL GPIO)
2026-03-22 08:27:37 [INFO    ] [switch] [INIT] Door monitor running (ACTIVE LOW)
2026-03-22 08:27:37 [INFO    ] [switch] [INIT] Initial state: CLOSED
2026-03-22 08:27:37 [INFO    ] [switch] [INIT] Door monitor thread started
2026-03-22 08:28:45 [INFO    ] [switch] [INIT] SWITCH STATUS MODE (REAL GPIO)
2026-03-22 08:28:45 [INFO    ] [switch] [INIT] Door monitor running (ACTIVE LOW)
2026-03-22 08:28:45 [INFO    ] [switch] [INIT] Door monitor thread started
2026-03-22 08:28:45 [INFO    ] [switch] [INIT] Initial state: CLOSED
2026-03-22 08:29:53 [INFO    ] [switch] [INIT] SWITCH STATUS MODE (REAL GPIO)
2026-03-22 08:29:53 [INFO    ] [switch] [INIT] Door monitor running (ACTIVE LOW)
2026-03-22 08:29:53 [INFO    ] [switch] [INIT] Door monitor thread started
2026-03-22 08:29:53 [INFO    ] [switch] [INIT] Initial state: CLOSED
2026-03-22 08:31:01 [INFO    ] [switch] [INIT] SWITCH STATUS MODE (REAL GPIO)
2026-03-22 08:31:01 [INFO    ] [switch] [INIT] Door monitor running (ACTIVE LOW)
2026-03-22 08:31:01 [INFO    ] [switch] [INIT] Door monitor thread started
2026-03-22 08:31:01 [INFO    ] [switch] [INIT] Initial state: CLOSED
2026-03-22 08:32:09 [INFO    ] [switch] [INIT] SWITCH STATUS MODE (REAL GPIO)
2026-03-22 08:32:09 [INFO    ] [switch] [INIT] Door monitor running (ACTIVE LOW)
2026-03-22 08:32:09 [INFO    ] [switch] [INIT] Door monitor thread started
2026-03-22 08:32:09 [INFO    ] [switch] [INIT] Initial state: CLOSED
2026-03-22 08:33:17 [INFO    ] [switch] [INIT] SWITCH STATUS MODE (REAL GPIO)
2026-03-22 08:33:17 [INFO    ] [switch] [INIT] Door monitor running (ACTIVE LOW)
2026-03-22 08:33:17 [INFO    ] [switch] [INIT] Door monitor thread started
2026-03-22 08:33:17 [INFO    ] [switch] [INIT] Initial state: CLOSED
2026-03-22 08:34:25 [INFO    ] [switch] [INIT] SWITCH STATUS MODE (REAL GPIO)
2026-03-22 08:34:25 [INFO    ] [switch] [INIT] Door monitor running (ACTIVE LOW)
2026-03-22 08:34:25 [INFO    ] [switch] [INIT] Initial state: CLOSED
2026-03-22 08:34:25 [INFO    ] [switch] [INIT] Door monitor thread started
2026-03-22 08:35:33 [INFO    ] [switch] [INIT] SWITCH STATUS MODE (REAL GPIO)
2026-03-22 08:35:33 [INFO    ] [switch] [INIT] Door monitor running (ACTIVE LOW)
2026-03-22 08:35:33 [INFO    ] [switch] [INIT] Door monitor thread started
2026-03-22 08:35:33 [INFO    ] [switch] [INIT] Initial state: CLOSED
2026-03-22 08:36:41 [INFO    ] [switch] [INIT] SWITCH STATUS MODE (REAL GPIO)
2026-03-22 08:36:41 [INFO    ] [switch] [INIT] Door monitor running (ACTIVE LOW)
2026-03-22 08:36:41 [INFO    ] [switch] [INIT] Initial state: CLOSED
2026-03-22 08:36:41 [INFO    ] [switch] [INIT] Door monitor thread started
2026-03-22 08:37:49 [INFO    ] [switch] [INIT] SWITCH STATUS MODE (REAL GPIO)
2026-03-22 08:37:49 [INFO    ] [switch] [INIT] Door monitor running (ACTIVE LOW)
2026-03-22 08:37:49 [INFO    ] [switch] [INIT] Door monitor thread started
2026-03-22 08:37:49 [INFO    ] [switch] [INIT] Initial state: CLOSED
2026-03-22 08:38:57 [INFO    ] [switch] [INIT] SWITCH STATUS MODE (REAL GPIO)
2026-03-22 08:38:57 [INFO    ] [switch] [INIT] Door monitor running (ACTIVE LOW)
2026-03-22 08:38:57 [INFO    ] [switch] [INIT] Door monitor thread started
2026-03-22 08:38:57 [INFO    ] [switch] [INIT] Initial state: CLOSED
2026-03-22 08:40:05 [INFO    ] [switch] [INIT] SWITCH STATUS MODE (REAL GPIO)
2026-03-22 08:40:05 [INFO    ] [switch] [INIT] Door monitor running (ACTIVE LOW)
2026-03-22 08:40:05 [INFO    ] [switch] [INIT] Initial state: CLOSED
2026-03-22 08:40:05 [INFO    ] [switch] [INIT] Door monitor thread started
2026-03-22 08:41:13 [INFO    ] [switch] [INIT] SWITCH STATUS MODE (REAL GPIO)
2026-03-22 08:41:13 [INFO    ] [switch] [INIT] Door monitor running (ACTIVE LOW)
2026-03-22 08:41:13 [INFO    ] [switch] [INIT] Door monitor thread started
2026-03-22 08:41:13 [INFO    ] [switch] [INIT] Initial state: CLOSED
2026-03-22 08:42:21 [INFO    ] [switch] [INIT] SWITCH STATUS MODE (REAL GPIO)
2026-03-22 08:42:21 [INFO    ] [switch] [INIT] Door monitor running (ACTIVE LOW)
2026-03-22 08:42:21 [INFO    ] [switch] [INIT] Door monitor thread started
2026-03-22 08:42:21 [INFO    ] [switch] [INIT] Initial state: CLOSED
2026-03-22 08:43:29 [INFO    ] [switch] [INIT] SWITCH STATUS MODE (REAL GPIO)
2026-03-22 08:43:29 [INFO    ] [switch] [INIT] Door monitor running (ACTIVE LOW)
2026-03-22 08:43:29 [INFO    ] [switch] [INIT] Door monitor thread started
2026-03-22 08:43:29 [INFO    ] [switch] [INIT] Initial state: CLOSED
2026-03-22 08:44:37 [INFO    ] [switch] [INIT] SWITCH STATUS MODE (REAL GPIO)
2026-03-22 08:44:37 [INFO    ] [switch] [INIT] Door monitor running (ACTIVE LOW)
2026-03-22 08:44:37 [INFO    ] [switch] [INIT] Initial state: CLOSED
2026-03-22 08:44:37 [INFO    ] [switch] [INIT] Door monitor thread started
2026-03-22 08:45:45 [INFO    ] [switch] [INIT] SWITCH STATUS MODE (REAL GPIO)
2026-03-22 08:45:45 [INFO    ] [switch] [INIT] Door monitor running (ACTIVE LOW)
2026-03-22 08:45:45 [INFO    ] [switch] [INIT] Initial state: CLOSED
2026-03-22 08:45:45 [INFO    ] [switch] [INIT] Door monitor thread started
2026-03-22 08:46:53 [INFO    ] [switch] [INIT] SWITCH STATUS MODE (REAL GPIO)
2026-03-22 08:46:53 [INFO    ] [switch] [INIT] Door monitor running (ACTIVE LOW)
2026-03-22 08:46:53 [INFO    ] [switch] [INIT] Door monitor thread started
2026-03-22 08:46:53 [INFO    ] [switch] [INIT] Initial state: CLOSED
2026-03-22 08:48:01 [INFO    ] [switch] [INIT] SWITCH STATUS MODE (REAL GPIO)
2026-03-22 08:48:01 [INFO    ] [switch] [INIT] Door monitor running (ACTIVE LOW)
2026-03-22 08:48:01 [INFO    ] [switch] [INIT] Initial state: CLOSED
2026-03-22 08:48:01 [INFO    ] [switch] [INIT] Door monitor thread started
2026-03-22 08:49:09 [INFO    ] [switch] [INIT] SWITCH STATUS MODE (REAL GPIO)
2026-03-22 08:49:09 [INFO    ] [switch] [INIT] Door monitor running (ACTIVE LOW)
2026-03-22 08:49:09 [INFO    ] [switch] [INIT] Door monitor thread started
2026-03-22 08:49:09 [INFO    ] [switch] [INIT] Initial state: CLOSED
2026-03-22 08:50:17 [INFO    ] [switch] [INIT] SWITCH STATUS MODE (REAL GPIO)
2026-03-22 08:50:17 [INFO    ] [switch] [INIT] Door monitor running (ACTIVE LOW)
2026-03-22 08:50:17 [INFO    ] [switch] [INIT] Door monitor thread started
2026-03-22 08:50:17 [INFO    ] [switch] [INIT] Initial state: CLOSED
2026-03-22 08:51:25 [INFO    ] [switch] [INIT] SWITCH STATUS MODE (REAL GPIO)
2026-03-22 08:51:25 [INFO    ] [switch] [INIT] Door monitor running (ACTIVE LOW)
2026-03-22 08:51:25 [INFO    ] [switch] [INIT] Door monitor thread started
2026-03-22 08:51:25 [INFO    ] [switch] [INIT] Initial state: CLOSED
2026-03-22 08:52:33 [INFO    ] [switch] [INIT] SWITCH STATUS MODE (REAL GPIO)
2026-03-22 08:52:33 [INFO    ] [switch] [INIT] Door monitor running (ACTIVE LOW)
2026-03-22 08:52:33 [INFO    ] [switch] [INIT] Door monitor thread started
2026-03-22 08:52:33 [INFO    ] [switch] [INIT] Initial state: CLOSED
2026-03-22 08:53:40 [INFO    ] [switch] [INIT] SWITCH STATUS MODE (REAL GPIO)
2026-03-22 08:53:41 [INFO    ] [switch] [INIT] Door monitor running (ACTIVE LOW)
2026-03-22 08:53:41 [INFO    ] [switch] [INIT] Initial state: CLOSED
2026-03-22 08:53:41 [INFO    ] [switch] [INIT] Door monitor thread started
2026-03-22 08:54:48 [INFO    ] [switch] [INIT] SWITCH STATUS MODE (REAL GPIO)
2026-03-22 08:54:48 [INFO    ] [switch] [INIT] Door monitor running (ACTIVE LOW)
2026-03-22 08:54:48 [INFO    ] [switch] [INIT] Door monitor thread started
2026-03-22 08:54:48 [INFO    ] [switch] [INIT] Initial state: CLOSED
2026-03-22 08:55:57 [INFO    ] [switch] [INIT] SWITCH STATUS MODE (REAL GPIO)
2026-03-22 08:55:57 [INFO    ] [switch] [INIT] Door monitor running (ACTIVE LOW)
2026-03-22 08:55:57 [INFO    ] [switch] [INIT] Initial state: CLOSED
2026-03-22 08:55:57 [INFO    ] [switch] [INIT] Door monitor thread started
2026-03-22 08:57:05 [INFO    ] [switch] [INIT] SWITCH STATUS MODE (REAL GPIO)
2026-03-22 08:57:05 [INFO    ] [switch] [INIT] Door monitor running (ACTIVE LOW)
2026-03-22 08:57:05 [INFO    ] [switch] [INIT] Door monitor thread started
2026-03-22 08:57:05 [INFO    ] [switch] [INIT] Initial state: CLOSED
2026-03-22 08:58:13 [INFO    ] [switch] [INIT] SWITCH STATUS MODE (REAL GPIO)
2026-03-22 08:58:13 [INFO    ] [switch] [INIT] Door monitor running (ACTIVE LOW)
2026-03-22 08:58:13 [INFO    ] [switch] [INIT] Door monitor thread started
2026-03-22 08:58:13 [INFO    ] [switch] [INIT] Initial state: CLOSED
2026-03-22 08:59:21 [INFO    ] [switch] [INIT] SWITCH STATUS MODE (REAL GPIO)
2026-03-22 08:59:21 [INFO    ] [switch] [INIT] Door monitor running (ACTIVE LOW)
2026-03-22 08:59:21 [INFO    ] [switch] [INIT] Door monitor thread started
2026-03-22 08:59:21 [INFO    ] [switch] [INIT] Initial state: CLOSED
2026-03-22 09:00:29 [INFO    ] [switch] [INIT] SWITCH STATUS MODE (REAL GPIO)
2026-03-22 09:00:29 [INFO    ] [switch] [INIT] Door monitor running (ACTIVE LOW)
2026-03-22 09:00:29 [INFO    ] [switch] [INIT] Door monitor thread started
2026-03-22 09:00:29 [INFO    ] [switch] [INIT] Initial state: CLOSED
2026-03-22 09:01:37 [INFO    ] [switch] [INIT] SWITCH STATUS MODE (REAL GPIO)
2026-03-22 09:01:37 [INFO    ] [switch] [INIT] Door monitor running (ACTIVE LOW)
2026-03-22 09:01:37 [INFO    ] [switch] [INIT] Initial state: CLOSED
2026-03-22 09:01:37 [INFO    ] [switch] [INIT] Door monitor thread started
2026-03-22 09:02:45 [INFO    ] [switch] [INIT] SWITCH STATUS MODE (REAL GPIO)
2026-03-22 09:02:45 [INFO    ] [switch] [INIT] Door monitor running (ACTIVE LOW)
2026-03-22 09:02:45 [INFO    ] [switch] [INIT] Initial state: CLOSED
2026-03-22 09:02:45 [INFO    ] [switch] [INIT] Door monitor thread started
2026-03-22 09:03:53 [INFO    ] [switch] [INIT] SWITCH STATUS MODE (REAL GPIO)
2026-03-22 09:03:53 [INFO    ] [switch] [INIT] Door monitor running (ACTIVE LOW)
2026-03-22 09:03:53 [INFO    ] [switch] [INIT] Door monitor thread started
2026-03-22 09:03:53 [INFO    ] [switch] [INIT] Initial state: CLOSED
2026-03-22 09:05:01 [INFO    ] [switch] [INIT] SWITCH STATUS MODE (REAL GPIO)
2026-03-22 09:05:01 [INFO    ] [switch] [INIT] Door monitor running (ACTIVE LOW)
2026-03-22 09:05:01 [INFO    ] [switch] [INIT] Door monitor thread started
2026-03-22 09:05:01 [INFO    ] [switch] [INIT] Initial state: CLOSED
2026-03-22 09:06:09 [INFO    ] [switch] [INIT] SWITCH STATUS MODE (REAL GPIO)
2026-03-22 09:06:09 [INFO    ] [switch] [INIT] Door monitor running (ACTIVE LOW)
2026-03-22 09:06:09 [INFO    ] [switch] [INIT] Door monitor thread started
2026-03-22 09:06:09 [INFO    ] [switch] [INIT] Initial state: CLOSED
2026-03-22 09:07:17 [INFO    ] [switch] [INIT] SWITCH STATUS MODE (REAL GPIO)
2026-03-22 09:07:17 [INFO    ] [switch] [INIT] Door monitor running (ACTIVE LOW)
2026-03-22 09:07:17 [INFO    ] [switch] [INIT] Door monitor thread started
2026-03-22 09:07:17 [INFO    ] [switch] [INIT] Initial state: CLOSED
2026-03-22 09:08:25 [INFO    ] [switch] [INIT] SWITCH STATUS MODE (REAL GPIO)
2026-03-22 09:08:25 [INFO    ] [switch] [INIT] Door monitor running (ACTIVE LOW)
2026-03-22 09:08:25 [INFO    ] [switch] [INIT] Door monitor thread started
2026-03-22 09:08:25 [INFO    ] [switch] [INIT] Initial state: CLOSED
2026-03-22 09:09:32 [INFO    ] [switch] [INIT] SWITCH STATUS MODE (REAL GPIO)
2026-03-22 09:09:33 [INFO    ] [switch] [INIT] Door monitor running (ACTIVE LOW)
2026-03-22 09:09:33 [INFO    ] [switch] [INIT] Door monitor thread started
2026-03-22 09:09:33 [INFO    ] [switch] [INIT] Initial state: CLOSED
2026-03-22 09:10:41 [INFO    ] [switch] [INIT] SWITCH STATUS MODE (REAL GPIO)
2026-03-22 09:10:41 [INFO    ] [switch] [INIT] Door monitor running (ACTIVE LOW)
2026-03-22 09:10:41 [INFO    ] [switch] [INIT] Door monitor thread started
2026-03-22 09:10:41 [INFO    ] [switch] [INIT] Initial state: CLOSED
2026-03-22 09:11:49 [INFO    ] [switch] [INIT] SWITCH STATUS MODE (REAL GPIO)
2026-03-22 09:11:49 [INFO    ] [switch] [INIT] Door monitor running (ACTIVE LOW)
2026-03-22 09:11:49 [INFO    ] [switch] [INIT] Initial state: CLOSED
2026-03-22 09:11:49 [INFO    ] [switch] [INIT] Door monitor thread started
2026-03-22 09:12:57 [INFO    ] [switch] [INIT] SWITCH STATUS MODE (REAL GPIO)
2026-03-22 09:12:57 [INFO    ] [switch] [INIT] Door monitor running (ACTIVE LOW)
2026-03-22 09:12:57 [INFO    ] [switch] [INIT] Initial state: CLOSED
2026-03-22 09:12:57 [INFO    ] [switch] [INIT] Door monitor thread started
2026-03-22 09:14:05 [INFO    ] [switch] [INIT] SWITCH STATUS MODE (REAL GPIO)
2026-03-22 09:14:05 [INFO    ] [switch] [INIT] Door monitor running (ACTIVE LOW)
2026-03-22 09:14:05 [INFO    ] [switch] [INIT] Door monitor thread started
2026-03-22 09:14:05 [INFO    ] [switch] [INIT] Initial state: CLOSED
2026-03-22 09:15:13 [INFO    ] [switch] [INIT] SWITCH STATUS MODE (REAL GPIO)
2026-03-22 09:15:13 [INFO    ] [switch] [INIT] Door monitor running (ACTIVE LOW)
2026-03-22 09:15:13 [INFO    ] [switch] [INIT] Door monitor thread started
2026-03-22 09:15:13 [INFO    ] [switch] [INIT] Initial state: CLOSED
2026-03-22 09:16:21 [INFO    ] [switch] [INIT] SWITCH STATUS MODE (REAL GPIO)
2026-03-22 09:16:21 [INFO    ] [switch] [INIT] Door monitor running (ACTIVE LOW)
2026-03-22 09:16:21 [INFO    ] [switch] [INIT] Initial state: CLOSED
2026-03-22 09:16:21 [INFO    ] [switch] [INIT] Door monitor thread started
2026-03-22 09:17:29 [INFO    ] [switch] [INIT] SWITCH STATUS MODE (REAL GPIO)
2026-03-22 09:17:29 [INFO    ] [switch] [INIT] Door monitor running (ACTIVE LOW)
2026-03-22 09:17:29 [INFO    ] [switch] [INIT] Door monitor thread started
2026-03-22 09:17:29 [INFO    ] [switch] [INIT] Initial state: CLOSED
2026-03-22 09:18:37 [INFO    ] [switch] [INIT] SWITCH STATUS MODE (REAL GPIO)
2026-03-22 09:18:37 [INFO    ] [switch] [INIT] Door monitor running (ACTIVE LOW)
2026-03-22 09:18:37 [INFO    ] [switch] [INIT] Door monitor thread started
2026-03-22 09:18:37 [INFO    ] [switch] [INIT] Initial state: CLOSED
2026-03-22 09:19:45 [INFO    ] [switch] [INIT] SWITCH STATUS MODE (REAL GPIO)
2026-03-22 09:19:45 [INFO    ] [switch] [INIT] Door monitor running (ACTIVE LOW)
2026-03-22 09:19:45 [INFO    ] [switch] [INIT] Door monitor thread started
2026-03-22 09:19:45 [INFO    ] [switch] [INIT] Initial state: CLOSED
2026-03-22 09:20:53 [INFO    ] [switch] [INIT] SWITCH STATUS MODE (REAL GPIO)
2026-03-22 09:20:53 [INFO    ] [switch] [INIT] Door monitor running (ACTIVE LOW)
2026-03-22 09:20:53 [INFO    ] [switch] [INIT] Door monitor thread started
2026-03-22 09:20:53 [INFO    ] [switch] [INIT] Initial state: CLOSED
2026-03-22 09:22:01 [INFO    ] [switch] [INIT] SWITCH STATUS MODE (REAL GPIO)
2026-03-22 09:22:01 [INFO    ] [switch] [INIT] Door monitor running (ACTIVE LOW)
2026-03-22 09:22:01 [INFO    ] [switch] [INIT] Door monitor thread started
2026-03-22 09:22:01 [INFO    ] [switch] [INIT] Initial state: CLOSED
2026-03-22 09:23:08 [INFO    ] [switch] [INIT] SWITCH STATUS MODE (REAL GPIO)
2026-03-22 09:23:08 [INFO    ] [switch] [INIT] Door monitor running (ACTIVE LOW)
2026-03-22 09:23:08 [INFO    ] [switch] [INIT] Door monitor thread started
2026-03-22 09:23:08 [INFO    ] [switch] [INIT] Initial state: CLOSED
2026-03-22 09:24:16 [INFO    ] [switch] [INIT] SWITCH STATUS MODE (REAL GPIO)
2026-03-22 09:24:16 [INFO    ] [switch] [INIT] Door monitor running (ACTIVE LOW)
2026-03-22 09:24:16 [INFO    ] [switch] [INIT] Initial state: CLOSED
2026-03-22 09:24:16 [INFO    ] [switch] [INIT] Door monitor thread started
2026-03-22 09:25:24 [INFO    ] [switch] [INIT] SWITCH STATUS MODE (REAL GPIO)
2026-03-22 09:25:24 [INFO    ] [switch] [INIT] Door monitor running (ACTIVE LOW)
2026-03-22 09:25:24 [INFO    ] [switch] [INIT] Initial state: CLOSED
2026-03-22 09:25:24 [INFO    ] [switch] [INIT] Door monitor thread started
2026-03-22 09:26:33 [INFO    ] [switch] [INIT] SWITCH STATUS MODE (REAL GPIO)
2026-03-22 09:26:33 [INFO    ] [switch] [INIT] Door monitor running (ACTIVE LOW)
2026-03-22 09:26:33 [INFO    ] [switch] [INIT] Door monitor thread started
2026-03-22 09:26:33 [INFO    ] [switch] [INIT] Initial state: CLOSED
2026-03-22 09:27:40 [INFO    ] [switch] [INIT] SWITCH STATUS MODE (REAL GPIO)
2026-03-22 09:27:41 [INFO    ] [switch] [INIT] Door monitor running (ACTIVE LOW)
2026-03-22 09:27:41 [INFO    ] [switch] [INIT] Door monitor thread started
2026-03-22 09:27:41 [INFO    ] [switch] [INIT] Initial state: CLOSED
2026-03-22 09:28:48 [INFO    ] [switch] [INIT] SWITCH STATUS MODE (REAL GPIO)
2026-03-22 09:28:48 [INFO    ] [switch] [INIT] Door monitor running (ACTIVE LOW)
2026-03-22 09:28:48 [INFO    ] [switch] [INIT] Door monitor thread started
2026-03-22 09:28:48 [INFO    ] [switch] [INIT] Initial state: CLOSED
2026-03-22 09:29:53 [INFO    ] [switch] [INIT] SWITCH STATUS MODE (REAL GPIO)
2026-03-22 09:29:53 [INFO    ] [switch] [INIT] Door monitor running (ACTIVE LOW)
2026-03-22 09:29:53 [INFO    ] [switch] [INIT] Initial state: CLOSED
2026-03-22 09:29:53 [INFO    ] [switch] [INIT] Door monitor thread started
2026-03-22 09:29:53 [INFO    ] [switch] [INIT] SWITCH STATUS MODE (REAL GPIO)
2026-03-22 09:29:53 [INFO    ] [switch] [INIT] Door monitor running (ACTIVE LOW)
2026-03-22 09:29:53 [INFO    ] [switch] [INIT] Door monitor thread started
2026-03-22 09:29:53 [INFO    ] [switch] [INIT] Initial state: CLOSED
2026-03-22 09:30:58 [INFO    ] [switch] [INIT] SWITCH STATUS MODE (REAL GPIO)
2026-03-22 09:30:58 [INFO    ] [switch] [INIT] Door monitor running (ACTIVE LOW)
2026-03-22 09:30:58 [INFO    ] [switch] [INIT] Initial state: CLOSED
2026-03-22 09:30:58 [INFO    ] [switch] [INIT] Door monitor thread started
2026-03-22 09:32:06 [INFO    ] [switch] [INIT] SWITCH STATUS MODE (REAL GPIO)
2026-03-22 09:32:06 [INFO    ] [switch] [INIT] Door monitor running (ACTIVE LOW)
2026-03-22 09:32:06 [INFO    ] [switch] [INIT] Door monitor thread started
2026-03-22 09:32:06 [INFO    ] [switch] [INIT] Initial state: CLOSED
2026-03-22 09:33:14 [INFO    ] [switch] [INIT] SWITCH STATUS MODE (REAL GPIO)
2026-03-22 09:33:14 [INFO    ] [switch] [INIT] Door monitor running (ACTIVE LOW)
2026-03-22 09:33:14 [INFO    ] [switch] [INIT] Door monitor thread started
2026-03-22 09:33:14 [INFO    ] [switch] [INIT] Initial state: CLOSED
2026-03-22 09:34:22 [INFO    ] [switch] [INIT] SWITCH STATUS MODE (REAL GPIO)
2026-03-22 09:34:22 [INFO    ] [switch] [INIT] Door monitor running (ACTIVE LOW)
2026-03-22 09:34:22 [INFO    ] [switch] [INIT] Door monitor thread started
2026-03-22 09:34:22 [INFO    ] [switch] [INIT] Initial state: CLOSED
2026-03-22 09:35:30 [INFO    ] [switch] [INIT] SWITCH STATUS MODE (REAL GPIO)
2026-03-22 09:35:30 [INFO    ] [switch] [INIT] Door monitor running (ACTIVE LOW)
2026-03-22 09:35:30 [INFO    ] [switch] [INIT] Door monitor thread started
2026-03-22 09:35:30 [INFO    ] [switch] [INIT] Initial state: CLOSED
2026-03-22 09:36:38 [INFO    ] [switch] [INIT] SWITCH STATUS MODE (REAL GPIO)
2026-03-22 09:36:38 [INFO    ] [switch] [INIT] Door monitor running (ACTIVE LOW)
2026-03-22 09:36:38 [INFO    ] [switch] [INIT] Door monitor thread started
2026-03-22 09:36:38 [INFO    ] [switch] [INIT] Initial state: CLOSED
2026-03-22 09:37:47 [INFO    ] [switch] [INIT] SWITCH STATUS MODE (REAL GPIO)
2026-03-22 09:37:47 [INFO    ] [switch] [INIT] Door monitor running (ACTIVE LOW)
2026-03-22 09:37:47 [INFO    ] [switch] [INIT] Door monitor thread started
2026-03-22 09:37:47 [INFO    ] [switch] [INIT] Initial state: CLOSED
2026-03-22 09:38:55 [INFO    ] [switch] [INIT] SWITCH STATUS MODE (REAL GPIO)
2026-03-22 09:38:55 [INFO    ] [switch] [INIT] Door monitor running (ACTIVE LOW)
2026-03-22 09:38:55 [INFO    ] [switch] [INIT] Door monitor thread started
2026-03-22 09:38:55 [INFO    ] [switch] [INIT] Initial state: CLOSED
2026-03-22 09:40:03 [INFO    ] [switch] [INIT] SWITCH STATUS MODE (REAL GPIO)
2026-03-22 09:40:03 [INFO    ] [switch] [INIT] Door monitor running (ACTIVE LOW)
2026-03-22 09:40:03 [INFO    ] [switch] [INIT] Door monitor thread started
2026-03-22 09:40:03 [INFO    ] [switch] [INIT] Initial state: CLOSED
2026-03-22 09:41:11 [INFO    ] [switch] [INIT] SWITCH STATUS MODE (REAL GPIO)
2026-03-22 09:41:11 [INFO    ] [switch] [INIT] Door monitor running (ACTIVE LOW)
2026-03-22 09:41:11 [INFO    ] [switch] [INIT] Door monitor thread started
2026-03-22 09:41:11 [INFO    ] [switch] [INIT] Initial state: CLOSED
2026-03-22 09:42:19 [INFO    ] [switch] [INIT] SWITCH STATUS MODE (REAL GPIO)
2026-03-22 09:42:19 [INFO    ] [switch] [INIT] Door monitor running (ACTIVE LOW)
2026-03-22 09:42:19 [INFO    ] [switch] [INIT] Door monitor thread started
2026-03-22 09:42:19 [INFO    ] [switch] [INIT] Initial state: CLOSED
2026-03-22 09:43:27 [INFO    ] [switch] [INIT] SWITCH STATUS MODE (REAL GPIO)
2026-03-22 09:43:27 [INFO    ] [switch] [INIT] Door monitor running (ACTIVE LOW)
2026-03-22 09:43:27 [INFO    ] [switch] [INIT] Door monitor thread started
2026-03-22 09:43:27 [INFO    ] [switch] [INIT] Initial state: CLOSED
2026-03-22 09:44:35 [INFO    ] [switch] [INIT] SWITCH STATUS MODE (REAL GPIO)
2026-03-22 09:44:35 [INFO    ] [switch] [INIT] Door monitor running (ACTIVE LOW)
2026-03-22 09:44:35 [INFO    ] [switch] [INIT] Door monitor thread started
2026-03-22 09:44:35 [INFO    ] [switch] [INIT] Initial state: CLOSED
2026-03-22 09:45:43 [INFO    ] [switch] [INIT] SWITCH STATUS MODE (REAL GPIO)
2026-03-22 09:45:43 [INFO    ] [switch] [INIT] Door monitor running (ACTIVE LOW)
2026-03-22 09:45:43 [INFO    ] [switch] [INIT] Initial state: CLOSED
2026-03-22 09:45:43 [INFO    ] [switch] [INIT] Door monitor thread started
2026-03-22 09:46:51 [INFO    ] [switch] [INIT] SWITCH STATUS MODE (REAL GPIO)
2026-03-22 09:46:51 [INFO    ] [switch] [INIT] Door monitor running (ACTIVE LOW)
2026-03-22 09:46:51 [INFO    ] [switch] [INIT] Initial state: CLOSED
2026-03-22 09:46:51 [INFO    ] [switch] [INIT] Door monitor thread started
2026-03-22 09:47:59 [INFO    ] [switch] [INIT] SWITCH STATUS MODE (REAL GPIO)
2026-03-22 09:47:59 [INFO    ] [switch] [INIT] Door monitor running (ACTIVE LOW)
2026-03-22 09:47:59 [INFO    ] [switch] [INIT] Initial state: CLOSED
2026-03-22 09:47:59 [INFO    ] [switch] [INIT] Door monitor thread started
2026-03-22 09:49:07 [INFO    ] [switch] [INIT] SWITCH STATUS MODE (REAL GPIO)
2026-03-22 09:49:07 [INFO    ] [switch] [INIT] Door monitor running (ACTIVE LOW)
2026-03-22 09:49:07 [INFO    ] [switch] [INIT] Door monitor thread started
2026-03-22 09:49:07 [INFO    ] [switch] [INIT] Initial state: CLOSED
2026-03-22 09:50:15 [INFO    ] [switch] [INIT] SWITCH STATUS MODE (REAL GPIO)
2026-03-22 09:50:15 [INFO    ] [switch] [INIT] Door monitor running (ACTIVE LOW)
2026-03-22 09:50:15 [INFO    ] [switch] [INIT] Initial state: CLOSED
2026-03-22 09:50:15 [INFO    ] [switch] [INIT] Door monitor thread started
2026-03-22 09:51:23 [INFO    ] [switch] [INIT] SWITCH STATUS MODE (REAL GPIO)
2026-03-22 09:51:23 [INFO    ] [switch] [INIT] Door monitor running (ACTIVE LOW)
2026-03-22 09:51:23 [INFO    ] [switch] [INIT] Door monitor thread started
2026-03-22 09:51:23 [INFO    ] [switch] [INIT] Initial state: CLOSED
2026-03-22 09:52:31 [INFO    ] [switch] [INIT] SWITCH STATUS MODE (REAL GPIO)
2026-03-22 09:52:31 [INFO    ] [switch] [INIT] Door monitor running (ACTIVE LOW)
2026-03-22 09:52:31 [INFO    ] [switch] [INIT] Door monitor thread started
2026-03-22 09:52:31 [INFO    ] [switch] [INIT] Initial state: CLOSED
2026-03-22 09:53:39 [INFO    ] [switch] [INIT] SWITCH STATUS MODE (REAL GPIO)
2026-03-22 09:53:39 [INFO    ] [switch] [INIT] Door monitor running (ACTIVE LOW)
2026-03-22 09:53:39 [INFO    ] [switch] [INIT] Door monitor thread started
2026-03-22 09:53:39 [INFO    ] [switch] [INIT] Initial state: CLOSED
2026-03-22 09:54:47 [INFO    ] [switch] [INIT] SWITCH STATUS MODE (REAL GPIO)
2026-03-22 09:54:47 [INFO    ] [switch] [INIT] Door monitor running (ACTIVE LOW)
2026-03-22 09:54:47 [INFO    ] [switch] [INIT] Door monitor thread started
2026-03-22 09:54:47 [INFO    ] [switch] [INIT] Initial state: CLOSED
2026-03-22 09:55:55 [INFO    ] [switch] [INIT] SWITCH STATUS MODE (REAL GPIO)
2026-03-22 09:55:55 [INFO    ] [switch] [INIT] Door monitor running (ACTIVE LOW)
2026-03-22 09:55:55 [INFO    ] [switch] [INIT] Door monitor thread started
2026-03-22 09:55:55 [INFO    ] [switch] [INIT] Initial state: CLOSED
2026-03-22 09:57:03 [INFO    ] [switch] [INIT] SWITCH STATUS MODE (REAL GPIO)
2026-03-22 09:57:03 [INFO    ] [switch] [INIT] Door monitor running (ACTIVE LOW)
2026-03-22 09:57:03 [INFO    ] [switch] [INIT] Initial state: CLOSED
2026-03-22 09:57:03 [INFO    ] [switch] [INIT] Door monitor thread started
2026-03-22 09:58:11 [INFO    ] [switch] [INIT] SWITCH STATUS MODE (REAL GPIO)
2026-03-22 09:58:11 [INFO    ] [switch] [INIT] Door monitor running (ACTIVE LOW)
2026-03-22 09:58:11 [INFO    ] [switch] [INIT] Initial state: CLOSED
2026-03-22 09:58:11 [INFO    ] [switch] [INIT] Door monitor thread started
2026-03-22 09:59:19 [INFO    ] [switch] [INIT] SWITCH STATUS MODE (REAL GPIO)
2026-03-22 09:59:19 [INFO    ] [switch] [INIT] Door monitor running (ACTIVE LOW)
2026-03-22 09:59:19 [INFO    ] [switch] [INIT] Initial state: CLOSED
2026-03-22 09:59:19 [INFO    ] [switch] [INIT] Door monitor thread started
2026-03-22 10:00:27 [INFO    ] [switch] [INIT] SWITCH STATUS MODE (REAL GPIO)
2026-03-22 10:00:27 [INFO    ] [switch] [INIT] Door monitor running (ACTIVE LOW)
2026-03-22 10:00:27 [INFO    ] [switch] [INIT] Door monitor thread started
2026-03-22 10:00:27 [INFO    ] [switch] [INIT] Initial state: CLOSED
2026-03-22 10:01:35 [INFO    ] [switch] [INIT] SWITCH STATUS MODE (REAL GPIO)
2026-03-22 10:01:35 [INFO    ] [switch] [INIT] Door monitor running (ACTIVE LOW)
2026-03-22 10:01:35 [INFO    ] [switch] [INIT] Door monitor thread started
2026-03-22 10:01:35 [INFO    ] [switch] [INIT] Initial state: CLOSED
2026-03-22 10:02:43 [INFO    ] [switch] [INIT] SWITCH STATUS MODE (REAL GPIO)
2026-03-22 10:02:43 [INFO    ] [switch] [INIT] Door monitor running (ACTIVE LOW)
2026-03-22 10:02:43 [INFO    ] [switch] [INIT] Door monitor thread started
2026-03-22 10:02:43 [INFO    ] [switch] [INIT] Initial state: CLOSED
2026-03-22 10:03:51 [INFO    ] [switch] [INIT] SWITCH STATUS MODE (REAL GPIO)
2026-03-22 10:03:51 [INFO    ] [switch] [INIT] Door monitor running (ACTIVE LOW)
2026-03-22 10:03:51 [INFO    ] [switch] [INIT] Door monitor thread started
2026-03-22 10:03:51 [INFO    ] [switch] [INIT] Initial state: CLOSED
2026-03-22 10:04:59 [INFO    ] [switch] [INIT] SWITCH STATUS MODE (REAL GPIO)
2026-03-22 10:04:59 [INFO    ] [switch] [INIT] Door monitor running (ACTIVE LOW)
2026-03-22 10:04:59 [INFO    ] [switch] [INIT] Door monitor thread started
2026-03-22 10:04:59 [INFO    ] [switch] [INIT] Initial state: CLOSED
2026-03-22 10:06:07 [INFO    ] [switch] [INIT] SWITCH STATUS MODE (REAL GPIO)
2026-03-22 10:06:07 [INFO    ] [switch] [INIT] Door monitor running (ACTIVE LOW)
2026-03-22 10:06:07 [INFO    ] [switch] [INIT] Initial state: CLOSED
2026-03-22 10:06:07 [INFO    ] [switch] [INIT] Door monitor thread started
2026-03-22 10:07:14 [INFO    ] [switch] [INIT] SWITCH STATUS MODE (REAL GPIO)
2026-03-22 10:07:14 [INFO    ] [switch] [INIT] Door monitor running (ACTIVE LOW)
2026-03-22 10:07:14 [INFO    ] [switch] [INIT] Door monitor thread started
2026-03-22 10:07:14 [INFO    ] [switch] [INIT] Initial state: CLOSED
2026-03-22 10:08:22 [INFO    ] [switch] [INIT] SWITCH STATUS MODE (REAL GPIO)
2026-03-22 10:08:22 [INFO    ] [switch] [INIT] Door monitor running (ACTIVE LOW)
2026-03-22 10:08:22 [INFO    ] [switch] [INIT] Initial state: CLOSED
2026-03-22 10:08:22 [INFO    ] [switch] [INIT] Door monitor thread started
2026-03-22 10:09:30 [INFO    ] [switch] [INIT] SWITCH STATUS MODE (REAL GPIO)
2026-03-22 10:09:30 [INFO    ] [switch] [INIT] Door monitor running (ACTIVE LOW)
2026-03-22 10:09:30 [INFO    ] [switch] [INIT] Door monitor thread started
2026-03-22 10:09:30 [INFO    ] [switch] [INIT] Initial state: CLOSED
2026-03-22 10:10:38 [INFO    ] [switch] [INIT] SWITCH STATUS MODE (REAL GPIO)
2026-03-22 10:10:38 [INFO    ] [switch] [INIT] Door monitor running (ACTIVE LOW)
2026-03-22 10:10:38 [INFO    ] [switch] [INIT] Door monitor thread started
2026-03-22 10:10:38 [INFO    ] [switch] [INIT] Initial state: CLOSED
2026-03-22 10:11:46 [INFO    ] [switch] [INIT] SWITCH STATUS MODE (REAL GPIO)
2026-03-22 10:11:46 [INFO    ] [switch] [INIT] Door monitor running (ACTIVE LOW)
2026-03-22 10:11:46 [INFO    ] [switch] [INIT] Initial state: CLOSED
2026-03-22 10:11:46 [INFO    ] [switch] [INIT] Door monitor thread started
2026-03-22 10:12:54 [INFO    ] [switch] [INIT] SWITCH STATUS MODE (REAL GPIO)
2026-03-22 10:12:54 [INFO    ] [switch] [INIT] Door monitor running (ACTIVE LOW)
2026-03-22 10:12:54 [INFO    ] [switch] [INIT] Door monitor thread started
2026-03-22 10:12:54 [INFO    ] [switch] [INIT] Initial state: CLOSED
2026-03-22 10:14:02 [INFO    ] [switch] [INIT] SWITCH STATUS MODE (REAL GPIO)
2026-03-22 10:14:02 [INFO    ] [switch] [INIT] Door monitor running (ACTIVE LOW)
2026-03-22 10:14:02 [INFO    ] [switch] [INIT] Door monitor thread started
2026-03-22 10:14:02 [INFO    ] [switch] [INIT] Initial state: CLOSED
2026-03-22 10:15:10 [INFO    ] [switch] [INIT] SWITCH STATUS MODE (REAL GPIO)
2026-03-22 10:15:10 [INFO    ] [switch] [INIT] Door monitor running (ACTIVE LOW)
2026-03-22 10:15:10 [INFO    ] [switch] [INIT] Door monitor thread started
2026-03-22 10:15:10 [INFO    ] [switch] [INIT] Initial state: CLOSED
2026-03-22 10:16:18 [INFO    ] [switch] [INIT] SWITCH STATUS MODE (REAL GPIO)
2026-03-22 10:16:18 [INFO    ] [switch] [INIT] Door monitor running (ACTIVE LOW)
2026-03-22 10:16:18 [INFO    ] [switch] [INIT] Door monitor thread started
2026-03-22 10:16:18 [INFO    ] [switch] [INIT] Initial state: CLOSED
2026-03-22 10:17:27 [INFO    ] [switch] [INIT] SWITCH STATUS MODE (REAL GPIO)
2026-03-22 10:17:27 [INFO    ] [switch] [INIT] Door monitor running (ACTIVE LOW)
2026-03-22 10:17:27 [INFO    ] [switch] [INIT] Door monitor thread started
2026-03-22 10:17:27 [INFO    ] [switch] [INIT] Initial state: CLOSED
2026-03-22 10:18:35 [INFO    ] [switch] [INIT] SWITCH STATUS MODE (REAL GPIO)
2026-03-22 10:18:35 [INFO    ] [switch] [INIT] Door monitor running (ACTIVE LOW)
2026-03-22 10:18:35 [INFO    ] [switch] [INIT] Door monitor thread started
2026-03-22 10:18:35 [INFO    ] [switch] [INIT] Initial state: CLOSED
2026-03-22 10:19:43 [INFO    ] [switch] [INIT] SWITCH STATUS MODE (REAL GPIO)
2026-03-22 10:19:43 [INFO    ] [switch] [INIT] Door monitor running (ACTIVE LOW)
2026-03-22 10:19:43 [INFO    ] [switch] [INIT] Door monitor thread started
2026-03-22 10:19:43 [INFO    ] [switch] [INIT] Initial state: CLOSED
2026-03-22 10:20:51 [INFO    ] [switch] [INIT] SWITCH STATUS MODE (REAL GPIO)
2026-03-22 10:20:51 [INFO    ] [switch] [INIT] Door monitor running (ACTIVE LOW)
2026-03-22 10:20:51 [INFO    ] [switch] [INIT] Door monitor thread started
2026-03-22 10:20:51 [INFO    ] [switch] [INIT] Initial state: CLOSED
2026-03-22 10:21:59 [INFO    ] [switch] [INIT] SWITCH STATUS MODE (REAL GPIO)
2026-03-22 10:21:59 [INFO    ] [switch] [INIT] Door monitor running (ACTIVE LOW)
2026-03-22 10:21:59 [INFO    ] [switch] [INIT] Door monitor thread started
2026-03-22 10:21:59 [INFO    ] [switch] [INIT] Initial state: CLOSED
2026-03-22 10:23:07 [INFO    ] [switch] [INIT] SWITCH STATUS MODE (REAL GPIO)
2026-03-22 10:23:07 [INFO    ] [switch] [INIT] Door monitor running (ACTIVE LOW)
2026-03-22 10:23:07 [INFO    ] [switch] [INIT] Door monitor thread started
2026-03-22 10:23:07 [INFO    ] [switch] [INIT] Initial state: CLOSED
2026-03-22 10:24:15 [INFO    ] [switch] [INIT] SWITCH STATUS MODE (REAL GPIO)
2026-03-22 10:24:15 [INFO    ] [switch] [INIT] Door monitor running (ACTIVE LOW)
2026-03-22 10:24:15 [INFO    ] [switch] [INIT] Initial state: CLOSED
2026-03-22 10:24:15 [INFO    ] [switch] [INIT] Door monitor thread started
2026-03-22 10:25:23 [INFO    ] [switch] [INIT] SWITCH STATUS MODE (REAL GPIO)
2026-03-22 10:25:23 [INFO    ] [switch] [INIT] Door monitor running (ACTIVE LOW)
2026-03-22 10:25:23 [INFO    ] [switch] [INIT] Door monitor thread started
2026-03-22 10:25:23 [INFO    ] [switch] [INIT] Initial state: CLOSED
2026-03-22 10:26:31 [INFO    ] [switch] [INIT] SWITCH STATUS MODE (REAL GPIO)
2026-03-22 10:26:31 [INFO    ] [switch] [INIT] Door monitor running (ACTIVE LOW)
2026-03-22 10:26:31 [INFO    ] [switch] [INIT] Door monitor thread started
2026-03-22 10:26:31 [INFO    ] [switch] [INIT] Initial state: CLOSED
2026-03-22 10:27:39 [INFO    ] [switch] [INIT] SWITCH STATUS MODE (REAL GPIO)
2026-03-22 10:27:39 [INFO    ] [switch] [INIT] Door monitor running (ACTIVE LOW)
2026-03-22 10:27:39 [INFO    ] [switch] [INIT] Door monitor thread started
2026-03-22 10:27:39 [INFO    ] [switch] [INIT] Initial state: CLOSED
2026-03-22 10:28:47 [INFO    ] [switch] [INIT] SWITCH STATUS MODE (REAL GPIO)
2026-03-22 10:28:47 [INFO    ] [switch] [INIT] Door monitor running (ACTIVE LOW)
2026-03-22 10:28:47 [INFO    ] [switch] [INIT] Door monitor thread started
2026-03-22 10:28:47 [INFO    ] [switch] [INIT] Initial state: CLOSED
2026-03-22 10:29:55 [INFO    ] [switch] [INIT] SWITCH STATUS MODE (REAL GPIO)
2026-03-22 10:29:55 [INFO    ] [switch] [INIT] Door monitor running (ACTIVE LOW)
2026-03-22 10:29:55 [INFO    ] [switch] [INIT] Door monitor thread started
2026-03-22 10:29:55 [INFO    ] [switch] [INIT] Initial state: CLOSED
2026-03-22 10:31:03 [INFO    ] [switch] [INIT] SWITCH STATUS MODE (REAL GPIO)
2026-03-22 10:31:03 [INFO    ] [switch] [INIT] Door monitor running (ACTIVE LOW)
2026-03-22 10:31:03 [INFO    ] [switch] [INIT] Door monitor thread started
2026-03-22 10:31:03 [INFO    ] [switch] [INIT] Initial state: CLOSED
2026-03-22 10:32:11 [INFO    ] [switch] [INIT] SWITCH STATUS MODE (REAL GPIO)
2026-03-22 10:32:11 [INFO    ] [switch] [INIT] Door monitor running (ACTIVE LOW)
2026-03-22 10:32:11 [INFO    ] [switch] [INIT] Door monitor thread started
2026-03-22 10:32:11 [INFO    ] [switch] [INIT] Initial state: CLOSED
2026-03-22 10:33:19 [INFO    ] [switch] [INIT] SWITCH STATUS MODE (REAL GPIO)
2026-03-22 10:33:19 [INFO    ] [switch] [INIT] Door monitor running (ACTIVE LOW)
2026-03-22 10:33:19 [INFO    ] [switch] [INIT] Door monitor thread started
2026-03-22 10:33:19 [INFO    ] [switch] [INIT] Initial state: CLOSED
2026-03-22 10:34:27 [INFO    ] [switch] [INIT] SWITCH STATUS MODE (REAL GPIO)
2026-03-22 10:34:27 [INFO    ] [switch] [INIT] Door monitor running (ACTIVE LOW)
2026-03-22 10:34:27 [INFO    ] [switch] [INIT] Door monitor thread started
2026-03-22 10:34:27 [INFO    ] [switch] [INIT] Initial state: CLOSED
2026-03-22 10:35:35 [INFO    ] [switch] [INIT] SWITCH STATUS MODE (REAL GPIO)
2026-03-22 10:35:35 [INFO    ] [switch] [INIT] Door monitor running (ACTIVE LOW)
2026-03-22 10:35:35 [INFO    ] [switch] [INIT] Door monitor thread started
2026-03-22 10:35:35 [INFO    ] [switch] [INIT] Initial state: CLOSED
2026-03-22 10:36:43 [INFO    ] [switch] [INIT] SWITCH STATUS MODE (REAL GPIO)
2026-03-22 10:36:43 [INFO    ] [switch] [INIT] Door monitor running (ACTIVE LOW)
2026-03-22 10:36:43 [INFO    ] [switch] [INIT] Initial state: CLOSED
2026-03-22 10:36:43 [INFO    ] [switch] [INIT] Door monitor thread started
2026-03-22 10:37:51 [INFO    ] [switch] [INIT] SWITCH STATUS MODE (REAL GPIO)
2026-03-22 10:37:51 [INFO    ] [switch] [INIT] Door monitor running (ACTIVE LOW)
2026-03-22 10:37:51 [INFO    ] [switch] [INIT] Initial state: CLOSED
2026-03-22 10:37:51 [INFO    ] [switch] [INIT] Door monitor thread started
2026-03-22 10:38:59 [INFO    ] [switch] [INIT] SWITCH STATUS MODE (REAL GPIO)
2026-03-22 10:38:59 [INFO    ] [switch] [INIT] Door monitor running (ACTIVE LOW)
2026-03-22 10:38:59 [INFO    ] [switch] [INIT] Initial state: CLOSED
2026-03-22 10:38:59 [INFO    ] [switch] [INIT] Door monitor thread started
2026-03-22 10:40:07 [INFO    ] [switch] [INIT] SWITCH STATUS MODE (REAL GPIO)
2026-03-22 10:40:07 [INFO    ] [switch] [INIT] Door monitor running (ACTIVE LOW)
2026-03-22 10:40:07 [INFO    ] [switch] [INIT] Door monitor thread started
2026-03-22 10:40:07 [INFO    ] [switch] [INIT] Initial state: CLOSED
2026-03-22 10:41:15 [INFO    ] [switch] [INIT] SWITCH STATUS MODE (REAL GPIO)
2026-03-22 10:41:15 [INFO    ] [switch] [INIT] Door monitor running (ACTIVE LOW)
2026-03-22 10:41:15 [INFO    ] [switch] [INIT] Door monitor thread started
2026-03-22 10:41:15 [INFO    ] [switch] [INIT] Initial state: CLOSED
2026-03-22 10:42:23 [INFO    ] [switch] [INIT] SWITCH STATUS MODE (REAL GPIO)
2026-03-22 10:42:23 [INFO    ] [switch] [INIT] Door monitor running (ACTIVE LOW)
2026-03-22 10:42:23 [INFO    ] [switch] [INIT] Door monitor thread started
2026-03-22 10:42:23 [INFO    ] [switch] [INIT] Initial state: CLOSED
2026-03-22 10:43:31 [INFO    ] [switch] [INIT] SWITCH STATUS MODE (REAL GPIO)
2026-03-22 10:43:31 [INFO    ] [switch] [INIT] Door monitor running (ACTIVE LOW)
2026-03-22 10:43:31 [INFO    ] [switch] [INIT] Door monitor thread started
2026-03-22 10:43:31 [INFO    ] [switch] [INIT] Initial state: CLOSED
2026-03-22 10:44:39 [INFO    ] [switch] [INIT] SWITCH STATUS MODE (REAL GPIO)
2026-03-22 10:44:39 [INFO    ] [switch] [INIT] Door monitor running (ACTIVE LOW)
2026-03-22 10:44:39 [INFO    ] [switch] [INIT] Door monitor thread started
2026-03-22 10:44:39 [INFO    ] [switch] [INIT] Initial state: CLOSED
2026-03-22 10:45:47 [INFO    ] [switch] [INIT] SWITCH STATUS MODE (REAL GPIO)
2026-03-22 10:45:47 [INFO    ] [switch] [INIT] Door monitor running (ACTIVE LOW)
2026-03-22 10:45:47 [INFO    ] [switch] [INIT] Door monitor thread started
2026-03-22 10:45:47 [INFO    ] [switch] [INIT] Initial state: CLOSED
2026-03-22 10:46:55 [INFO    ] [switch] [INIT] SWITCH STATUS MODE (REAL GPIO)
2026-03-22 10:46:55 [INFO    ] [switch] [INIT] Door monitor running (ACTIVE LOW)
2026-03-22 10:46:55 [INFO    ] [switch] [INIT] Initial state: CLOSED
2026-03-22 10:46:55 [INFO    ] [switch] [INIT] Door monitor thread started
2026-03-22 10:48:03 [INFO    ] [switch] [INIT] SWITCH STATUS MODE (REAL GPIO)
2026-03-22 10:48:03 [INFO    ] [switch] [INIT] Door monitor running (ACTIVE LOW)
2026-03-22 10:48:03 [INFO    ] [switch] [INIT] Door monitor thread started
2026-03-22 10:48:03 [INFO    ] [switch] [INIT] Initial state: CLOSED
2026-03-22 10:49:11 [INFO    ] [switch] [INIT] SWITCH STATUS MODE (REAL GPIO)
2026-03-22 10:49:11 [INFO    ] [switch] [INIT] Door monitor running (ACTIVE LOW)
2026-03-22 10:49:11 [INFO    ] [switch] [INIT] Initial state: CLOSED
2026-03-22 10:49:11 [INFO    ] [switch] [INIT] Door monitor thread started
2026-03-22 10:50:19 [INFO    ] [switch] [INIT] SWITCH STATUS MODE (REAL GPIO)
2026-03-22 10:50:19 [INFO    ] [switch] [INIT] Door monitor running (ACTIVE LOW)
2026-03-22 10:50:19 [INFO    ] [switch] [INIT] Door monitor thread started
2026-03-22 10:50:19 [INFO    ] [switch] [INIT] Initial state: CLOSED
2026-03-22 10:51:27 [INFO    ] [switch] [INIT] SWITCH STATUS MODE (REAL GPIO)
2026-03-22 10:51:27 [INFO    ] [switch] [INIT] Door monitor running (ACTIVE LOW)
2026-03-22 10:51:27 [INFO    ] [switch] [INIT] Initial state: CLOSED
2026-03-22 10:51:27 [INFO    ] [switch] [INIT] Door monitor thread started
2026-03-22 10:52:35 [INFO    ] [switch] [INIT] SWITCH STATUS MODE (REAL GPIO)
2026-03-22 10:52:35 [INFO    ] [switch] [INIT] Door monitor running (ACTIVE LOW)
2026-03-22 10:52:35 [INFO    ] [switch] [INIT] Initial state: CLOSED
2026-03-22 10:52:35 [INFO    ] [switch] [INIT] Door monitor thread started
2026-03-22 10:53:43 [INFO    ] [switch] [INIT] SWITCH STATUS MODE (REAL GPIO)
2026-03-22 10:53:43 [INFO    ] [switch] [INIT] Door monitor running (ACTIVE LOW)
2026-03-22 10:53:43 [INFO    ] [switch] [INIT] Door monitor thread started
2026-03-22 10:53:43 [INFO    ] [switch] [INIT] Initial state: CLOSED
2026-03-22 10:54:51 [INFO    ] [switch] [INIT] SWITCH STATUS MODE (REAL GPIO)
2026-03-22 10:54:51 [INFO    ] [switch] [INIT] Door monitor running (ACTIVE LOW)
2026-03-22 10:54:51 [INFO    ] [switch] [INIT] Door monitor thread started
2026-03-22 10:54:51 [INFO    ] [switch] [INIT] Initial state: CLOSED
2026-03-22 10:55:59 [INFO    ] [switch] [INIT] SWITCH STATUS MODE (REAL GPIO)
2026-03-22 10:55:59 [INFO    ] [switch] [INIT] Door monitor running (ACTIVE LOW)
2026-03-22 10:55:59 [INFO    ] [switch] [INIT] Door monitor thread started
2026-03-22 10:55:59 [INFO    ] [switch] [INIT] Initial state: CLOSED
2026-03-22 10:57:07 [INFO    ] [switch] [INIT] SWITCH STATUS MODE (REAL GPIO)
2026-03-22 10:57:07 [INFO    ] [switch] [INIT] Door monitor running (ACTIVE LOW)
2026-03-22 10:57:07 [INFO    ] [switch] [INIT] Door monitor thread started
2026-03-22 10:57:07 [INFO    ] [switch] [INIT] Initial state: CLOSED
2026-03-22 10:58:15 [INFO    ] [switch] [INIT] SWITCH STATUS MODE (REAL GPIO)
2026-03-22 10:58:15 [INFO    ] [switch] [INIT] Door monitor running (ACTIVE LOW)
2026-03-22 10:58:15 [INFO    ] [switch] [INIT] Door monitor thread started
2026-03-22 10:58:15 [INFO    ] [switch] [INIT] Initial state: CLOSED
2026-03-22 10:59:23 [INFO    ] [switch] [INIT] SWITCH STATUS MODE (REAL GPIO)
2026-03-22 10:59:23 [INFO    ] [switch] [INIT] Door monitor running (ACTIVE LOW)
2026-03-22 10:59:23 [INFO    ] [switch] [INIT] Initial state: CLOSED
2026-03-22 10:59:23 [INFO    ] [switch] [INIT] Door monitor thread started
2026-03-22 11:00:31 [INFO    ] [switch] [INIT] SWITCH STATUS MODE (REAL GPIO)
2026-03-22 11:00:31 [INFO    ] [switch] [INIT] Door monitor running (ACTIVE LOW)
2026-03-22 11:00:31 [INFO    ] [switch] [INIT] Door monitor thread started
2026-03-22 11:00:31 [INFO    ] [switch] [INIT] Initial state: CLOSED
2026-03-22 11:01:39 [INFO    ] [switch] [INIT] SWITCH STATUS MODE (REAL GPIO)
2026-03-22 11:01:39 [INFO    ] [switch] [INIT] Door monitor running (ACTIVE LOW)
2026-03-22 11:01:39 [INFO    ] [switch] [INIT] Door monitor thread started
2026-03-22 11:01:39 [INFO    ] [switch] [INIT] Initial state: CLOSED
2026-03-22 11:02:47 [INFO    ] [switch] [INIT] SWITCH STATUS MODE (REAL GPIO)
2026-03-22 11:02:47 [INFO    ] [switch] [INIT] Door monitor running (ACTIVE LOW)
2026-03-22 11:02:47 [INFO    ] [switch] [INIT] Door monitor thread started
2026-03-22 11:02:47 [INFO    ] [switch] [INIT] Initial state: CLOSED
2026-03-22 11:03:55 [INFO    ] [switch] [INIT] SWITCH STATUS MODE (REAL GPIO)
2026-03-22 11:03:55 [INFO    ] [switch] [INIT] Door monitor running (ACTIVE LOW)
2026-03-22 11:03:55 [INFO    ] [switch] [INIT] Door monitor thread started
2026-03-22 11:03:55 [INFO    ] [switch] [INIT] Initial state: CLOSED
2026-03-22 11:05:03 [INFO    ] [switch] [INIT] SWITCH STATUS MODE (REAL GPIO)
2026-03-22 11:05:03 [INFO    ] [switch] [INIT] Door monitor running (ACTIVE LOW)
2026-03-22 11:05:03 [INFO    ] [switch] [INIT] Door monitor thread started
2026-03-22 11:05:03 [INFO    ] [switch] [INIT] Initial state: CLOSED
2026-03-22 11:06:11 [INFO    ] [switch] [INIT] SWITCH STATUS MODE (REAL GPIO)
2026-03-22 11:06:11 [INFO    ] [switch] [INIT] Door monitor running (ACTIVE LOW)
2026-03-22 11:06:11 [INFO    ] [switch] [INIT] Initial state: CLOSED
2026-03-22 11:06:11 [INFO    ] [switch] [INIT] Door monitor thread started
2026-03-22 11:07:19 [INFO    ] [switch] [INIT] SWITCH STATUS MODE (REAL GPIO)
2026-03-22 11:07:19 [INFO    ] [switch] [INIT] Door monitor running (ACTIVE LOW)
2026-03-22 11:07:19 [INFO    ] [switch] [INIT] Initial state: CLOSED
2026-03-22 11:07:19 [INFO    ] [switch] [INIT] Door monitor thread started
2026-03-22 11:08:27 [INFO    ] [switch] [INIT] SWITCH STATUS MODE (REAL GPIO)
2026-03-22 11:08:27 [INFO    ] [switch] [INIT] Door monitor running (ACTIVE LOW)
2026-03-22 11:08:27 [INFO    ] [switch] [INIT] Door monitor thread started
2026-03-22 11:08:27 [INFO    ] [switch] [INIT] Initial state: CLOSED
2026-03-22 11:09:36 [INFO    ] [switch] [INIT] SWITCH STATUS MODE (REAL GPIO)
2026-03-22 11:09:36 [INFO    ] [switch] [INIT] Door monitor running (ACTIVE LOW)
2026-03-22 11:09:36 [INFO    ] [switch] [INIT] Door monitor thread started
2026-03-22 11:09:36 [INFO    ] [switch] [INIT] Initial state: CLOSED
2026-03-22 11:10:44 [INFO    ] [switch] [INIT] SWITCH STATUS MODE (REAL GPIO)
2026-03-22 11:10:44 [INFO    ] [switch] [INIT] Door monitor running (ACTIVE LOW)
2026-03-22 11:10:44 [INFO    ] [switch] [INIT] Door monitor thread started
2026-03-22 11:10:44 [INFO    ] [switch] [INIT] Initial state: CLOSED
2026-03-22 11:11:52 [INFO    ] [switch] [INIT] SWITCH STATUS MODE (REAL GPIO)
2026-03-22 11:11:52 [INFO    ] [switch] [INIT] Door monitor running (ACTIVE LOW)
2026-03-22 11:11:52 [INFO    ] [switch] [INIT] Door monitor thread started
2026-03-22 11:11:52 [INFO    ] [switch] [INIT] Initial state: CLOSED
2026-03-22 11:13:00 [INFO    ] [switch] [INIT] SWITCH STATUS MODE (REAL GPIO)
2026-03-22 11:13:00 [INFO    ] [switch] [INIT] Door monitor running (ACTIVE LOW)
2026-03-22 11:13:00 [INFO    ] [switch] [INIT] Initial state: CLOSED
2026-03-22 11:13:00 [INFO    ] [switch] [INIT] Door monitor thread started
2026-03-22 11:14:08 [INFO    ] [switch] [INIT] SWITCH STATUS MODE (REAL GPIO)
2026-03-22 11:14:08 [INFO    ] [switch] [INIT] Door monitor running (ACTIVE LOW)
2026-03-22 11:14:08 [INFO    ] [switch] [INIT] Initial state: CLOSED
2026-03-22 11:14:08 [INFO    ] [switch] [INIT] Door monitor thread started
2026-03-22 11:15:16 [INFO    ] [switch] [INIT] SWITCH STATUS MODE (REAL GPIO)
2026-03-22 11:15:16 [INFO    ] [switch] [INIT] Door monitor running (ACTIVE LOW)
2026-03-22 11:15:16 [INFO    ] [switch] [INIT] Door monitor thread started
2026-03-22 11:15:16 [INFO    ] [switch] [INIT] Initial state: CLOSED
2026-03-22 11:16:24 [INFO    ] [switch] [INIT] SWITCH STATUS MODE (REAL GPIO)
2026-03-22 11:16:24 [INFO    ] [switch] [INIT] Door monitor running (ACTIVE LOW)
2026-03-22 11:16:24 [INFO    ] [switch] [INIT] Initial state: CLOSED
2026-03-22 11:16:24 [INFO    ] [switch] [INIT] Door monitor thread started
2026-03-22 11:17:32 [INFO    ] [switch] [INIT] SWITCH STATUS MODE (REAL GPIO)
2026-03-22 11:17:32 [INFO    ] [switch] [INIT] Door monitor running (ACTIVE LOW)
2026-03-22 11:17:32 [INFO    ] [switch] [INIT] Initial state: CLOSED
2026-03-22 11:17:32 [INFO    ] [switch] [INIT] Door monitor thread started
2026-03-22 11:18:40 [INFO    ] [switch] [INIT] SWITCH STATUS MODE (REAL GPIO)
2026-03-22 11:18:40 [INFO    ] [switch] [INIT] Door monitor running (ACTIVE LOW)
2026-03-22 11:18:40 [INFO    ] [switch] [INIT] Door monitor thread started
2026-03-22 11:18:40 [INFO    ] [switch] [INIT] Initial state: CLOSED
2026-03-22 11:19:48 [INFO    ] [switch] [INIT] SWITCH STATUS MODE (REAL GPIO)
2026-03-22 11:19:48 [INFO    ] [switch] [INIT] Door monitor running (ACTIVE LOW)
2026-03-22 11:19:48 [INFO    ] [switch] [INIT] Door monitor thread started
2026-03-22 11:19:48 [INFO    ] [switch] [INIT] Initial state: CLOSED
2026-03-22 11:20:55 [INFO    ] [switch] [INIT] SWITCH STATUS MODE (REAL GPIO)
2026-03-22 11:20:55 [INFO    ] [switch] [INIT] Door monitor running (ACTIVE LOW)
2026-03-22 11:20:55 [INFO    ] [switch] [INIT] Door monitor thread started
2026-03-22 11:20:55 [INFO    ] [switch] [INIT] Initial state: CLOSED
2026-03-22 11:22:03 [INFO    ] [switch] [INIT] SWITCH STATUS MODE (REAL GPIO)
2026-03-22 11:22:03 [INFO    ] [switch] [INIT] Door monitor running (ACTIVE LOW)
2026-03-22 11:22:03 [INFO    ] [switch] [INIT] Door monitor thread started
2026-03-22 11:22:03 [INFO    ] [switch] [INIT] Initial state: CLOSED
2026-03-22 11:23:11 [INFO    ] [switch] [INIT] SWITCH STATUS MODE (REAL GPIO)
2026-03-22 11:23:11 [INFO    ] [switch] [INIT] Door monitor running (ACTIVE LOW)
2026-03-22 11:23:11 [INFO    ] [switch] [INIT] Initial state: CLOSED
2026-03-22 11:23:11 [INFO    ] [switch] [INIT] Door monitor thread started
2026-03-22 11:24:19 [INFO    ] [switch] [INIT] SWITCH STATUS MODE (REAL GPIO)
2026-03-22 11:24:19 [INFO    ] [switch] [INIT] Door monitor running (ACTIVE LOW)
2026-03-22 11:24:19 [INFO    ] [switch] [INIT] Initial state: CLOSED
2026-03-22 11:24:19 [INFO    ] [switch] [INIT] Door monitor thread started
2026-03-22 11:25:27 [INFO    ] [switch] [INIT] SWITCH STATUS MODE (REAL GPIO)
2026-03-22 11:25:27 [INFO    ] [switch] [INIT] Door monitor running (ACTIVE LOW)
2026-03-22 11:25:27 [INFO    ] [switch] [INIT] Door monitor thread started
2026-03-22 11:25:27 [INFO    ] [switch] [INIT] Initial state: CLOSED
2026-03-22 11:26:35 [INFO    ] [switch] [INIT] SWITCH STATUS MODE (REAL GPIO)
2026-03-22 11:26:35 [INFO    ] [switch] [INIT] Door monitor running (ACTIVE LOW)
2026-03-22 11:26:35 [INFO    ] [switch] [INIT] Initial state: CLOSED
2026-03-22 11:26:35 [INFO    ] [switch] [INIT] Door monitor thread started
2026-03-22 11:27:42 [INFO    ] [switch] [INIT] SWITCH STATUS MODE (REAL GPIO)
2026-03-22 11:27:43 [INFO    ] [switch] [INIT] Door monitor running (ACTIVE LOW)
2026-03-22 11:27:43 [INFO    ] [switch] [INIT] Door monitor thread started
2026-03-22 11:27:43 [INFO    ] [switch] [INIT] Initial state: CLOSED
2026-03-22 11:28:50 [INFO    ] [switch] [INIT] SWITCH STATUS MODE (REAL GPIO)
2026-03-22 11:28:50 [INFO    ] [switch] [INIT] Door monitor running (ACTIVE LOW)
2026-03-22 11:28:50 [INFO    ] [switch] [INIT] Door monitor thread started
2026-03-22 11:28:50 [INFO    ] [switch] [INIT] Initial state: CLOSED
2026-03-22 11:29:58 [INFO    ] [switch] [INIT] SWITCH STATUS MODE (REAL GPIO)
2026-03-22 11:29:58 [INFO    ] [switch] [INIT] Door monitor running (ACTIVE LOW)
2026-03-22 11:29:58 [INFO    ] [switch] [INIT] Door monitor thread started
2026-03-22 11:29:58 [INFO    ] [switch] [INIT] Initial state: CLOSED
2026-03-22 11:31:06 [INFO    ] [switch] [INIT] SWITCH STATUS MODE (REAL GPIO)
2026-03-22 11:31:06 [INFO    ] [switch] [INIT] Door monitor running (ACTIVE LOW)
2026-03-22 11:31:06 [INFO    ] [switch] [INIT] Initial state: CLOSED
2026-03-22 11:31:06 [INFO    ] [switch] [INIT] Door monitor thread started
2026-03-22 11:32:14 [INFO    ] [switch] [INIT] SWITCH STATUS MODE (REAL GPIO)
2026-03-22 11:32:14 [INFO    ] [switch] [INIT] Door monitor running (ACTIVE LOW)
2026-03-22 11:32:14 [INFO    ] [switch] [INIT] Initial state: CLOSED
2026-03-22 11:32:14 [INFO    ] [switch] [INIT] Door monitor thread started
2026-03-22 11:33:22 [INFO    ] [switch] [INIT] SWITCH STATUS MODE (REAL GPIO)
2026-03-22 11:33:22 [INFO    ] [switch] [INIT] Door monitor running (ACTIVE LOW)
2026-03-22 11:33:22 [INFO    ] [switch] [INIT] Door monitor thread started
2026-03-22 11:33:22 [INFO    ] [switch] [INIT] Initial state: CLOSED
2026-03-22 11:34:30 [INFO    ] [switch] [INIT] SWITCH STATUS MODE (REAL GPIO)
2026-03-22 11:34:30 [INFO    ] [switch] [INIT] Door monitor running (ACTIVE LOW)
2026-03-22 11:34:30 [INFO    ] [switch] [INIT] Door monitor thread started
2026-03-22 11:34:30 [INFO    ] [switch] [INIT] Initial state: CLOSED
2026-03-22 11:35:38 [INFO    ] [switch] [INIT] SWITCH STATUS MODE (REAL GPIO)
2026-03-22 11:35:38 [INFO    ] [switch] [INIT] Door monitor running (ACTIVE LOW)
2026-03-22 11:35:38 [INFO    ] [switch] [INIT] Initial state: CLOSED
2026-03-22 11:35:38 [INFO    ] [switch] [INIT] Door monitor thread started
2026-03-22 11:36:46 [INFO    ] [switch] [INIT] SWITCH STATUS MODE (REAL GPIO)
2026-03-22 11:36:46 [INFO    ] [switch] [INIT] Door monitor running (ACTIVE LOW)
2026-03-22 11:36:46 [INFO    ] [switch] [INIT] Door monitor thread started
2026-03-22 11:36:46 [INFO    ] [switch] [INIT] Initial state: CLOSED
2026-03-22 11:37:54 [INFO    ] [switch] [INIT] SWITCH STATUS MODE (REAL GPIO)
2026-03-22 11:37:54 [INFO    ] [switch] [INIT] Door monitor running (ACTIVE LOW)
2026-03-22 11:37:54 [INFO    ] [switch] [INIT] Initial state: CLOSED
2026-03-22 11:37:54 [INFO    ] [switch] [INIT] Door monitor thread started
2026-03-22 11:39:02 [INFO    ] [switch] [INIT] SWITCH STATUS MODE (REAL GPIO)
2026-03-22 11:39:02 [INFO    ] [switch] [INIT] Door monitor running (ACTIVE LOW)
2026-03-22 11:39:02 [INFO    ] [switch] [INIT] Door monitor thread started
2026-03-22 11:39:02 [INFO    ] [switch] [INIT] Initial state: CLOSED
2026-03-22 11:40:10 [INFO    ] [switch] [INIT] SWITCH STATUS MODE (REAL GPIO)
2026-03-22 11:40:10 [INFO    ] [switch] [INIT] Door monitor running (ACTIVE LOW)
2026-03-22 11:40:10 [INFO    ] [switch] [INIT] Initial state: CLOSED
2026-03-22 11:40:10 [INFO    ] [switch] [INIT] Door monitor thread started
2026-03-22 11:41:18 [INFO    ] [switch] [INIT] SWITCH STATUS MODE (REAL GPIO)
2026-03-22 11:41:18 [INFO    ] [switch] [INIT] Door monitor running (ACTIVE LOW)
2026-03-22 11:41:18 [INFO    ] [switch] [INIT] Door monitor thread started
2026-03-22 11:41:18 [INFO    ] [switch] [INIT] Initial state: CLOSED
2026-03-22 11:42:26 [INFO    ] [switch] [INIT] SWITCH STATUS MODE (REAL GPIO)
2026-03-22 11:42:26 [INFO    ] [switch] [INIT] Door monitor running (ACTIVE LOW)
2026-03-22 11:42:26 [INFO    ] [switch] [INIT] Door monitor thread started
2026-03-22 11:42:26 [INFO    ] [switch] [INIT] Initial state: CLOSED
2026-03-22 11:43:34 [INFO    ] [switch] [INIT] SWITCH STATUS MODE (REAL GPIO)
2026-03-22 11:43:34 [INFO    ] [switch] [INIT] Door monitor running (ACTIVE LOW)
2026-03-22 11:43:34 [INFO    ] [switch] [INIT] Door monitor thread started
2026-03-22 11:43:34 [INFO    ] [switch] [INIT] Initial state: CLOSED
2026-03-22 11:44:42 [INFO    ] [switch] [INIT] SWITCH STATUS MODE (REAL GPIO)
2026-03-22 11:44:42 [INFO    ] [switch] [INIT] Door monitor running (ACTIVE LOW)
2026-03-22 11:44:42 [INFO    ] [switch] [INIT] Door monitor thread started
2026-03-22 11:44:42 [INFO    ] [switch] [INIT] Initial state: CLOSED
2026-03-22 11:45:50 [INFO    ] [switch] [INIT] SWITCH STATUS MODE (REAL GPIO)
2026-03-22 11:45:50 [INFO    ] [switch] [INIT] Door monitor running (ACTIVE LOW)
2026-03-22 11:45:50 [INFO    ] [switch] [INIT] Door monitor thread started
2026-03-22 11:45:50 [INFO    ] [switch] [INIT] Initial state: CLOSED
2026-03-22 11:46:58 [INFO    ] [switch] [INIT] SWITCH STATUS MODE (REAL GPIO)
2026-03-22 11:46:58 [INFO    ] [switch] [INIT] Door monitor running (ACTIVE LOW)
2026-03-22 11:46:58 [INFO    ] [switch] [INIT] Door monitor thread started
2026-03-22 11:46:58 [INFO    ] [switch] [INIT] Initial state: CLOSED
2026-03-22 11:48:07 [INFO    ] [switch] [INIT] SWITCH STATUS MODE (REAL GPIO)
2026-03-22 11:48:07 [INFO    ] [switch] [INIT] Door monitor running (ACTIVE LOW)
2026-03-22 11:48:07 [INFO    ] [switch] [INIT] Initial state: CLOSED
2026-03-22 11:48:07 [INFO    ] [switch] [INIT] Door monitor thread started
2026-03-22 11:49:15 [INFO    ] [switch] [INIT] SWITCH STATUS MODE (REAL GPIO)
2026-03-22 11:49:15 [INFO    ] [switch] [INIT] Door monitor running (ACTIVE LOW)
2026-03-22 11:49:15 [INFO    ] [switch] [INIT] Initial state: CLOSED
2026-03-22 11:49:15 [INFO    ] [switch] [INIT] Door monitor thread started
2026-03-22 11:50:23 [INFO    ] [switch] [INIT] SWITCH STATUS MODE (REAL GPIO)
2026-03-22 11:50:23 [INFO    ] [switch] [INIT] Door monitor running (ACTIVE LOW)
2026-03-22 11:50:23 [INFO    ] [switch] [INIT] Initial state: CLOSED
2026-03-22 11:50:23 [INFO    ] [switch] [INIT] Door monitor thread started
2026-03-22 11:51:31 [INFO    ] [switch] [INIT] SWITCH STATUS MODE (REAL GPIO)
2026-03-22 11:51:31 [INFO    ] [switch] [INIT] Door monitor running (ACTIVE LOW)
2026-03-22 11:51:31 [INFO    ] [switch] [INIT] Door monitor thread started
2026-03-22 11:51:31 [INFO    ] [switch] [INIT] Initial state: CLOSED
2026-03-22 11:52:39 [INFO    ] [switch] [INIT] SWITCH STATUS MODE (REAL GPIO)
2026-03-22 11:52:39 [INFO    ] [switch] [INIT] Door monitor running (ACTIVE LOW)
2026-03-22 11:52:39 [INFO    ] [switch] [INIT] Door monitor thread started
2026-03-22 11:52:39 [INFO    ] [switch] [INIT] Initial state: CLOSED
2026-03-22 11:53:47 [INFO    ] [switch] [INIT] SWITCH STATUS MODE (REAL GPIO)
2026-03-22 11:53:47 [INFO    ] [switch] [INIT] Door monitor running (ACTIVE LOW)
2026-03-22 11:53:47 [INFO    ] [switch] [INIT] Door monitor thread started
2026-03-22 11:53:47 [INFO    ] [switch] [INIT] Initial state: CLOSED
2026-03-22 11:54:55 [INFO    ] [switch] [INIT] SWITCH STATUS MODE (REAL GPIO)
2026-03-22 11:54:55 [INFO    ] [switch] [INIT] Door monitor running (ACTIVE LOW)
2026-03-22 11:54:55 [INFO    ] [switch] [INIT] Door monitor thread started
2026-03-22 11:54:55 [INFO    ] [switch] [INIT] Initial state: CLOSED
2026-03-22 11:56:03 [INFO    ] [switch] [INIT] SWITCH STATUS MODE (REAL GPIO)
2026-03-22 11:56:03 [INFO    ] [switch] [INIT] Door monitor running (ACTIVE LOW)
2026-03-22 11:56:03 [INFO    ] [switch] [INIT] Door monitor thread started
2026-03-22 11:56:03 [INFO    ] [switch] [INIT] Initial state: CLOSED
2026-03-22 11:57:11 [INFO    ] [switch] [INIT] SWITCH STATUS MODE (REAL GPIO)
2026-03-22 11:57:11 [INFO    ] [switch] [INIT] Door monitor running (ACTIVE LOW)
2026-03-22 11:57:11 [INFO    ] [switch] [INIT] Initial state: CLOSED
2026-03-22 11:57:11 [INFO    ] [switch] [INIT] Door monitor thread started
2026-03-22 11:58:19 [INFO    ] [switch] [INIT] SWITCH STATUS MODE (REAL GPIO)
2026-03-22 11:58:19 [INFO    ] [switch] [INIT] Door monitor running (ACTIVE LOW)
2026-03-22 11:58:19 [INFO    ] [switch] [INIT] Door monitor thread started
2026-03-22 11:58:19 [INFO    ] [switch] [INIT] Initial state: CLOSED
2026-03-22 11:59:27 [INFO    ] [switch] [INIT] SWITCH STATUS MODE (REAL GPIO)
2026-03-22 11:59:27 [INFO    ] [switch] [INIT] Door monitor running (ACTIVE LOW)
2026-03-22 11:59:27 [INFO    ] [switch] [INIT] Initial state: CLOSED
2026-03-22 11:59:27 [INFO    ] [switch] [INIT] Door monitor thread started
2026-03-22 12:00:35 [INFO    ] [switch] [INIT] SWITCH STATUS MODE (REAL GPIO)
2026-03-22 12:00:35 [INFO    ] [switch] [INIT] Door monitor running (ACTIVE LOW)
2026-03-22 12:00:35 [INFO    ] [switch] [INIT] Door monitor thread started
2026-03-22 12:00:35 [INFO    ] [switch] [INIT] Initial state: CLOSED
2026-03-22 12:01:43 [INFO    ] [switch] [INIT] SWITCH STATUS MODE (REAL GPIO)
2026-03-22 12:01:43 [INFO    ] [switch] [INIT] Door monitor running (ACTIVE LOW)
2026-03-22 12:01:43 [INFO    ] [switch] [INIT] Door monitor thread started
2026-03-22 12:01:43 [INFO    ] [switch] [INIT] Initial state: CLOSED
2026-03-22 12:02:51 [INFO    ] [switch] [INIT] SWITCH STATUS MODE (REAL GPIO)
2026-03-22 12:02:51 [INFO    ] [switch] [INIT] Door monitor running (ACTIVE LOW)
2026-03-22 12:02:51 [INFO    ] [switch] [INIT] Door monitor thread started
2026-03-22 12:02:51 [INFO    ] [switch] [INIT] Initial state: CLOSED
2026-03-22 12:03:59 [INFO    ] [switch] [INIT] SWITCH STATUS MODE (REAL GPIO)
2026-03-22 12:03:59 [INFO    ] [switch] [INIT] Door monitor running (ACTIVE LOW)
2026-03-22 12:03:59 [INFO    ] [switch] [INIT] Door monitor thread started
2026-03-22 12:03:59 [INFO    ] [switch] [INIT] Initial state: CLOSED
2026-03-22 12:05:07 [INFO    ] [switch] [INIT] SWITCH STATUS MODE (REAL GPIO)
2026-03-22 12:05:07 [INFO    ] [switch] [INIT] Door monitor running (ACTIVE LOW)
2026-03-22 12:05:07 [INFO    ] [switch] [INIT] Door monitor thread started
2026-03-22 12:05:07 [INFO    ] [switch] [INIT] Initial state: CLOSED
2026-03-22 12:06:15 [INFO    ] [switch] [INIT] SWITCH STATUS MODE (REAL GPIO)
2026-03-22 12:06:15 [INFO    ] [switch] [INIT] Door monitor running (ACTIVE LOW)
2026-03-22 12:06:15 [INFO    ] [switch] [INIT] Initial state: CLOSED
2026-03-22 12:06:15 [INFO    ] [switch] [INIT] Door monitor thread started
2026-03-22 12:07:23 [INFO    ] [switch] [INIT] SWITCH STATUS MODE (REAL GPIO)
2026-03-22 12:07:23 [INFO    ] [switch] [INIT] Door monitor running (ACTIVE LOW)
2026-03-22 12:07:23 [INFO    ] [switch] [INIT] Door monitor thread started
2026-03-22 12:07:23 [INFO    ] [switch] [INIT] Initial state: CLOSED
2026-03-22 12:08:31 [INFO    ] [switch] [INIT] SWITCH STATUS MODE (REAL GPIO)
2026-03-22 12:08:31 [INFO    ] [switch] [INIT] Door monitor running (ACTIVE LOW)
2026-03-22 12:08:31 [INFO    ] [switch] [INIT] Door monitor thread started
2026-03-22 12:08:31 [INFO    ] [switch] [INIT] Initial state: CLOSED
2026-03-22 12:09:39 [INFO    ] [switch] [INIT] SWITCH STATUS MODE (REAL GPIO)
2026-03-22 12:09:39 [INFO    ] [switch] [INIT] Door monitor running (ACTIVE LOW)
2026-03-22 12:09:39 [INFO    ] [switch] [INIT] Door monitor thread started
2026-03-22 12:09:39 [INFO    ] [switch] [INIT] Initial state: CLOSED
2026-03-22 12:10:47 [INFO    ] [switch] [INIT] SWITCH STATUS MODE (REAL GPIO)
2026-03-22 12:10:47 [INFO    ] [switch] [INIT] Door monitor running (ACTIVE LOW)
2026-03-22 12:10:47 [INFO    ] [switch] [INIT] Door monitor thread started
2026-03-22 12:10:47 [INFO    ] [switch] [INIT] Initial state: CLOSED
2026-03-22 12:11:55 [INFO    ] [switch] [INIT] SWITCH STATUS MODE (REAL GPIO)
2026-03-22 12:11:55 [INFO    ] [switch] [INIT] Door monitor running (ACTIVE LOW)
2026-03-22 12:11:55 [INFO    ] [switch] [INIT] Door monitor thread started
2026-03-22 12:11:55 [INFO    ] [switch] [INIT] Initial state: CLOSED
2026-03-22 12:13:03 [INFO    ] [switch] [INIT] SWITCH STATUS MODE (REAL GPIO)
2026-03-22 12:13:03 [INFO    ] [switch] [INIT] Door monitor running (ACTIVE LOW)
2026-03-22 12:13:03 [INFO    ] [switch] [INIT] Initial state: CLOSED
2026-03-22 12:13:03 [INFO    ] [switch] [INIT] Door monitor thread started
2026-03-22 12:14:11 [INFO    ] [switch] [INIT] SWITCH STATUS MODE (REAL GPIO)
2026-03-22 12:14:11 [INFO    ] [switch] [INIT] Door monitor running (ACTIVE LOW)
2026-03-22 12:14:11 [INFO    ] [switch] [INIT] Door monitor thread started
2026-03-22 12:14:11 [INFO    ] [switch] [INIT] Initial state: CLOSED
2026-03-22 12:15:19 [INFO    ] [switch] [INIT] SWITCH STATUS MODE (REAL GPIO)
2026-03-22 12:15:19 [INFO    ] [switch] [INIT] Door monitor running (ACTIVE LOW)
2026-03-22 12:15:19 [INFO    ] [switch] [INIT] Door monitor thread started
2026-03-22 12:15:19 [INFO    ] [switch] [INIT] Initial state: CLOSED
2026-03-22 12:16:27 [INFO    ] [switch] [INIT] SWITCH STATUS MODE (REAL GPIO)
2026-03-22 12:16:27 [INFO    ] [switch] [INIT] Door monitor running (ACTIVE LOW)
2026-03-22 12:16:27 [INFO    ] [switch] [INIT] Door monitor thread started
2026-03-22 12:16:27 [INFO    ] [switch] [INIT] Initial state: CLOSED
2026-03-22 12:17:35 [INFO    ] [switch] [INIT] SWITCH STATUS MODE (REAL GPIO)
2026-03-22 12:17:35 [INFO    ] [switch] [INIT] Door monitor running (ACTIVE LOW)
2026-03-22 12:17:35 [INFO    ] [switch] [INIT] Initial state: CLOSED
2026-03-22 12:17:35 [INFO    ] [switch] [INIT] Door monitor thread started
2026-03-22 12:18:43 [INFO    ] [switch] [INIT] SWITCH STATUS MODE (REAL GPIO)
2026-03-22 12:18:43 [INFO    ] [switch] [INIT] Door monitor running (ACTIVE LOW)
2026-03-22 12:18:43 [INFO    ] [switch] [INIT] Door monitor thread started
2026-03-22 12:18:43 [INFO    ] [switch] [INIT] Initial state: CLOSED
2026-03-22 12:19:51 [INFO    ] [switch] [INIT] SWITCH STATUS MODE (REAL GPIO)
2026-03-22 12:19:51 [INFO    ] [switch] [INIT] Door monitor running (ACTIVE LOW)
2026-03-22 12:19:51 [INFO    ] [switch] [INIT] Door monitor thread started
2026-03-22 12:19:51 [INFO    ] [switch] [INIT] Initial state: CLOSED
2026-03-22 12:20:59 [INFO    ] [switch] [INIT] SWITCH STATUS MODE (REAL GPIO)
2026-03-22 12:20:59 [INFO    ] [switch] [INIT] Door monitor running (ACTIVE LOW)
2026-03-22 12:20:59 [INFO    ] [switch] [INIT] Door monitor thread started
2026-03-22 12:20:59 [INFO    ] [switch] [INIT] Initial state: CLOSED
2026-03-22 12:22:08 [INFO    ] [switch] [INIT] SWITCH STATUS MODE (REAL GPIO)
2026-03-22 12:22:08 [INFO    ] [switch] [INIT] Door monitor running (ACTIVE LOW)
2026-03-22 12:22:08 [INFO    ] [switch] [INIT] Door monitor thread started
2026-03-22 12:22:08 [INFO    ] [switch] [INIT] Initial state: CLOSED
2026-03-22 12:23:16 [INFO    ] [switch] [INIT] SWITCH STATUS MODE (REAL GPIO)
2026-03-22 12:23:16 [INFO    ] [switch] [INIT] Door monitor running (ACTIVE LOW)
2026-03-22 12:23:16 [INFO    ] [switch] [INIT] Door monitor thread started
2026-03-22 12:23:16 [INFO    ] [switch] [INIT] Initial state: CLOSED
2026-03-22 12:24:24 [INFO    ] [switch] [INIT] SWITCH STATUS MODE (REAL GPIO)
2026-03-22 12:24:24 [INFO    ] [switch] [INIT] Door monitor running (ACTIVE LOW)
2026-03-22 12:24:24 [INFO    ] [switch] [INIT] Initial state: CLOSED
2026-03-22 12:24:24 [INFO    ] [switch] [INIT] Door monitor thread started
2026-03-22 12:25:32 [INFO    ] [switch] [INIT] SWITCH STATUS MODE (REAL GPIO)
2026-03-22 12:25:32 [INFO    ] [switch] [INIT] Door monitor running (ACTIVE LOW)
2026-03-22 12:25:32 [INFO    ] [switch] [INIT] Door monitor thread started
2026-03-22 12:25:32 [INFO    ] [switch] [INIT] Initial state: CLOSED
2026-03-22 12:26:40 [INFO    ] [switch] [INIT] SWITCH STATUS MODE (REAL GPIO)
2026-03-22 12:26:40 [INFO    ] [switch] [INIT] Door monitor running (ACTIVE LOW)
2026-03-22 12:26:40 [INFO    ] [switch] [INIT] Door monitor thread started
2026-03-22 12:26:40 [INFO    ] [switch] [INIT] Initial state: CLOSED
2026-03-22 12:27:48 [INFO    ] [switch] [INIT] SWITCH STATUS MODE (REAL GPIO)
2026-03-22 12:27:48 [INFO    ] [switch] [INIT] Door monitor running (ACTIVE LOW)
2026-03-22 12:27:48 [INFO    ] [switch] [INIT] Door monitor thread started
2026-03-22 12:27:48 [INFO    ] [switch] [INIT] Initial state: CLOSED
2026-03-22 12:28:56 [INFO    ] [switch] [INIT] SWITCH STATUS MODE (REAL GPIO)
2026-03-22 12:28:56 [INFO    ] [switch] [INIT] Door monitor running (ACTIVE LOW)
2026-03-22 12:28:56 [INFO    ] [switch] [INIT] Door monitor thread started
2026-03-22 12:28:56 [INFO    ] [switch] [INIT] Initial state: CLOSED
2026-03-22 12:30:04 [INFO    ] [switch] [INIT] SWITCH STATUS MODE (REAL GPIO)
2026-03-22 12:30:04 [INFO    ] [switch] [INIT] Door monitor running (ACTIVE LOW)
2026-03-22 12:30:04 [INFO    ] [switch] [INIT] Door monitor thread started
2026-03-22 12:30:04 [INFO    ] [switch] [INIT] Initial state: CLOSED
2026-03-22 12:31:12 [INFO    ] [switch] [INIT] SWITCH STATUS MODE (REAL GPIO)
2026-03-22 12:31:12 [INFO    ] [switch] [INIT] Door monitor running (ACTIVE LOW)
2026-03-22 12:31:12 [INFO    ] [switch] [INIT] Door monitor thread started
2026-03-22 12:31:12 [INFO    ] [switch] [INIT] Initial state: CLOSED
2026-03-22 12:32:19 [INFO    ] [switch] [INIT] SWITCH STATUS MODE (REAL GPIO)
2026-03-22 12:32:19 [INFO    ] [switch] [INIT] Door monitor running (ACTIVE LOW)
2026-03-22 12:32:19 [INFO    ] [switch] [INIT] Door monitor thread started
2026-03-22 12:32:19 [INFO    ] [switch] [INIT] Initial state: CLOSED
2026-03-22 12:33:27 [INFO    ] [switch] [INIT] SWITCH STATUS MODE (REAL GPIO)
2026-03-22 12:33:27 [INFO    ] [switch] [INIT] Door monitor running (ACTIVE LOW)
2026-03-22 12:33:27 [INFO    ] [switch] [INIT] Door monitor thread started
2026-03-22 12:33:27 [INFO    ] [switch] [INIT] Initial state: CLOSED
2026-03-22 12:34:35 [INFO    ] [switch] [INIT] SWITCH STATUS MODE (REAL GPIO)
2026-03-22 12:34:35 [INFO    ] [switch] [INIT] Door monitor running (ACTIVE LOW)
2026-03-22 12:34:35 [INFO    ] [switch] [INIT] Door monitor thread started
2026-03-22 12:34:35 [INFO    ] [switch] [INIT] Initial state: CLOSED
2026-03-22 12:35:43 [INFO    ] [switch] [INIT] SWITCH STATUS MODE (REAL GPIO)
2026-03-22 12:35:43 [INFO    ] [switch] [INIT] Door monitor running (ACTIVE LOW)
2026-03-22 12:35:43 [INFO    ] [switch] [INIT] Door monitor thread started
2026-03-22 12:35:43 [INFO    ] [switch] [INIT] Initial state: CLOSED
2026-03-22 12:36:51 [INFO    ] [switch] [INIT] SWITCH STATUS MODE (REAL GPIO)
2026-03-22 12:36:51 [INFO    ] [switch] [INIT] Door monitor running (ACTIVE LOW)
2026-03-22 12:36:51 [INFO    ] [switch] [INIT] Door monitor thread started
2026-03-22 12:36:51 [INFO    ] [switch] [INIT] Initial state: CLOSED
2026-03-22 12:37:59 [INFO    ] [switch] [INIT] SWITCH STATUS MODE (REAL GPIO)
2026-03-22 12:37:59 [INFO    ] [switch] [INIT] Door monitor running (ACTIVE LOW)
2026-03-22 12:37:59 [INFO    ] [switch] [INIT] Door monitor thread started
2026-03-22 12:37:59 [INFO    ] [switch] [INIT] Initial state: CLOSED
2026-03-22 12:39:07 [INFO    ] [switch] [INIT] SWITCH STATUS MODE (REAL GPIO)
2026-03-22 12:39:07 [INFO    ] [switch] [INIT] Door monitor running (ACTIVE LOW)
2026-03-22 12:39:07 [INFO    ] [switch] [INIT] Initial state: CLOSED
2026-03-22 12:39:07 [INFO    ] [switch] [INIT] Door monitor thread started
2026-03-22 12:40:15 [INFO    ] [switch] [INIT] SWITCH STATUS MODE (REAL GPIO)
2026-03-22 12:40:15 [INFO    ] [switch] [INIT] Door monitor running (ACTIVE LOW)
2026-03-22 12:40:15 [INFO    ] [switch] [INIT] Door monitor thread started
2026-03-22 12:40:15 [INFO    ] [switch] [INIT] Initial state: CLOSED
2026-03-22 12:41:23 [INFO    ] [switch] [INIT] SWITCH STATUS MODE (REAL GPIO)
2026-03-22 12:41:23 [INFO    ] [switch] [INIT] Door monitor running (ACTIVE LOW)
2026-03-22 12:41:23 [INFO    ] [switch] [INIT] Initial state: CLOSED
2026-03-22 12:41:23 [INFO    ] [switch] [INIT] Door monitor thread started
2026-03-22 12:42:30 [INFO    ] [switch] [INIT] SWITCH STATUS MODE (REAL GPIO)
2026-03-22 12:42:30 [INFO    ] [switch] [INIT] Door monitor running (ACTIVE LOW)
2026-03-22 12:42:30 [INFO    ] [switch] [INIT] Initial state: CLOSED
2026-03-22 12:42:30 [INFO    ] [switch] [INIT] Door monitor thread started
2026-03-22 12:43:38 [INFO    ] [switch] [INIT] SWITCH STATUS MODE (REAL GPIO)
2026-03-22 12:43:39 [INFO    ] [switch] [INIT] Door monitor running (ACTIVE LOW)
2026-03-22 12:43:39 [INFO    ] [switch] [INIT] Door monitor thread started
2026-03-22 12:43:39 [INFO    ] [switch] [INIT] Initial state: CLOSED
2026-03-22 12:44:46 [INFO    ] [switch] [INIT] SWITCH STATUS MODE (REAL GPIO)
2026-03-22 12:44:47 [INFO    ] [switch] [INIT] Door monitor running (ACTIVE LOW)
2026-03-22 12:44:47 [INFO    ] [switch] [INIT] Door monitor thread started
2026-03-22 12:44:47 [INFO    ] [switch] [INIT] Initial state: CLOSED
2026-03-22 12:45:54 [INFO    ] [switch] [INIT] SWITCH STATUS MODE (REAL GPIO)
2026-03-22 12:45:55 [INFO    ] [switch] [INIT] Door monitor running (ACTIVE LOW)
2026-03-22 12:45:55 [INFO    ] [switch] [INIT] Door monitor thread started
2026-03-22 12:45:55 [INFO    ] [switch] [INIT] Initial state: CLOSED
2026-03-22 12:47:03 [INFO    ] [switch] [INIT] SWITCH STATUS MODE (REAL GPIO)
2026-03-22 12:47:03 [INFO    ] [switch] [INIT] Door monitor running (ACTIVE LOW)
2026-03-22 12:47:03 [INFO    ] [switch] [INIT] Initial state: CLOSED
2026-03-22 12:47:03 [INFO    ] [switch] [INIT] Door monitor thread started
2026-03-22 12:48:11 [INFO    ] [switch] [INIT] SWITCH STATUS MODE (REAL GPIO)
2026-03-22 12:48:11 [INFO    ] [switch] [INIT] Door monitor running (ACTIVE LOW)
2026-03-22 12:48:11 [INFO    ] [switch] [INIT] Door monitor thread started
2026-03-22 12:48:11 [INFO    ] [switch] [INIT] Initial state: CLOSED
2026-03-22 12:49:19 [INFO    ] [switch] [INIT] SWITCH STATUS MODE (REAL GPIO)
2026-03-22 12:49:19 [INFO    ] [switch] [INIT] Door monitor running (ACTIVE LOW)
2026-03-22 12:49:19 [INFO    ] [switch] [INIT] Door monitor thread started
2026-03-22 12:49:19 [INFO    ] [switch] [INIT] Initial state: CLOSED
2026-03-22 12:50:27 [INFO    ] [switch] [INIT] SWITCH STATUS MODE (REAL GPIO)
2026-03-22 12:50:27 [INFO    ] [switch] [INIT] Door monitor running (ACTIVE LOW)
2026-03-22 12:50:27 [INFO    ] [switch] [INIT] Door monitor thread started
2026-03-22 12:50:27 [INFO    ] [switch] [INIT] Initial state: CLOSED
2026-03-22 12:51:35 [INFO    ] [switch] [INIT] SWITCH STATUS MODE (REAL GPIO)
2026-03-22 12:51:35 [INFO    ] [switch] [INIT] Door monitor running (ACTIVE LOW)
2026-03-22 12:51:35 [INFO    ] [switch] [INIT] Door monitor thread started
2026-03-22 12:51:35 [INFO    ] [switch] [INIT] Initial state: CLOSED
2026-03-22 12:52:43 [INFO    ] [switch] [INIT] SWITCH STATUS MODE (REAL GPIO)
2026-03-22 12:52:43 [INFO    ] [switch] [INIT] Door monitor running (ACTIVE LOW)
2026-03-22 12:52:43 [INFO    ] [switch] [INIT] Door monitor thread started
2026-03-22 12:52:43 [INFO    ] [switch] [INIT] Initial state: CLOSED
2026-03-22 12:53:51 [INFO    ] [switch] [INIT] SWITCH STATUS MODE (REAL GPIO)
2026-03-22 12:53:51 [INFO    ] [switch] [INIT] Door monitor running (ACTIVE LOW)
2026-03-22 12:53:51 [INFO    ] [switch] [INIT] Initial state: CLOSED
2026-03-22 12:53:51 [INFO    ] [switch] [INIT] Door monitor thread started
2026-03-22 12:54:59 [INFO    ] [switch] [INIT] SWITCH STATUS MODE (REAL GPIO)
2026-03-22 12:54:59 [INFO    ] [switch] [INIT] Door monitor running (ACTIVE LOW)
2026-03-22 12:54:59 [INFO    ] [switch] [INIT] Door monitor thread started
2026-03-22 12:54:59 [INFO    ] [switch] [INIT] Initial state: CLOSED
2026-03-22 12:56:07 [INFO    ] [switch] [INIT] SWITCH STATUS MODE (REAL GPIO)
2026-03-22 12:56:07 [INFO    ] [switch] [INIT] Door monitor running (ACTIVE LOW)
2026-03-22 12:56:07 [INFO    ] [switch] [INIT] Initial state: CLOSED
2026-03-22 12:56:07 [INFO    ] [switch] [INIT] Door monitor thread started
2026-03-22 12:57:15 [INFO    ] [switch] [INIT] SWITCH STATUS MODE (REAL GPIO)
2026-03-22 12:57:16 [INFO    ] [switch] [INIT] Door monitor running (ACTIVE LOW)
2026-03-22 12:57:16 [INFO    ] [switch] [INIT] Door monitor thread started
2026-03-22 12:57:16 [INFO    ] [switch] [INIT] Initial state: CLOSED
2026-03-22 12:58:23 [INFO    ] [switch] [INIT] SWITCH STATUS MODE (REAL GPIO)
2026-03-22 12:58:23 [INFO    ] [switch] [INIT] Door monitor running (ACTIVE LOW)
2026-03-22 12:58:23 [INFO    ] [switch] [INIT] Door monitor thread started
2026-03-22 12:58:23 [INFO    ] [switch] [INIT] Initial state: CLOSED
2026-03-22 12:59:31 [INFO    ] [switch] [INIT] SWITCH STATUS MODE (REAL GPIO)
2026-03-22 12:59:31 [INFO    ] [switch] [INIT] Door monitor running (ACTIVE LOW)
2026-03-22 12:59:31 [INFO    ] [switch] [INIT] Door monitor thread started
2026-03-22 12:59:31 [INFO    ] [switch] [INIT] Initial state: CLOSED
2026-03-22 13:00:39 [INFO    ] [switch] [INIT] SWITCH STATUS MODE (REAL GPIO)
2026-03-22 13:00:40 [INFO    ] [switch] [INIT] Door monitor running (ACTIVE LOW)
2026-03-22 13:00:40 [INFO    ] [switch] [INIT] Initial state: CLOSED
2026-03-22 13:00:40 [INFO    ] [switch] [INIT] Door monitor thread started
2026-03-22 13:01:48 [INFO    ] [switch] [INIT] SWITCH STATUS MODE (REAL GPIO)
2026-03-22 13:01:48 [INFO    ] [switch] [INIT] Door monitor running (ACTIVE LOW)
2026-03-22 13:01:48 [INFO    ] [switch] [INIT] Initial state: CLOSED
2026-03-22 13:01:48 [INFO    ] [switch] [INIT] Door monitor thread started
2026-03-22 13:02:56 [INFO    ] [switch] [INIT] SWITCH STATUS MODE (REAL GPIO)
2026-03-22 13:02:56 [INFO    ] [switch] [INIT] Door monitor running (ACTIVE LOW)
2026-03-22 13:02:56 [INFO    ] [switch] [INIT] Initial state: CLOSED
2026-03-22 13:02:56 [INFO    ] [switch] [INIT] Door monitor thread started
2026-03-22 13:04:04 [INFO    ] [switch] [INIT] SWITCH STATUS MODE (REAL GPIO)
2026-03-22 13:04:04 [INFO    ] [switch] [INIT] Door monitor running (ACTIVE LOW)
2026-03-22 13:04:04 [INFO    ] [switch] [INIT] Door monitor thread started
2026-03-22 13:04:04 [INFO    ] [switch] [INIT] Initial state: CLOSED
2026-03-22 13:05:12 [INFO    ] [switch] [INIT] SWITCH STATUS MODE (REAL GPIO)
2026-03-22 13:05:12 [INFO    ] [switch] [INIT] Door monitor running (ACTIVE LOW)
2026-03-22 13:05:12 [INFO    ] [switch] [INIT] Door monitor thread started
2026-03-22 13:05:12 [INFO    ] [switch] [INIT] Initial state: CLOSED
2026-03-22 13:06:20 [INFO    ] [switch] [INIT] SWITCH STATUS MODE (REAL GPIO)
2026-03-22 13:06:20 [INFO    ] [switch] [INIT] Door monitor running (ACTIVE LOW)
2026-03-22 13:06:20 [INFO    ] [switch] [INIT] Door monitor thread started
2026-03-22 13:06:20 [INFO    ] [switch] [INIT] Initial state: CLOSED
2026-03-22 13:07:28 [INFO    ] [switch] [INIT] SWITCH STATUS MODE (REAL GPIO)
2026-03-22 13:07:28 [INFO    ] [switch] [INIT] Door monitor running (ACTIVE LOW)
2026-03-22 13:07:28 [INFO    ] [switch] [INIT] Door monitor thread started
2026-03-22 13:07:28 [INFO    ] [switch] [INIT] Initial state: CLOSED
2026-03-22 13:08:36 [INFO    ] [switch] [INIT] SWITCH STATUS MODE (REAL GPIO)
2026-03-22 13:08:36 [INFO    ] [switch] [INIT] Door monitor running (ACTIVE LOW)
2026-03-22 13:08:36 [INFO    ] [switch] [INIT] Door monitor thread started
2026-03-22 13:08:36 [INFO    ] [switch] [INIT] Initial state: CLOSED
2026-03-22 13:09:44 [INFO    ] [switch] [INIT] SWITCH STATUS MODE (REAL GPIO)
2026-03-22 13:09:44 [INFO    ] [switch] [INIT] Door monitor running (ACTIVE LOW)
2026-03-22 13:09:44 [INFO    ] [switch] [INIT] Initial state: CLOSED
2026-03-22 13:09:44 [INFO    ] [switch] [INIT] Door monitor thread started
2026-03-22 13:10:52 [INFO    ] [switch] [INIT] SWITCH STATUS MODE (REAL GPIO)
2026-03-22 13:10:52 [INFO    ] [switch] [INIT] Door monitor running (ACTIVE LOW)
2026-03-22 13:10:52 [INFO    ] [switch] [INIT] Initial state: CLOSED
2026-03-22 13:10:52 [INFO    ] [switch] [INIT] Door monitor thread started
2026-03-22 13:12:00 [INFO    ] [switch] [INIT] SWITCH STATUS MODE (REAL GPIO)
2026-03-22 13:12:00 [INFO    ] [switch] [INIT] Door monitor running (ACTIVE LOW)
2026-03-22 13:12:00 [INFO    ] [switch] [INIT] Initial state: CLOSED
2026-03-22 13:12:00 [INFO    ] [switch] [INIT] Door monitor thread started
2026-03-22 13:13:08 [INFO    ] [switch] [INIT] SWITCH STATUS MODE (REAL GPIO)
2026-03-22 13:13:08 [INFO    ] [switch] [INIT] Door monitor running (ACTIVE LOW)
2026-03-22 13:13:08 [INFO    ] [switch] [INIT] Initial state: CLOSED
2026-03-22 13:13:08 [INFO    ] [switch] [INIT] Door monitor thread started
2026-03-22 13:14:16 [INFO    ] [switch] [INIT] SWITCH STATUS MODE (REAL GPIO)
2026-03-22 13:14:16 [INFO    ] [switch] [INIT] Door monitor running (ACTIVE LOW)
2026-03-22 13:14:16 [INFO    ] [switch] [INIT] Door monitor thread started
2026-03-22 13:14:16 [INFO    ] [switch] [INIT] Initial state: CLOSED
2026-03-22 13:15:24 [INFO    ] [switch] [INIT] SWITCH STATUS MODE (REAL GPIO)
2026-03-22 13:15:24 [INFO    ] [switch] [INIT] Door monitor running (ACTIVE LOW)
2026-03-22 13:15:24 [INFO    ] [switch] [INIT] Initial state: CLOSED
2026-03-22 13:15:24 [INFO    ] [switch] [INIT] Door monitor thread started
2026-03-22 13:16:32 [INFO    ] [switch] [INIT] SWITCH STATUS MODE (REAL GPIO)
2026-03-22 13:16:32 [INFO    ] [switch] [INIT] Door monitor running (ACTIVE LOW)
2026-03-22 13:16:32 [INFO    ] [switch] [INIT] Initial state: CLOSED
2026-03-22 13:16:32 [INFO    ] [switch] [INIT] Door monitor thread started
2026-03-22 13:17:40 [INFO    ] [switch] [INIT] SWITCH STATUS MODE (REAL GPIO)
2026-03-22 13:17:40 [INFO    ] [switch] [INIT] Door monitor running (ACTIVE LOW)
2026-03-22 13:17:40 [INFO    ] [switch] [INIT] Door monitor thread started
2026-03-22 13:17:40 [INFO    ] [switch] [INIT] Initial state: CLOSED
2026-03-22 13:18:48 [INFO    ] [switch] [INIT] SWITCH STATUS MODE (REAL GPIO)
2026-03-22 13:18:48 [INFO    ] [switch] [INIT] Door monitor running (ACTIVE LOW)
2026-03-22 13:18:48 [INFO    ] [switch] [INIT] Door monitor thread started
2026-03-22 13:18:48 [INFO    ] [switch] [INIT] Initial state: CLOSED
2026-03-22 13:19:56 [INFO    ] [switch] [INIT] SWITCH STATUS MODE (REAL GPIO)
2026-03-22 13:19:56 [INFO    ] [switch] [INIT] Door monitor running (ACTIVE LOW)
2026-03-22 13:19:56 [INFO    ] [switch] [INIT] Door monitor thread started
2026-03-22 13:19:56 [INFO    ] [switch] [INIT] Initial state: CLOSED
2026-03-22 13:21:04 [INFO    ] [switch] [INIT] SWITCH STATUS MODE (REAL GPIO)
2026-03-22 13:21:04 [INFO    ] [switch] [INIT] Door monitor running (ACTIVE LOW)
2026-03-22 13:21:04 [INFO    ] [switch] [INIT] Initial state: CLOSED
2026-03-22 13:21:04 [INFO    ] [switch] [INIT] Door monitor thread started
2026-03-22 13:22:12 [INFO    ] [switch] [INIT] SWITCH STATUS MODE (REAL GPIO)
2026-03-22 13:22:12 [INFO    ] [switch] [INIT] Door monitor running (ACTIVE LOW)
2026-03-22 13:22:12 [INFO    ] [switch] [INIT] Door monitor thread started
2026-03-22 13:22:12 [INFO    ] [switch] [INIT] Initial state: CLOSED
2026-03-22 13:23:20 [INFO    ] [switch] [INIT] SWITCH STATUS MODE (REAL GPIO)
2026-03-22 13:23:20 [INFO    ] [switch] [INIT] Door monitor running (ACTIVE LOW)
2026-03-22 13:23:20 [INFO    ] [switch] [INIT] Door monitor thread started
2026-03-22 13:23:20 [INFO    ] [switch] [INIT] Initial state: CLOSED
2026-03-22 13:24:28 [INFO    ] [switch] [INIT] SWITCH STATUS MODE (REAL GPIO)
2026-03-22 13:24:28 [INFO    ] [switch] [INIT] Door monitor running (ACTIVE LOW)
2026-03-22 13:24:28 [INFO    ] [switch] [INIT] Door monitor thread started
2026-03-22 13:24:28 [INFO    ] [switch] [INIT] Initial state: CLOSED
2026-03-22 13:25:36 [INFO    ] [switch] [INIT] SWITCH STATUS MODE (REAL GPIO)
2026-03-22 13:25:36 [INFO    ] [switch] [INIT] Door monitor running (ACTIVE LOW)
2026-03-22 13:25:36 [INFO    ] [switch] [INIT] Initial state: CLOSED
2026-03-22 13:25:36 [INFO    ] [switch] [INIT] Door monitor thread started
2026-03-22 13:26:44 [INFO    ] [switch] [INIT] SWITCH STATUS MODE (REAL GPIO)
2026-03-22 13:26:44 [INFO    ] [switch] [INIT] Door monitor running (ACTIVE LOW)
2026-03-22 13:26:44 [INFO    ] [switch] [INIT] Initial state: CLOSED
2026-03-22 13:26:44 [INFO    ] [switch] [INIT] Door monitor thread started
2026-03-22 13:27:52 [INFO    ] [switch] [INIT] SWITCH STATUS MODE (REAL GPIO)
2026-03-22 13:27:52 [INFO    ] [switch] [INIT] Door monitor running (ACTIVE LOW)
2026-03-22 13:27:52 [INFO    ] [switch] [INIT] Door monitor thread started
2026-03-22 13:27:52 [INFO    ] [switch] [INIT] Initial state: CLOSED
2026-03-22 13:29:00 [INFO    ] [switch] [INIT] SWITCH STATUS MODE (REAL GPIO)
2026-03-22 13:29:00 [INFO    ] [switch] [INIT] Door monitor running (ACTIVE LOW)
2026-03-22 13:29:00 [INFO    ] [switch] [INIT] Door monitor thread started
2026-03-22 13:29:00 [INFO    ] [switch] [INIT] Initial state: CLOSED
2026-03-22 13:30:08 [INFO    ] [switch] [INIT] SWITCH STATUS MODE (REAL GPIO)
2026-03-22 13:30:08 [INFO    ] [switch] [INIT] Door monitor running (ACTIVE LOW)
2026-03-22 13:30:08 [INFO    ] [switch] [INIT] Door monitor thread started
2026-03-22 13:30:08 [INFO    ] [switch] [INIT] Initial state: CLOSED
2026-03-22 13:31:16 [INFO    ] [switch] [INIT] SWITCH STATUS MODE (REAL GPIO)
2026-03-22 13:31:16 [INFO    ] [switch] [INIT] Door monitor running (ACTIVE LOW)
2026-03-22 13:31:16 [INFO    ] [switch] [INIT] Door monitor thread started
2026-03-22 13:31:16 [INFO    ] [switch] [INIT] Initial state: CLOSED
2026-03-22 13:32:24 [INFO    ] [switch] [INIT] SWITCH STATUS MODE (REAL GPIO)
2026-03-22 13:32:24 [INFO    ] [switch] [INIT] Door monitor running (ACTIVE LOW)
2026-03-22 13:32:24 [INFO    ] [switch] [INIT] Door monitor thread started
2026-03-22 13:32:24 [INFO    ] [switch] [INIT] Initial state: CLOSED
2026-03-22 13:33:32 [INFO    ] [switch] [INIT] SWITCH STATUS MODE (REAL GPIO)
2026-03-22 13:33:32 [INFO    ] [switch] [INIT] Door monitor running (ACTIVE LOW)
2026-03-22 13:33:32 [INFO    ] [switch] [INIT] Door monitor thread started
2026-03-22 13:33:32 [INFO    ] [switch] [INIT] Initial state: CLOSED
2026-03-22 13:34:40 [INFO    ] [switch] [INIT] SWITCH STATUS MODE (REAL GPIO)
2026-03-22 13:34:40 [INFO    ] [switch] [INIT] Door monitor running (ACTIVE LOW)
2026-03-22 13:34:40 [INFO    ] [switch] [INIT] Door monitor thread started
2026-03-22 13:34:40 [INFO    ] [switch] [INIT] Initial state: CLOSED
2026-03-22 13:35:48 [INFO    ] [switch] [INIT] SWITCH STATUS MODE (REAL GPIO)
2026-03-22 13:35:48 [INFO    ] [switch] [INIT] Door monitor running (ACTIVE LOW)
2026-03-22 13:35:48 [INFO    ] [switch] [INIT] Initial state: CLOSED
2026-03-22 13:35:48 [INFO    ] [switch] [INIT] Door monitor thread started
2026-03-22 13:36:56 [INFO    ] [switch] [INIT] SWITCH STATUS MODE (REAL GPIO)
2026-03-22 13:36:56 [INFO    ] [switch] [INIT] Door monitor running (ACTIVE LOW)
2026-03-22 13:36:56 [INFO    ] [switch] [INIT] Door monitor thread started
2026-03-22 13:36:56 [INFO    ] [switch] [INIT] Initial state: CLOSED
2026-03-22 13:38:04 [INFO    ] [switch] [INIT] SWITCH STATUS MODE (REAL GPIO)
2026-03-22 13:38:04 [INFO    ] [switch] [INIT] Door monitor running (ACTIVE LOW)
2026-03-22 13:38:04 [INFO    ] [switch] [INIT] Door monitor thread started
2026-03-22 13:38:04 [INFO    ] [switch] [INIT] Initial state: CLOSED
2026-03-22 13:39:12 [INFO    ] [switch] [INIT] SWITCH STATUS MODE (REAL GPIO)
2026-03-22 13:39:12 [INFO    ] [switch] [INIT] Door monitor running (ACTIVE LOW)
2026-03-22 13:39:12 [INFO    ] [switch] [INIT] Door monitor thread started
2026-03-22 13:39:12 [INFO    ] [switch] [INIT] Initial state: CLOSED
2026-03-22 13:40:20 [INFO    ] [switch] [INIT] SWITCH STATUS MODE (REAL GPIO)
2026-03-22 13:40:20 [INFO    ] [switch] [INIT] Door monitor running (ACTIVE LOW)
2026-03-22 13:40:20 [INFO    ] [switch] [INIT] Door monitor thread started
2026-03-22 13:40:20 [INFO    ] [switch] [INIT] Initial state: CLOSED
2026-03-22 13:41:28 [INFO    ] [switch] [INIT] SWITCH STATUS MODE (REAL GPIO)
2026-03-22 13:41:28 [INFO    ] [switch] [INIT] Door monitor running (ACTIVE LOW)
2026-03-22 13:41:28 [INFO    ] [switch] [INIT] Door monitor thread started
2026-03-22 13:41:28 [INFO    ] [switch] [INIT] Initial state: CLOSED
2026-03-22 13:42:36 [INFO    ] [switch] [INIT] SWITCH STATUS MODE (REAL GPIO)
2026-03-22 13:42:36 [INFO    ] [switch] [INIT] Door monitor running (ACTIVE LOW)
2026-03-22 13:42:36 [INFO    ] [switch] [INIT] Door monitor thread started
2026-03-22 13:42:36 [INFO    ] [switch] [INIT] Initial state: CLOSED
2026-03-22 13:43:44 [INFO    ] [switch] [INIT] SWITCH STATUS MODE (REAL GPIO)
2026-03-22 13:43:44 [INFO    ] [switch] [INIT] Door monitor running (ACTIVE LOW)
2026-03-22 13:43:44 [INFO    ] [switch] [INIT] Door monitor thread started
2026-03-22 13:43:44 [INFO    ] [switch] [INIT] Initial state: CLOSED
2026-03-22 13:44:53 [INFO    ] [switch] [INIT] SWITCH STATUS MODE (REAL GPIO)
2026-03-22 13:44:53 [INFO    ] [switch] [INIT] Door monitor running (ACTIVE LOW)
2026-03-22 13:44:53 [INFO    ] [switch] [INIT] Door monitor thread started
2026-03-22 13:44:53 [INFO    ] [switch] [INIT] Initial state: CLOSED
2026-03-22 13:46:01 [INFO    ] [switch] [INIT] SWITCH STATUS MODE (REAL GPIO)
2026-03-22 13:46:01 [INFO    ] [switch] [INIT] Door monitor running (ACTIVE LOW)
2026-03-22 13:46:01 [INFO    ] [switch] [INIT] Door monitor thread started
2026-03-22 13:46:01 [INFO    ] [switch] [INIT] Initial state: CLOSED
2026-03-22 13:47:09 [INFO    ] [switch] [INIT] SWITCH STATUS MODE (REAL GPIO)
2026-03-22 13:47:09 [INFO    ] [switch] [INIT] Door monitor running (ACTIVE LOW)
2026-03-22 13:47:09 [INFO    ] [switch] [INIT] Door monitor thread started
2026-03-22 13:47:09 [INFO    ] [switch] [INIT] Initial state: CLOSED
2026-03-22 13:48:17 [INFO    ] [switch] [INIT] SWITCH STATUS MODE (REAL GPIO)
2026-03-22 13:48:17 [INFO    ] [switch] [INIT] Door monitor running (ACTIVE LOW)
2026-03-22 13:48:17 [INFO    ] [switch] [INIT] Door monitor thread started
2026-03-22 13:48:17 [INFO    ] [switch] [INIT] Initial state: CLOSED
2026-03-22 13:48:17 [INFO    ] [switch] [INIT] SWITCH STATUS MODE (REAL GPIO)
2026-03-22 13:48:17 [INFO    ] [switch] [INIT] Door monitor running (ACTIVE LOW)
2026-03-22 13:48:17 [INFO    ] [switch] [INIT] Door monitor thread started
2026-03-22 13:48:17 [INFO    ] [switch] [INIT] Initial state: CLOSED
2026-03-22 13:49:25 [INFO    ] [switch] [INIT] SWITCH STATUS MODE (REAL GPIO)
2026-03-22 13:49:25 [INFO    ] [switch] [INIT] Door monitor running (ACTIVE LOW)
2026-03-22 13:49:25 [INFO    ] [switch] [INIT] Initial state: CLOSED
2026-03-22 13:49:25 [INFO    ] [switch] [INIT] Door monitor thread started
2026-03-22 13:50:33 [INFO    ] [switch] [INIT] SWITCH STATUS MODE (REAL GPIO)
2026-03-22 13:50:33 [INFO    ] [switch] [INIT] Door monitor running (ACTIVE LOW)
2026-03-22 13:50:33 [INFO    ] [switch] [INIT] Door monitor thread started
2026-03-22 13:50:33 [INFO    ] [switch] [INIT] Initial state: CLOSED
2026-03-22 13:51:41 [INFO    ] [switch] [INIT] SWITCH STATUS MODE (REAL GPIO)
2026-03-22 13:51:41 [INFO    ] [switch] [INIT] Door monitor running (ACTIVE LOW)
2026-03-22 13:51:41 [INFO    ] [switch] [INIT] Door monitor thread started
2026-03-22 13:51:41 [INFO    ] [switch] [INIT] Initial state: CLOSED
2026-03-22 13:52:49 [INFO    ] [switch] [INIT] SWITCH STATUS MODE (REAL GPIO)
2026-03-22 13:52:49 [INFO    ] [switch] [INIT] Door monitor running (ACTIVE LOW)
2026-03-22 13:52:49 [INFO    ] [switch] [INIT] Initial state: CLOSED
2026-03-22 13:52:49 [INFO    ] [switch] [INIT] Door monitor thread started
2026-03-22 13:53:57 [INFO    ] [switch] [INIT] SWITCH STATUS MODE (REAL GPIO)
2026-03-22 13:53:57 [INFO    ] [switch] [INIT] Door monitor running (ACTIVE LOW)
2026-03-22 13:53:57 [INFO    ] [switch] [INIT] Initial state: CLOSED
2026-03-22 13:53:57 [INFO    ] [switch] [INIT] Door monitor thread started
2026-03-22 13:55:05 [INFO    ] [switch] [INIT] SWITCH STATUS MODE (REAL GPIO)
2026-03-22 13:55:05 [INFO    ] [switch] [INIT] Door monitor running (ACTIVE LOW)
2026-03-22 13:55:05 [INFO    ] [switch] [INIT] Door monitor thread started
2026-03-22 13:55:05 [INFO    ] [switch] [INIT] Initial state: CLOSED
2026-03-22 13:56:13 [INFO    ] [switch] [INIT] SWITCH STATUS MODE (REAL GPIO)
2026-03-22 13:56:13 [INFO    ] [switch] [INIT] Door monitor running (ACTIVE LOW)
2026-03-22 13:56:13 [INFO    ] [switch] [INIT] Door monitor thread started
2026-03-22 13:56:13 [INFO    ] [switch] [INIT] Initial state: CLOSED
2026-03-22 13:57:22 [INFO    ] [switch] [INIT] SWITCH STATUS MODE (REAL GPIO)
2026-03-22 13:57:22 [INFO    ] [switch] [INIT] Door monitor running (ACTIVE LOW)
2026-03-22 13:57:22 [INFO    ] [switch] [INIT] Initial state: CLOSED
2026-03-22 13:57:22 [INFO    ] [switch] [INIT] Door monitor thread started
2026-03-22 13:58:30 [INFO    ] [switch] [INIT] SWITCH STATUS MODE (REAL GPIO)
2026-03-22 13:58:30 [INFO    ] [switch] [INIT] Door monitor running (ACTIVE LOW)
2026-03-22 13:58:30 [INFO    ] [switch] [INIT] Initial state: CLOSED
2026-03-22 13:58:30 [INFO    ] [switch] [INIT] Door monitor thread started
2026-03-22 13:59:38 [INFO    ] [switch] [INIT] SWITCH STATUS MODE (REAL GPIO)
2026-03-22 13:59:38 [INFO    ] [switch] [INIT] Door monitor running (ACTIVE LOW)
2026-03-22 13:59:38 [INFO    ] [switch] [INIT] Initial state: CLOSED
2026-03-22 13:59:38 [INFO    ] [switch] [INIT] Door monitor thread started
2026-03-22 14:00:46 [INFO    ] [switch] [INIT] SWITCH STATUS MODE (REAL GPIO)
2026-03-22 14:00:46 [INFO    ] [switch] [INIT] Door monitor running (ACTIVE LOW)
2026-03-22 14:00:46 [INFO    ] [switch] [INIT] Door monitor thread started
2026-03-22 14:00:46 [INFO    ] [switch] [INIT] Initial state: CLOSED
2026-03-22 14:01:54 [INFO    ] [switch] [INIT] SWITCH STATUS MODE (REAL GPIO)
2026-03-22 14:01:54 [INFO    ] [switch] [INIT] Door monitor running (ACTIVE LOW)
2026-03-22 14:01:54 [INFO    ] [switch] [INIT] Door monitor thread started
2026-03-22 14:01:54 [INFO    ] [switch] [INIT] Initial state: CLOSED
2026-03-22 14:03:02 [INFO    ] [switch] [INIT] SWITCH STATUS MODE (REAL GPIO)
2026-03-22 14:03:02 [INFO    ] [switch] [INIT] Door monitor running (ACTIVE LOW)
2026-03-22 14:03:02 [INFO    ] [switch] [INIT] Door monitor thread started
2026-03-22 14:03:02 [INFO    ] [switch] [INIT] Initial state: CLOSED
2026-03-22 14:04:10 [INFO    ] [switch] [INIT] SWITCH STATUS MODE (REAL GPIO)
2026-03-22 14:04:10 [INFO    ] [switch] [INIT] Door monitor running (ACTIVE LOW)
2026-03-22 14:04:10 [INFO    ] [switch] [INIT] Door monitor thread started
2026-03-22 14:04:10 [INFO    ] [switch] [INIT] Initial state: CLOSED
2026-03-22 14:05:18 [INFO    ] [switch] [INIT] SWITCH STATUS MODE (REAL GPIO)
2026-03-22 14:05:18 [INFO    ] [switch] [INIT] Door monitor running (ACTIVE LOW)
2026-03-22 14:05:18 [INFO    ] [switch] [INIT] Door monitor thread started
2026-03-22 14:05:18 [INFO    ] [switch] [INIT] Initial state: CLOSED
2026-03-22 14:06:26 [INFO    ] [switch] [INIT] SWITCH STATUS MODE (REAL GPIO)
2026-03-22 14:06:26 [INFO    ] [switch] [INIT] Door monitor running (ACTIVE LOW)
2026-03-22 14:06:26 [INFO    ] [switch] [INIT] Door monitor thread started
2026-03-22 14:06:26 [INFO    ] [switch] [INIT] Initial state: CLOSED
2026-03-22 14:07:34 [INFO    ] [switch] [INIT] SWITCH STATUS MODE (REAL GPIO)
2026-03-22 14:07:34 [INFO    ] [switch] [INIT] Door monitor running (ACTIVE LOW)
2026-03-22 14:07:34 [INFO    ] [switch] [INIT] Door monitor thread started
2026-03-22 14:07:34 [INFO    ] [switch] [INIT] Initial state: CLOSED
2026-03-22 14:08:42 [INFO    ] [switch] [INIT] SWITCH STATUS MODE (REAL GPIO)
2026-03-22 14:08:42 [INFO    ] [switch] [INIT] Door monitor running (ACTIVE LOW)
2026-03-22 14:08:42 [INFO    ] [switch] [INIT] Initial state: CLOSED
2026-03-22 14:08:42 [INFO    ] [switch] [INIT] Door monitor thread started
2026-03-22 14:09:50 [INFO    ] [switch] [INIT] SWITCH STATUS MODE (REAL GPIO)
2026-03-22 14:09:50 [INFO    ] [switch] [INIT] Door monitor running (ACTIVE LOW)
2026-03-22 14:09:50 [INFO    ] [switch] [INIT] Initial state: CLOSED
2026-03-22 14:09:50 [INFO    ] [switch] [INIT] Door monitor thread started
2026-03-22 14:10:58 [INFO    ] [switch] [INIT] SWITCH STATUS MODE (REAL GPIO)
2026-03-22 14:10:58 [INFO    ] [switch] [INIT] Door monitor running (ACTIVE LOW)
2026-03-22 14:10:58 [INFO    ] [switch] [INIT] Door monitor thread started
2026-03-22 14:10:58 [INFO    ] [switch] [INIT] Initial state: CLOSED
2026-03-22 14:12:06 [INFO    ] [switch] [INIT] SWITCH STATUS MODE (REAL GPIO)
2026-03-22 14:12:06 [INFO    ] [switch] [INIT] Door monitor running (ACTIVE LOW)
2026-03-22 14:12:06 [INFO    ] [switch] [INIT] Initial state: CLOSED
2026-03-22 14:12:06 [INFO    ] [switch] [INIT] Door monitor thread started
2026-03-22 14:13:14 [INFO    ] [switch] [INIT] SWITCH STATUS MODE (REAL GPIO)
2026-03-22 14:13:14 [INFO    ] [switch] [INIT] Door monitor running (ACTIVE LOW)
2026-03-22 14:13:14 [INFO    ] [switch] [INIT] Door monitor thread started
2026-03-22 14:13:14 [INFO    ] [switch] [INIT] Initial state: CLOSED
2026-03-22 14:14:22 [INFO    ] [switch] [INIT] SWITCH STATUS MODE (REAL GPIO)
2026-03-22 14:14:22 [INFO    ] [switch] [INIT] Door monitor running (ACTIVE LOW)
2026-03-22 14:14:22 [INFO    ] [switch] [INIT] Door monitor thread started
2026-03-22 14:14:22 [INFO    ] [switch] [INIT] Initial state: CLOSED
2026-03-22 14:15:30 [INFO    ] [switch] [INIT] SWITCH STATUS MODE (REAL GPIO)
2026-03-22 14:15:30 [INFO    ] [switch] [INIT] Door monitor running (ACTIVE LOW)
2026-03-22 14:15:30 [INFO    ] [switch] [INIT] Door monitor thread started
2026-03-22 14:15:30 [INFO    ] [switch] [INIT] Initial state: CLOSED
2026-03-22 14:15:30 [INFO    ] [switch] [INIT] SWITCH STATUS MODE (REAL GPIO)
2026-03-22 14:15:30 [INFO    ] [switch] [INIT] Door monitor running (ACTIVE LOW)
2026-03-22 14:15:30 [INFO    ] [switch] [INIT] Initial state: CLOSED
2026-03-22 14:15:30 [INFO    ] [switch] [INIT] Door monitor thread started
2026-03-22 14:16:38 [INFO    ] [switch] [INIT] SWITCH STATUS MODE (REAL GPIO)
2026-03-22 14:16:38 [INFO    ] [switch] [INIT] Door monitor running (ACTIVE LOW)
2026-03-22 14:16:38 [INFO    ] [switch] [INIT] Initial state: CLOSED
2026-03-22 14:16:38 [INFO    ] [switch] [INIT] Door monitor thread started
2026-03-22 14:17:46 [INFO    ] [switch] [INIT] SWITCH STATUS MODE (REAL GPIO)
2026-03-22 14:17:46 [INFO    ] [switch] [INIT] Door monitor running (ACTIVE LOW)
2026-03-22 14:17:46 [INFO    ] [switch] [INIT] Door monitor thread started
2026-03-22 14:17:46 [INFO    ] [switch] [INIT] Initial state: CLOSED
2026-03-22 14:18:54 [INFO    ] [switch] [INIT] SWITCH STATUS MODE (REAL GPIO)
2026-03-22 14:18:54 [INFO    ] [switch] [INIT] Door monitor running (ACTIVE LOW)
2026-03-22 14:18:54 [INFO    ] [switch] [INIT] Initial state: CLOSED
2026-03-22 14:18:54 [INFO    ] [switch] [INIT] Door monitor thread started
2026-03-22 14:20:02 [INFO    ] [switch] [INIT] SWITCH STATUS MODE (REAL GPIO)
2026-03-22 14:20:02 [INFO    ] [switch] [INIT] Door monitor running (ACTIVE LOW)
2026-03-22 14:20:02 [INFO    ] [switch] [INIT] Door monitor thread started
2026-03-22 14:20:02 [INFO    ] [switch] [INIT] Initial state: CLOSED
2026-03-22 14:21:10 [INFO    ] [switch] [INIT] SWITCH STATUS MODE (REAL GPIO)
2026-03-22 14:21:10 [INFO    ] [switch] [INIT] Door monitor running (ACTIVE LOW)
2026-03-22 14:21:10 [INFO    ] [switch] [INIT] Initial state: CLOSED
2026-03-22 14:21:10 [INFO    ] [switch] [INIT] Door monitor thread started
2026-03-22 14:22:18 [INFO    ] [switch] [INIT] SWITCH STATUS MODE (REAL GPIO)
2026-03-22 14:22:18 [INFO    ] [switch] [INIT] Door monitor running (ACTIVE LOW)
2026-03-22 14:22:18 [INFO    ] [switch] [INIT] Door monitor thread started
2026-03-22 14:22:18 [INFO    ] [switch] [INIT] Initial state: CLOSED
2026-03-22 14:23:26 [INFO    ] [switch] [INIT] SWITCH STATUS MODE (REAL GPIO)
2026-03-22 14:23:26 [INFO    ] [switch] [INIT] Door monitor running (ACTIVE LOW)
2026-03-22 14:23:26 [INFO    ] [switch] [INIT] Door monitor thread started
2026-03-22 14:23:26 [INFO    ] [switch] [INIT] Initial state: CLOSED
2026-03-22 14:24:34 [INFO    ] [switch] [INIT] SWITCH STATUS MODE (REAL GPIO)
2026-03-22 14:24:34 [INFO    ] [switch] [INIT] Door monitor running (ACTIVE LOW)
2026-03-22 14:24:34 [INFO    ] [switch] [INIT] Door monitor thread started
2026-03-22 14:24:34 [INFO    ] [switch] [INIT] Initial state: CLOSED
2026-03-22 14:25:42 [INFO    ] [switch] [INIT] SWITCH STATUS MODE (REAL GPIO)
2026-03-22 14:25:42 [INFO    ] [switch] [INIT] Door monitor running (ACTIVE LOW)
2026-03-22 14:25:42 [INFO    ] [switch] [INIT] Door monitor thread started
2026-03-22 14:25:42 [INFO    ] [switch] [INIT] Initial state: CLOSED
2026-03-22 14:26:50 [INFO    ] [switch] [INIT] SWITCH STATUS MODE (REAL GPIO)
2026-03-22 14:26:50 [INFO    ] [switch] [INIT] Door monitor running (ACTIVE LOW)
2026-03-22 14:26:50 [INFO    ] [switch] [INIT] Initial state: CLOSED
2026-03-22 14:26:50 [INFO    ] [switch] [INIT] Door monitor thread started
2026-03-22 14:27:58 [INFO    ] [switch] [INIT] SWITCH STATUS MODE (REAL GPIO)
2026-03-22 14:27:58 [INFO    ] [switch] [INIT] Door monitor running (ACTIVE LOW)
2026-03-22 14:27:58 [INFO    ] [switch] [INIT] Initial state: CLOSED
2026-03-22 14:27:58 [INFO    ] [switch] [INIT] Door monitor thread started
2026-03-22 14:29:06 [INFO    ] [switch] [INIT] SWITCH STATUS MODE (REAL GPIO)
2026-03-22 14:29:06 [INFO    ] [switch] [INIT] Door monitor running (ACTIVE LOW)
2026-03-22 14:29:06 [INFO    ] [switch] [INIT] Door monitor thread started
2026-03-22 14:29:06 [INFO    ] [switch] [INIT] Initial state: CLOSED
2026-03-22 14:30:14 [INFO    ] [switch] [INIT] SWITCH STATUS MODE (REAL GPIO)
2026-03-22 14:30:14 [INFO    ] [switch] [INIT] Door monitor running (ACTIVE LOW)
2026-03-22 14:30:14 [INFO    ] [switch] [INIT] Door monitor thread started
2026-03-22 14:30:14 [INFO    ] [switch] [INIT] Initial state: CLOSED
2026-03-22 14:31:22 [INFO    ] [switch] [INIT] SWITCH STATUS MODE (REAL GPIO)
2026-03-22 14:31:22 [INFO    ] [switch] [INIT] Door monitor running (ACTIVE LOW)
2026-03-22 14:31:22 [INFO    ] [switch] [INIT] Door monitor thread started
2026-03-22 14:31:22 [INFO    ] [switch] [INIT] Initial state: CLOSED
2026-03-22 14:32:30 [INFO    ] [switch] [INIT] SWITCH STATUS MODE (REAL GPIO)
2026-03-22 14:32:30 [INFO    ] [switch] [INIT] Door monitor running (ACTIVE LOW)
2026-03-22 14:32:30 [INFO    ] [switch] [INIT] Initial state: CLOSED
2026-03-22 14:32:30 [INFO    ] [switch] [INIT] Door monitor thread started
2026-03-22 14:33:38 [INFO    ] [switch] [INIT] SWITCH STATUS MODE (REAL GPIO)
2026-03-22 14:33:38 [INFO    ] [switch] [INIT] Door monitor running (ACTIVE LOW)
2026-03-22 14:33:38 [INFO    ] [switch] [INIT] Door monitor thread started
2026-03-22 14:33:38 [INFO    ] [switch] [INIT] Initial state: CLOSED
2026-03-22 14:34:46 [INFO    ] [switch] [INIT] SWITCH STATUS MODE (REAL GPIO)
2026-03-22 14:34:46 [INFO    ] [switch] [INIT] Door monitor running (ACTIVE LOW)
2026-03-22 14:34:46 [INFO    ] [switch] [INIT] Initial state: CLOSED
2026-03-22 14:34:46 [INFO    ] [switch] [INIT] Door monitor thread started
2026-03-22 14:35:54 [INFO    ] [switch] [INIT] SWITCH STATUS MODE (REAL GPIO)
2026-03-22 14:35:54 [INFO    ] [switch] [INIT] Door monitor running (ACTIVE LOW)
2026-03-22 14:35:54 [INFO    ] [switch] [INIT] Door monitor thread started
2026-03-22 14:35:54 [INFO    ] [switch] [INIT] Initial state: CLOSED
2026-03-22 14:37:02 [INFO    ] [switch] [INIT] SWITCH STATUS MODE (REAL GPIO)
2026-03-22 14:37:02 [INFO    ] [switch] [INIT] Door monitor running (ACTIVE LOW)
2026-03-22 14:37:02 [INFO    ] [switch] [INIT] Door monitor thread started
2026-03-22 14:37:02 [INFO    ] [switch] [INIT] Initial state: CLOSED
2026-03-22 14:38:10 [INFO    ] [switch] [INIT] SWITCH STATUS MODE (REAL GPIO)
2026-03-22 14:38:10 [INFO    ] [switch] [INIT] Door monitor running (ACTIVE LOW)
2026-03-22 14:38:10 [INFO    ] [switch] [INIT] Door monitor thread started
2026-03-22 14:38:10 [INFO    ] [switch] [INIT] Initial state: CLOSED
2026-03-22 14:39:18 [INFO    ] [switch] [INIT] SWITCH STATUS MODE (REAL GPIO)
2026-03-22 14:39:18 [INFO    ] [switch] [INIT] Door monitor running (ACTIVE LOW)
2026-03-22 14:39:18 [INFO    ] [switch] [INIT] Door monitor thread started
2026-03-22 14:39:18 [INFO    ] [switch] [INIT] Initial state: CLOSED
2026-03-22 14:40:26 [INFO    ] [switch] [INIT] SWITCH STATUS MODE (REAL GPIO)
2026-03-22 14:40:26 [INFO    ] [switch] [INIT] Door monitor running (ACTIVE LOW)
2026-03-22 14:40:26 [INFO    ] [switch] [INIT] Door monitor thread started
2026-03-22 14:40:26 [INFO    ] [switch] [INIT] Initial state: CLOSED
2026-03-22 14:41:34 [INFO    ] [switch] [INIT] SWITCH STATUS MODE (REAL GPIO)
2026-03-22 14:41:34 [INFO    ] [switch] [INIT] Door monitor running (ACTIVE LOW)
2026-03-22 14:41:34 [INFO    ] [switch] [INIT] Door monitor thread started
2026-03-22 14:41:34 [INFO    ] [switch] [INIT] Initial state: CLOSED
2026-03-22 14:42:42 [INFO    ] [switch] [INIT] SWITCH STATUS MODE (REAL GPIO)
2026-03-22 14:42:42 [INFO    ] [switch] [INIT] Door monitor running (ACTIVE LOW)
2026-03-22 14:42:42 [INFO    ] [switch] [INIT] Initial state: CLOSED
2026-03-22 14:42:42 [INFO    ] [switch] [INIT] Door monitor thread started
2026-03-22 14:43:50 [INFO    ] [switch] [INIT] SWITCH STATUS MODE (REAL GPIO)
2026-03-22 14:43:50 [INFO    ] [switch] [INIT] Door monitor running (ACTIVE LOW)
2026-03-22 14:43:50 [INFO    ] [switch] [INIT] Door monitor thread started
2026-03-22 14:43:50 [INFO    ] [switch] [INIT] Initial state: CLOSED
2026-03-22 14:44:58 [INFO    ] [switch] [INIT] SWITCH STATUS MODE (REAL GPIO)
2026-03-22 14:44:58 [INFO    ] [switch] [INIT] Door monitor running (ACTIVE LOW)
2026-03-22 14:44:58 [INFO    ] [switch] [INIT] Door monitor thread started
2026-03-22 14:44:58 [INFO    ] [switch] [INIT] Initial state: CLOSED
2026-03-22 14:46:06 [INFO    ] [switch] [INIT] SWITCH STATUS MODE (REAL GPIO)
2026-03-22 14:46:06 [INFO    ] [switch] [INIT] Door monitor running (ACTIVE LOW)
2026-03-22 14:46:06 [INFO    ] [switch] [INIT] Door monitor thread started
2026-03-22 14:46:06 [INFO    ] [switch] [INIT] Initial state: CLOSED
2026-03-22 14:47:14 [INFO    ] [switch] [INIT] SWITCH STATUS MODE (REAL GPIO)
2026-03-22 14:47:14 [INFO    ] [switch] [INIT] Door monitor running (ACTIVE LOW)
2026-03-22 14:47:14 [INFO    ] [switch] [INIT] Initial state: CLOSED
2026-03-22 14:47:14 [INFO    ] [switch] [INIT] Door monitor thread started
2026-03-22 14:48:22 [INFO    ] [switch] [INIT] SWITCH STATUS MODE (REAL GPIO)
2026-03-22 14:48:22 [INFO    ] [switch] [INIT] Door monitor running (ACTIVE LOW)
2026-03-22 14:48:22 [INFO    ] [switch] [INIT] Door monitor thread started
2026-03-22 14:48:22 [INFO    ] [switch] [INIT] Initial state: CLOSED
2026-03-22 14:49:30 [INFO    ] [switch] [INIT] SWITCH STATUS MODE (REAL GPIO)
2026-03-22 14:49:30 [INFO    ] [switch] [INIT] Door monitor running (ACTIVE LOW)
2026-03-22 14:49:30 [INFO    ] [switch] [INIT] Door monitor thread started
2026-03-22 14:49:30 [INFO    ] [switch] [INIT] Initial state: CLOSED
2026-03-22 14:50:38 [INFO    ] [switch] [INIT] SWITCH STATUS MODE (REAL GPIO)
2026-03-22 14:50:38 [INFO    ] [switch] [INIT] Door monitor running (ACTIVE LOW)
2026-03-22 14:50:38 [INFO    ] [switch] [INIT] Door monitor thread started
2026-03-22 14:50:38 [INFO    ] [switch] [INIT] Initial state: CLOSED
2026-03-22 14:51:46 [INFO    ] [switch] [INIT] SWITCH STATUS MODE (REAL GPIO)
2026-03-22 14:51:46 [INFO    ] [switch] [INIT] Door monitor running (ACTIVE LOW)
2026-03-22 14:51:46 [INFO    ] [switch] [INIT] Door monitor thread started
2026-03-22 14:51:46 [INFO    ] [switch] [INIT] Initial state: CLOSED
2026-03-22 14:52:54 [INFO    ] [switch] [INIT] SWITCH STATUS MODE (REAL GPIO)
2026-03-22 14:52:54 [INFO    ] [switch] [INIT] Door monitor running (ACTIVE LOW)
2026-03-22 14:52:54 [INFO    ] [switch] [INIT] Initial state: CLOSED
2026-03-22 14:52:54 [INFO    ] [switch] [INIT] Door monitor thread started
2026-03-22 14:54:02 [INFO    ] [switch] [INIT] SWITCH STATUS MODE (REAL GPIO)
2026-03-22 14:54:02 [INFO    ] [switch] [INIT] Door monitor running (ACTIVE LOW)
2026-03-22 14:54:02 [INFO    ] [switch] [INIT] Door monitor thread started
2026-03-22 14:54:02 [INFO    ] [switch] [INIT] Initial state: CLOSED
2026-03-22 14:55:10 [INFO    ] [switch] [INIT] SWITCH STATUS MODE (REAL GPIO)
2026-03-22 14:55:10 [INFO    ] [switch] [INIT] Door monitor running (ACTIVE LOW)
2026-03-22 14:55:10 [INFO    ] [switch] [INIT] Door monitor thread started
2026-03-22 14:55:10 [INFO    ] [switch] [INIT] Initial state: CLOSED
2026-03-22 14:56:18 [INFO    ] [switch] [INIT] SWITCH STATUS MODE (REAL GPIO)
2026-03-22 14:56:18 [INFO    ] [switch] [INIT] Door monitor running (ACTIVE LOW)
2026-03-22 14:56:18 [INFO    ] [switch] [INIT] Door monitor thread started
2026-03-22 14:56:18 [INFO    ] [switch] [INIT] Initial state: CLOSED
2026-03-22 14:57:26 [INFO    ] [switch] [INIT] SWITCH STATUS MODE (REAL GPIO)
2026-03-22 14:57:26 [INFO    ] [switch] [INIT] Door monitor running (ACTIVE LOW)
2026-03-22 14:57:26 [INFO    ] [switch] [INIT] Door monitor thread started
2026-03-22 14:57:26 [INFO    ] [switch] [INIT] Initial state: CLOSED
2026-03-22 14:58:34 [INFO    ] [switch] [INIT] SWITCH STATUS MODE (REAL GPIO)
2026-03-22 14:58:34 [INFO    ] [switch] [INIT] Door monitor running (ACTIVE LOW)
2026-03-22 14:58:34 [INFO    ] [switch] [INIT] Door monitor thread started
2026-03-22 14:58:34 [INFO    ] [switch] [INIT] Initial state: CLOSED
2026-03-22 14:59:42 [INFO    ] [switch] [INIT] SWITCH STATUS MODE (REAL GPIO)
2026-03-22 14:59:42 [INFO    ] [switch] [INIT] Door monitor running (ACTIVE LOW)
2026-03-22 14:59:42 [INFO    ] [switch] [INIT] Door monitor thread started
2026-03-22 14:59:42 [INFO    ] [switch] [INIT] Initial state: CLOSED
2026-03-22 15:00:50 [INFO    ] [switch] [INIT] SWITCH STATUS MODE (REAL GPIO)
2026-03-22 15:00:50 [INFO    ] [switch] [INIT] Door monitor running (ACTIVE LOW)
2026-03-22 15:00:50 [INFO    ] [switch] [INIT] Initial state: CLOSED
2026-03-22 15:00:50 [INFO    ] [switch] [INIT] Door monitor thread started
2026-03-22 15:01:58 [INFO    ] [switch] [INIT] SWITCH STATUS MODE (REAL GPIO)
2026-03-22 15:01:58 [INFO    ] [switch] [INIT] Door monitor running (ACTIVE LOW)
2026-03-22 15:01:58 [INFO    ] [switch] [INIT] Initial state: CLOSED
2026-03-22 15:01:58 [INFO    ] [switch] [INIT] Door monitor thread started
2026-03-22 15:03:06 [INFO    ] [switch] [INIT] SWITCH STATUS MODE (REAL GPIO)
2026-03-22 15:03:06 [INFO    ] [switch] [INIT] Door monitor running (ACTIVE LOW)
2026-03-22 15:03:06 [INFO    ] [switch] [INIT] Initial state: CLOSED
2026-03-22 15:03:06 [INFO    ] [switch] [INIT] Door monitor thread started
2026-03-22 15:04:14 [INFO    ] [switch] [INIT] SWITCH STATUS MODE (REAL GPIO)
2026-03-22 15:04:14 [INFO    ] [switch] [INIT] Door monitor running (ACTIVE LOW)
2026-03-22 15:04:14 [INFO    ] [switch] [INIT] Door monitor thread started
2026-03-22 15:04:14 [INFO    ] [switch] [INIT] Initial state: CLOSED
2026-03-22 15:05:22 [INFO    ] [switch] [INIT] SWITCH STATUS MODE (REAL GPIO)
2026-03-22 15:05:22 [INFO    ] [switch] [INIT] Door monitor running (ACTIVE LOW)
2026-03-22 15:05:22 [INFO    ] [switch] [INIT] Door monitor thread started
2026-03-22 15:05:22 [INFO    ] [switch] [INIT] Initial state: CLOSED
2026-03-22 15:06:30 [INFO    ] [switch] [INIT] SWITCH STATUS MODE (REAL GPIO)
2026-03-22 15:06:30 [INFO    ] [switch] [INIT] Door monitor running (ACTIVE LOW)
2026-03-22 15:06:30 [INFO    ] [switch] [INIT] Door monitor thread started
2026-03-22 15:06:30 [INFO    ] [switch] [INIT] Initial state: CLOSED
2026-03-22 15:07:38 [INFO    ] [switch] [INIT] SWITCH STATUS MODE (REAL GPIO)
2026-03-22 15:07:38 [INFO    ] [switch] [INIT] Door monitor running (ACTIVE LOW)
2026-03-22 15:07:38 [INFO    ] [switch] [INIT] Initial state: CLOSED
2026-03-22 15:07:38 [INFO    ] [switch] [INIT] Door monitor thread started
2026-03-22 15:08:46 [INFO    ] [switch] [INIT] SWITCH STATUS MODE (REAL GPIO)
2026-03-22 15:08:46 [INFO    ] [switch] [INIT] Door monitor running (ACTIVE LOW)
2026-03-22 15:08:46 [INFO    ] [switch] [INIT] Door monitor thread started
2026-03-22 15:08:46 [INFO    ] [switch] [INIT] Initial state: CLOSED
2026-03-22 15:09:54 [INFO    ] [switch] [INIT] SWITCH STATUS MODE (REAL GPIO)
2026-03-22 15:09:54 [INFO    ] [switch] [INIT] Door monitor running (ACTIVE LOW)
2026-03-22 15:09:54 [INFO    ] [switch] [INIT] Door monitor thread started
2026-03-22 15:09:54 [INFO    ] [switch] [INIT] Initial state: CLOSED
2026-03-22 15:11:02 [INFO    ] [switch] [INIT] SWITCH STATUS MODE (REAL GPIO)
2026-03-22 15:11:02 [INFO    ] [switch] [INIT] Door monitor running (ACTIVE LOW)
2026-03-22 15:11:02 [INFO    ] [switch] [INIT] Door monitor thread started
2026-03-22 15:11:02 [INFO    ] [switch] [INIT] Initial state: CLOSED
2026-03-22 15:12:10 [INFO    ] [switch] [INIT] SWITCH STATUS MODE (REAL GPIO)
2026-03-22 15:12:10 [INFO    ] [switch] [INIT] Door monitor running (ACTIVE LOW)
2026-03-22 15:12:10 [INFO    ] [switch] [INIT] Door monitor thread started
2026-03-22 15:12:10 [INFO    ] [switch] [INIT] Initial state: CLOSED
2026-03-22 15:13:18 [INFO    ] [switch] [INIT] SWITCH STATUS MODE (REAL GPIO)
2026-03-22 15:13:18 [INFO    ] [switch] [INIT] Door monitor running (ACTIVE LOW)
2026-03-22 15:13:18 [INFO    ] [switch] [INIT] Initial state: CLOSED
2026-03-22 15:13:18 [INFO    ] [switch] [INIT] Door monitor thread started
2026-03-22 15:14:26 [INFO    ] [switch] [INIT] SWITCH STATUS MODE (REAL GPIO)
2026-03-22 15:14:26 [INFO    ] [switch] [INIT] Door monitor running (ACTIVE LOW)
2026-03-22 15:14:26 [INFO    ] [switch] [INIT] Door monitor thread started
2026-03-22 15:14:26 [INFO    ] [switch] [INIT] Initial state: CLOSED
2026-03-22 15:15:34 [INFO    ] [switch] [INIT] SWITCH STATUS MODE (REAL GPIO)
2026-03-22 15:15:34 [INFO    ] [switch] [INIT] Door monitor running (ACTIVE LOW)
2026-03-22 15:15:34 [INFO    ] [switch] [INIT] Door monitor thread started
2026-03-22 15:15:34 [INFO    ] [switch] [INIT] Initial state: CLOSED
2026-03-22 15:16:42 [INFO    ] [switch] [INIT] SWITCH STATUS MODE (REAL GPIO)
2026-03-22 15:16:42 [INFO    ] [switch] [INIT] Door monitor running (ACTIVE LOW)
2026-03-22 15:16:42 [INFO    ] [switch] [INIT] Door monitor thread started
2026-03-22 15:16:42 [INFO    ] [switch] [INIT] Initial state: CLOSED
2026-03-22 15:17:50 [INFO    ] [switch] [INIT] SWITCH STATUS MODE (REAL GPIO)
2026-03-22 15:17:51 [INFO    ] [switch] [INIT] Door monitor running (ACTIVE LOW)
2026-03-22 15:17:51 [INFO    ] [switch] [INIT] Door monitor thread started
2026-03-22 15:17:51 [INFO    ] [switch] [INIT] Initial state: CLOSED
2026-03-22 15:18:58 [INFO    ] [switch] [INIT] SWITCH STATUS MODE (REAL GPIO)
2026-03-22 15:18:58 [INFO    ] [switch] [INIT] Door monitor running (ACTIVE LOW)
2026-03-22 15:18:58 [INFO    ] [switch] [INIT] Door monitor thread started
2026-03-22 15:18:58 [INFO    ] [switch] [INIT] Initial state: CLOSED
2026-03-22 15:20:07 [INFO    ] [switch] [INIT] SWITCH STATUS MODE (REAL GPIO)
2026-03-22 15:20:07 [INFO    ] [switch] [INIT] Door monitor running (ACTIVE LOW)
2026-03-22 15:20:07 [INFO    ] [switch] [INIT] Door monitor thread started
2026-03-22 15:20:07 [INFO    ] [switch] [INIT] Initial state: CLOSED
2026-03-22 15:21:15 [INFO    ] [switch] [INIT] SWITCH STATUS MODE (REAL GPIO)
2026-03-22 15:21:15 [INFO    ] [switch] [INIT] Door monitor running (ACTIVE LOW)
2026-03-22 15:21:15 [INFO    ] [switch] [INIT] Initial state: CLOSED
2026-03-22 15:21:15 [INFO    ] [switch] [INIT] Door monitor thread started
2026-03-22 15:22:23 [INFO    ] [switch] [INIT] SWITCH STATUS MODE (REAL GPIO)
2026-03-22 15:22:23 [INFO    ] [switch] [INIT] Door monitor running (ACTIVE LOW)
2026-03-22 15:22:23 [INFO    ] [switch] [INIT] Door monitor thread started
2026-03-22 15:22:23 [INFO    ] [switch] [INIT] Initial state: CLOSED
2026-03-22 15:23:31 [INFO    ] [switch] [INIT] SWITCH STATUS MODE (REAL GPIO)
2026-03-22 15:23:31 [INFO    ] [switch] [INIT] Door monitor running (ACTIVE LOW)
2026-03-22 15:23:31 [INFO    ] [switch] [INIT] Door monitor thread started
2026-03-22 15:23:31 [INFO    ] [switch] [INIT] Initial state: CLOSED
2026-03-22 15:24:39 [INFO    ] [switch] [INIT] SWITCH STATUS MODE (REAL GPIO)
2026-03-22 15:24:39 [INFO    ] [switch] [INIT] Door monitor running (ACTIVE LOW)
2026-03-22 15:24:39 [INFO    ] [switch] [INIT] Initial state: CLOSED
2026-03-22 15:24:39 [INFO    ] [switch] [INIT] Door monitor thread started
2026-03-22 15:25:47 [INFO    ] [switch] [INIT] SWITCH STATUS MODE (REAL GPIO)
2026-03-22 15:25:47 [INFO    ] [switch] [INIT] Door monitor running (ACTIVE LOW)
2026-03-22 15:25:47 [INFO    ] [switch] [INIT] Door monitor thread started
2026-03-22 15:25:47 [INFO    ] [switch] [INIT] Initial state: CLOSED
2026-03-22 15:26:55 [INFO    ] [switch] [INIT] SWITCH STATUS MODE (REAL GPIO)
2026-03-22 15:26:55 [INFO    ] [switch] [INIT] Door monitor running (ACTIVE LOW)
2026-03-22 15:26:55 [INFO    ] [switch] [INIT] Door monitor thread started
2026-03-22 15:26:55 [INFO    ] [switch] [INIT] Initial state: CLOSED
2026-03-22 15:28:03 [INFO    ] [switch] [INIT] SWITCH STATUS MODE (REAL GPIO)
2026-03-22 15:28:03 [INFO    ] [switch] [INIT] Door monitor running (ACTIVE LOW)
2026-03-22 15:28:03 [INFO    ] [switch] [INIT] Initial state: CLOSED
2026-03-22 15:28:03 [INFO    ] [switch] [INIT] Door monitor thread started
2026-03-22 15:29:11 [INFO    ] [switch] [INIT] SWITCH STATUS MODE (REAL GPIO)
2026-03-22 15:29:11 [INFO    ] [switch] [INIT] Door monitor running (ACTIVE LOW)
2026-03-22 15:29:11 [INFO    ] [switch] [INIT] Door monitor thread started
2026-03-22 15:29:11 [INFO    ] [switch] [INIT] Initial state: CLOSED
2026-03-22 15:30:19 [INFO    ] [switch] [INIT] SWITCH STATUS MODE (REAL GPIO)
2026-03-22 15:30:19 [INFO    ] [switch] [INIT] Door monitor running (ACTIVE LOW)
2026-03-22 15:30:19 [INFO    ] [switch] [INIT] Initial state: CLOSED
2026-03-22 15:30:19 [INFO    ] [switch] [INIT] Door monitor thread started
2026-03-22 15:31:27 [INFO    ] [switch] [INIT] SWITCH STATUS MODE (REAL GPIO)
2026-03-22 15:31:27 [INFO    ] [switch] [INIT] Door monitor running (ACTIVE LOW)
2026-03-22 15:31:27 [INFO    ] [switch] [INIT] Door monitor thread started
2026-03-22 15:31:27 [INFO    ] [switch] [INIT] Initial state: CLOSED
2026-03-22 15:32:35 [INFO    ] [switch] [INIT] SWITCH STATUS MODE (REAL GPIO)
2026-03-22 15:32:35 [INFO    ] [switch] [INIT] Door monitor running (ACTIVE LOW)
2026-03-22 15:32:35 [INFO    ] [switch] [INIT] Door monitor thread started
2026-03-22 15:32:35 [INFO    ] [switch] [INIT] Initial state: CLOSED
2026-03-22 15:33:43 [INFO    ] [switch] [INIT] SWITCH STATUS MODE (REAL GPIO)
2026-03-22 15:33:43 [INFO    ] [switch] [INIT] Door monitor running (ACTIVE LOW)
2026-03-22 15:33:43 [INFO    ] [switch] [INIT] Door monitor thread started
2026-03-22 15:33:43 [INFO    ] [switch] [INIT] Initial state: CLOSED
2026-03-22 15:34:51 [INFO    ] [switch] [INIT] SWITCH STATUS MODE (REAL GPIO)
2026-03-22 15:34:51 [INFO    ] [switch] [INIT] Door monitor running (ACTIVE LOW)
2026-03-22 15:34:51 [INFO    ] [switch] [INIT] Door monitor thread started
2026-03-22 15:34:51 [INFO    ] [switch] [INIT] Initial state: CLOSED
2026-03-22 15:35:59 [INFO    ] [switch] [INIT] SWITCH STATUS MODE (REAL GPIO)
2026-03-22 15:35:59 [INFO    ] [switch] [INIT] Door monitor running (ACTIVE LOW)
2026-03-22 15:35:59 [INFO    ] [switch] [INIT] Door monitor thread started
2026-03-22 15:35:59 [INFO    ] [switch] [INIT] Initial state: CLOSED
2026-03-22 15:37:07 [INFO    ] [switch] [INIT] SWITCH STATUS MODE (REAL GPIO)
2026-03-22 15:37:07 [INFO    ] [switch] [INIT] Door monitor running (ACTIVE LOW)
2026-03-22 15:37:07 [INFO    ] [switch] [INIT] Door monitor thread started
2026-03-22 15:37:07 [INFO    ] [switch] [INIT] Initial state: CLOSED
2026-03-22 15:38:15 [INFO    ] [switch] [INIT] SWITCH STATUS MODE (REAL GPIO)
2026-03-22 15:38:15 [INFO    ] [switch] [INIT] Door monitor running (ACTIVE LOW)
2026-03-22 15:38:15 [INFO    ] [switch] [INIT] Door monitor thread started
2026-03-22 15:38:15 [INFO    ] [switch] [INIT] Initial state: CLOSED
2026-03-22 15:39:23 [INFO    ] [switch] [INIT] SWITCH STATUS MODE (REAL GPIO)
2026-03-22 15:39:23 [INFO    ] [switch] [INIT] Door monitor running (ACTIVE LOW)
2026-03-22 15:39:23 [INFO    ] [switch] [INIT] Door monitor thread started
2026-03-22 15:39:23 [INFO    ] [switch] [INIT] Initial state: CLOSED
2026-03-22 15:40:31 [INFO    ] [switch] [INIT] SWITCH STATUS MODE (REAL GPIO)
2026-03-22 15:40:31 [INFO    ] [switch] [INIT] Door monitor running (ACTIVE LOW)
2026-03-22 15:40:31 [INFO    ] [switch] [INIT] Door monitor thread started
2026-03-22 15:40:31 [INFO    ] [switch] [INIT] Initial state: CLOSED
2026-03-22 15:41:39 [INFO    ] [switch] [INIT] SWITCH STATUS MODE (REAL GPIO)
2026-03-22 15:41:39 [INFO    ] [switch] [INIT] Door monitor running (ACTIVE LOW)
2026-03-22 15:41:39 [INFO    ] [switch] [INIT] Door monitor thread started
2026-03-22 15:41:39 [INFO    ] [switch] [INIT] Initial state: CLOSED
2026-03-22 15:42:47 [INFO    ] [switch] [INIT] SWITCH STATUS MODE (REAL GPIO)
2026-03-22 15:42:47 [INFO    ] [switch] [INIT] Door monitor running (ACTIVE LOW)
2026-03-22 15:42:47 [INFO    ] [switch] [INIT] Door monitor thread started
2026-03-22 15:42:47 [INFO    ] [switch] [INIT] Initial state: CLOSED
2026-03-22 15:43:55 [INFO    ] [switch] [INIT] SWITCH STATUS MODE (REAL GPIO)
2026-03-22 15:43:55 [INFO    ] [switch] [INIT] Door monitor running (ACTIVE LOW)
2026-03-22 15:43:55 [INFO    ] [switch] [INIT] Initial state: CLOSED
2026-03-22 15:43:55 [INFO    ] [switch] [INIT] Door monitor thread started
2026-03-22 15:45:03 [INFO    ] [switch] [INIT] SWITCH STATUS MODE (REAL GPIO)
2026-03-22 15:45:03 [INFO    ] [switch] [INIT] Door monitor running (ACTIVE LOW)
2026-03-22 15:45:03 [INFO    ] [switch] [INIT] Initial state: CLOSED
2026-03-22 15:45:03 [INFO    ] [switch] [INIT] Door monitor thread started
2026-03-22 15:46:11 [INFO    ] [switch] [INIT] SWITCH STATUS MODE (REAL GPIO)
2026-03-22 15:46:11 [INFO    ] [switch] [INIT] Door monitor running (ACTIVE LOW)
2026-03-22 15:46:11 [INFO    ] [switch] [INIT] Door monitor thread started
2026-03-22 15:46:11 [INFO    ] [switch] [INIT] Initial state: CLOSED
2026-03-22 15:47:19 [INFO    ] [switch] [INIT] SWITCH STATUS MODE (REAL GPIO)
2026-03-22 15:47:19 [INFO    ] [switch] [INIT] Door monitor running (ACTIVE LOW)
2026-03-22 15:47:19 [INFO    ] [switch] [INIT] Initial state: CLOSED
2026-03-22 15:47:19 [INFO    ] [switch] [INIT] Door monitor thread started
2026-03-22 15:48:27 [INFO    ] [switch] [INIT] SWITCH STATUS MODE (REAL GPIO)
2026-03-22 15:48:27 [INFO    ] [switch] [INIT] Door monitor running (ACTIVE LOW)
2026-03-22 15:48:27 [INFO    ] [switch] [INIT] Door monitor thread started
2026-03-22 15:48:27 [INFO    ] [switch] [INIT] Initial state: CLOSED
2026-03-22 15:49:35 [INFO    ] [switch] [INIT] SWITCH STATUS MODE (REAL GPIO)
2026-03-22 15:49:35 [INFO    ] [switch] [INIT] Door monitor running (ACTIVE LOW)
2026-03-22 15:49:35 [INFO    ] [switch] [INIT] Door monitor thread started
2026-03-22 15:49:35 [INFO    ] [switch] [INIT] Initial state: CLOSED
2026-03-22 15:50:43 [INFO    ] [switch] [INIT] SWITCH STATUS MODE (REAL GPIO)
2026-03-22 15:50:43 [INFO    ] [switch] [INIT] Door monitor running (ACTIVE LOW)
2026-03-22 15:50:43 [INFO    ] [switch] [INIT] Initial state: CLOSED
2026-03-22 15:50:43 [INFO    ] [switch] [INIT] Door monitor thread started
2026-03-22 15:51:51 [INFO    ] [switch] [INIT] SWITCH STATUS MODE (REAL GPIO)
2026-03-22 15:51:51 [INFO    ] [switch] [INIT] Door monitor running (ACTIVE LOW)
2026-03-22 15:51:51 [INFO    ] [switch] [INIT] Door monitor thread started
2026-03-22 15:51:51 [INFO    ] [switch] [INIT] Initial state: CLOSED
2026-03-22 15:52:59 [INFO    ] [switch] [INIT] SWITCH STATUS MODE (REAL GPIO)
2026-03-22 15:52:59 [INFO    ] [switch] [INIT] Door monitor running (ACTIVE LOW)
2026-03-22 15:52:59 [INFO    ] [switch] [INIT] Door monitor thread started
2026-03-22 15:52:59 [INFO    ] [switch] [INIT] Initial state: CLOSED
2026-03-22 15:54:07 [INFO    ] [switch] [INIT] SWITCH STATUS MODE (REAL GPIO)
2026-03-22 15:54:07 [INFO    ] [switch] [INIT] Door monitor running (ACTIVE LOW)
2026-03-22 15:54:07 [INFO    ] [switch] [INIT] Door monitor thread started
2026-03-22 15:54:07 [INFO    ] [switch] [INIT] Initial state: CLOSED
2026-03-22 15:55:15 [INFO    ] [switch] [INIT] SWITCH STATUS MODE (REAL GPIO)
2026-03-22 15:55:15 [INFO    ] [switch] [INIT] Door monitor running (ACTIVE LOW)
2026-03-22 15:55:15 [INFO    ] [switch] [INIT] Door monitor thread started
2026-03-22 15:55:15 [INFO    ] [switch] [INIT] Initial state: CLOSED
2026-03-22 15:56:23 [INFO    ] [switch] [INIT] SWITCH STATUS MODE (REAL GPIO)
2026-03-22 15:56:23 [INFO    ] [switch] [INIT] Door monitor running (ACTIVE LOW)
2026-03-22 15:56:23 [INFO    ] [switch] [INIT] Door monitor thread started
2026-03-22 15:56:23 [INFO    ] [switch] [INIT] Initial state: CLOSED
2026-03-22 15:57:31 [INFO    ] [switch] [INIT] SWITCH STATUS MODE (REAL GPIO)
2026-03-22 15:57:31 [INFO    ] [switch] [INIT] Door monitor running (ACTIVE LOW)
2026-03-22 15:57:31 [INFO    ] [switch] [INIT] Door monitor thread started
2026-03-22 15:57:31 [INFO    ] [switch] [INIT] Initial state: CLOSED
2026-03-22 15:58:39 [INFO    ] [switch] [INIT] SWITCH STATUS MODE (REAL GPIO)
2026-03-22 15:58:39 [INFO    ] [switch] [INIT] Door monitor running (ACTIVE LOW)
2026-03-22 15:58:39 [INFO    ] [switch] [INIT] Door monitor thread started
2026-03-22 15:58:39 [INFO    ] [switch] [INIT] Initial state: CLOSED
2026-03-22 15:59:47 [INFO    ] [switch] [INIT] SWITCH STATUS MODE (REAL GPIO)
2026-03-22 15:59:47 [INFO    ] [switch] [INIT] Door monitor running (ACTIVE LOW)
2026-03-22 15:59:47 [INFO    ] [switch] [INIT] Door monitor thread started
2026-03-22 15:59:47 [INFO    ] [switch] [INIT] Initial state: CLOSED
2026-03-22 16:00:55 [INFO    ] [switch] [INIT] SWITCH STATUS MODE (REAL GPIO)
2026-03-22 16:00:55 [INFO    ] [switch] [INIT] Door monitor running (ACTIVE LOW)
2026-03-22 16:00:55 [INFO    ] [switch] [INIT] Door monitor thread started
2026-03-22 16:00:55 [INFO    ] [switch] [INIT] Initial state: CLOSED
2026-03-22 16:02:04 [INFO    ] [switch] [INIT] SWITCH STATUS MODE (REAL GPIO)
2026-03-22 16:02:04 [INFO    ] [switch] [INIT] Door monitor running (ACTIVE LOW)
2026-03-22 16:02:04 [INFO    ] [switch] [INIT] Door monitor thread started
2026-03-22 16:02:04 [INFO    ] [switch] [INIT] Initial state: CLOSED
2026-03-22 16:03:12 [INFO    ] [switch] [INIT] SWITCH STATUS MODE (REAL GPIO)
2026-03-22 16:03:12 [INFO    ] [switch] [INIT] Door monitor running (ACTIVE LOW)
2026-03-22 16:03:12 [INFO    ] [switch] [INIT] Initial state: CLOSED
2026-03-22 16:03:12 [INFO    ] [switch] [INIT] Door monitor thread started
2026-03-22 16:04:20 [INFO    ] [switch] [INIT] SWITCH STATUS MODE (REAL GPIO)
2026-03-22 16:04:20 [INFO    ] [switch] [INIT] Door monitor running (ACTIVE LOW)
2026-03-22 16:04:20 [INFO    ] [switch] [INIT] Initial state: CLOSED
2026-03-22 16:04:20 [INFO    ] [switch] [INIT] Door monitor thread started
2026-03-22 16:05:28 [INFO    ] [switch] [INIT] SWITCH STATUS MODE (REAL GPIO)
2026-03-22 16:05:28 [INFO    ] [switch] [INIT] Door monitor running (ACTIVE LOW)
2026-03-22 16:05:28 [INFO    ] [switch] [INIT] Initial state: CLOSED
2026-03-22 16:05:28 [INFO    ] [switch] [INIT] Door monitor thread started
2026-03-22 16:06:36 [INFO    ] [switch] [INIT] SWITCH STATUS MODE (REAL GPIO)
2026-03-22 16:06:36 [INFO    ] [switch] [INIT] Door monitor running (ACTIVE LOW)
2026-03-22 16:06:36 [INFO    ] [switch] [INIT] Initial state: CLOSED
2026-03-22 16:06:36 [INFO    ] [switch] [INIT] Door monitor thread started
2026-03-22 16:07:44 [INFO    ] [switch] [INIT] SWITCH STATUS MODE (REAL GPIO)
2026-03-22 16:07:44 [INFO    ] [switch] [INIT] Door monitor running (ACTIVE LOW)
2026-03-22 16:07:44 [INFO    ] [switch] [INIT] Door monitor thread started
2026-03-22 16:07:44 [INFO    ] [switch] [INIT] Initial state: CLOSED
2026-03-22 16:08:52 [INFO    ] [switch] [INIT] SWITCH STATUS MODE (REAL GPIO)
2026-03-22 16:08:52 [INFO    ] [switch] [INIT] Door monitor running (ACTIVE LOW)
2026-03-22 16:08:52 [INFO    ] [switch] [INIT] Door monitor thread started
2026-03-22 16:08:52 [INFO    ] [switch] [INIT] Initial state: CLOSED
2026-03-22 16:10:00 [INFO    ] [switch] [INIT] SWITCH STATUS MODE (REAL GPIO)
2026-03-22 16:10:00 [INFO    ] [switch] [INIT] Door monitor running (ACTIVE LOW)
2026-03-22 16:10:00 [INFO    ] [switch] [INIT] Door monitor thread started
2026-03-22 16:10:00 [INFO    ] [switch] [INIT] Initial state: CLOSED
2026-03-22 16:11:08 [INFO    ] [switch] [INIT] SWITCH STATUS MODE (REAL GPIO)
2026-03-22 16:11:08 [INFO    ] [switch] [INIT] Door monitor running (ACTIVE LOW)
2026-03-22 16:11:08 [INFO    ] [switch] [INIT] Initial state: CLOSED
2026-03-22 16:11:08 [INFO    ] [switch] [INIT] Door monitor thread started
2026-03-22 16:12:16 [INFO    ] [switch] [INIT] SWITCH STATUS MODE (REAL GPIO)
2026-03-22 16:12:16 [INFO    ] [switch] [INIT] Door monitor running (ACTIVE LOW)
2026-03-22 16:12:16 [INFO    ] [switch] [INIT] Door monitor thread started
2026-03-22 16:12:16 [INFO    ] [switch] [INIT] Initial state: CLOSED
2026-03-22 16:13:24 [INFO    ] [switch] [INIT] SWITCH STATUS MODE (REAL GPIO)
2026-03-22 16:13:24 [INFO    ] [switch] [INIT] Door monitor running (ACTIVE LOW)
2026-03-22 16:13:24 [INFO    ] [switch] [INIT] Initial state: CLOSED
2026-03-22 16:13:24 [INFO    ] [switch] [INIT] Door monitor thread started
2026-03-22 16:14:32 [INFO    ] [switch] [INIT] SWITCH STATUS MODE (REAL GPIO)
2026-03-22 16:14:32 [INFO    ] [switch] [INIT] Door monitor running (ACTIVE LOW)
2026-03-22 16:14:32 [INFO    ] [switch] [INIT] Door monitor thread started
2026-03-22 16:14:32 [INFO    ] [switch] [INIT] Initial state: CLOSED
2026-03-22 16:15:40 [INFO    ] [switch] [INIT] SWITCH STATUS MODE (REAL GPIO)
2026-03-22 16:15:40 [INFO    ] [switch] [INIT] Door monitor running (ACTIVE LOW)
2026-03-22 16:15:40 [INFO    ] [switch] [INIT] Door monitor thread started
2026-03-22 16:15:40 [INFO    ] [switch] [INIT] Initial state: CLOSED
2026-03-22 16:16:48 [INFO    ] [switch] [INIT] SWITCH STATUS MODE (REAL GPIO)
2026-03-22 16:16:48 [INFO    ] [switch] [INIT] Door monitor running (ACTIVE LOW)
2026-03-22 16:16:48 [INFO    ] [switch] [INIT] Door monitor thread started
2026-03-22 16:16:48 [INFO    ] [switch] [INIT] Initial state: CLOSED
2026-03-22 16:17:56 [INFO    ] [switch] [INIT] SWITCH STATUS MODE (REAL GPIO)
2026-03-22 16:17:56 [INFO    ] [switch] [INIT] Door monitor running (ACTIVE LOW)
2026-03-22 16:17:56 [INFO    ] [switch] [INIT] Initial state: CLOSED
2026-03-22 16:17:56 [INFO    ] [switch] [INIT] Door monitor thread started
2026-03-22 16:19:04 [INFO    ] [switch] [INIT] SWITCH STATUS MODE (REAL GPIO)
2026-03-22 16:19:04 [INFO    ] [switch] [INIT] Door monitor running (ACTIVE LOW)
2026-03-22 16:19:04 [INFO    ] [switch] [INIT] Door monitor thread started
2026-03-22 16:19:04 [INFO    ] [switch] [INIT] Initial state: CLOSED
2026-03-22 16:20:12 [INFO    ] [switch] [INIT] SWITCH STATUS MODE (REAL GPIO)
2026-03-22 16:20:12 [INFO    ] [switch] [INIT] Door monitor running (ACTIVE LOW)
2026-03-22 16:20:12 [INFO    ] [switch] [INIT] Door monitor thread started
2026-03-22 16:20:12 [INFO    ] [switch] [INIT] Initial state: CLOSED
2026-03-22 16:21:20 [INFO    ] [switch] [INIT] SWITCH STATUS MODE (REAL GPIO)
2026-03-22 16:21:20 [INFO    ] [switch] [INIT] Door monitor running (ACTIVE LOW)
2026-03-22 16:21:20 [INFO    ] [switch] [INIT] Initial state: CLOSED
2026-03-22 16:21:20 [INFO    ] [switch] [INIT] Door monitor thread started
2026-03-22 16:22:28 [INFO    ] [switch] [INIT] SWITCH STATUS MODE (REAL GPIO)
2026-03-22 16:22:28 [INFO    ] [switch] [INIT] Door monitor running (ACTIVE LOW)
2026-03-22 16:22:28 [INFO    ] [switch] [INIT] Door monitor thread started
2026-03-22 16:22:28 [INFO    ] [switch] [INIT] Initial state: CLOSED
2026-03-22 16:23:36 [INFO    ] [switch] [INIT] SWITCH STATUS MODE (REAL GPIO)
2026-03-22 16:23:36 [INFO    ] [switch] [INIT] Door monitor running (ACTIVE LOW)
2026-03-22 16:23:36 [INFO    ] [switch] [INIT] Door monitor thread started
2026-03-22 16:23:36 [INFO    ] [switch] [INIT] Initial state: CLOSED
2026-03-22 16:24:44 [INFO    ] [switch] [INIT] SWITCH STATUS MODE (REAL GPIO)
2026-03-22 16:24:44 [INFO    ] [switch] [INIT] Door monitor running (ACTIVE LOW)
2026-03-22 16:24:44 [INFO    ] [switch] [INIT] Door monitor thread started
2026-03-22 16:24:44 [INFO    ] [switch] [INIT] Initial state: CLOSED
2026-03-22 16:25:52 [INFO    ] [switch] [INIT] SWITCH STATUS MODE (REAL GPIO)
2026-03-22 16:25:52 [INFO    ] [switch] [INIT] Door monitor running (ACTIVE LOW)
2026-03-22 16:25:52 [INFO    ] [switch] [INIT] Door monitor thread started
2026-03-22 16:25:52 [INFO    ] [switch] [INIT] Initial state: CLOSED
2026-03-22 16:27:00 [INFO    ] [switch] [INIT] SWITCH STATUS MODE (REAL GPIO)
2026-03-22 16:27:00 [INFO    ] [switch] [INIT] Door monitor running (ACTIVE LOW)
2026-03-22 16:27:00 [INFO    ] [switch] [INIT] Door monitor thread started
2026-03-22 16:27:00 [INFO    ] [switch] [INIT] Initial state: CLOSED
2026-03-22 16:28:08 [INFO    ] [switch] [INIT] SWITCH STATUS MODE (REAL GPIO)
2026-03-22 16:28:08 [INFO    ] [switch] [INIT] Door monitor running (ACTIVE LOW)
2026-03-22 16:28:08 [INFO    ] [switch] [INIT] Initial state: CLOSED
2026-03-22 16:28:08 [INFO    ] [switch] [INIT] Door monitor thread started
2026-03-22 16:28:08 [INFO    ] [switch] [INIT] SWITCH STATUS MODE (REAL GPIO)
2026-03-22 16:28:08 [INFO    ] [switch] [INIT] Door monitor running (ACTIVE LOW)
2026-03-22 16:28:08 [INFO    ] [switch] [INIT] Door monitor thread started
2026-03-22 16:28:08 [INFO    ] [switch] [INIT] Initial state: CLOSED
2026-03-22 16:29:17 [INFO    ] [switch] [INIT] SWITCH STATUS MODE (REAL GPIO)
2026-03-22 16:29:17 [INFO    ] [switch] [INIT] Door monitor running (ACTIVE LOW)
2026-03-22 16:29:17 [INFO    ] [switch] [INIT] Door monitor thread started
2026-03-22 16:29:17 [INFO    ] [switch] [INIT] Initial state: CLOSED
2026-03-22 16:30:25 [INFO    ] [switch] [INIT] SWITCH STATUS MODE (REAL GPIO)
2026-03-22 16:30:25 [INFO    ] [switch] [INIT] Door monitor running (ACTIVE LOW)
2026-03-22 16:30:25 [INFO    ] [switch] [INIT] Door monitor thread started
2026-03-22 16:30:25 [INFO    ] [switch] [INIT] Initial state: CLOSED
2026-03-22 16:31:33 [INFO    ] [switch] [INIT] SWITCH STATUS MODE (REAL GPIO)
2026-03-22 16:31:33 [INFO    ] [switch] [INIT] Door monitor running (ACTIVE LOW)
2026-03-22 16:31:33 [INFO    ] [switch] [INIT] Initial state: CLOSED
2026-03-22 16:31:33 [INFO    ] [switch] [INIT] Door monitor thread started
2026-03-22 16:32:41 [INFO    ] [switch] [INIT] SWITCH STATUS MODE (REAL GPIO)
2026-03-22 16:32:41 [INFO    ] [switch] [INIT] Door monitor running (ACTIVE LOW)
2026-03-22 16:32:41 [INFO    ] [switch] [INIT] Door monitor thread started
2026-03-22 16:32:41 [INFO    ] [switch] [INIT] Initial state: CLOSED
2026-03-22 16:33:49 [INFO    ] [switch] [INIT] SWITCH STATUS MODE (REAL GPIO)
2026-03-22 16:33:49 [INFO    ] [switch] [INIT] Door monitor running (ACTIVE LOW)
2026-03-22 16:33:49 [INFO    ] [switch] [INIT] Door monitor thread started
2026-03-22 16:33:49 [INFO    ] [switch] [INIT] Initial state: CLOSED
2026-03-22 16:34:57 [INFO    ] [switch] [INIT] SWITCH STATUS MODE (REAL GPIO)
2026-03-22 16:34:57 [INFO    ] [switch] [INIT] Door monitor running (ACTIVE LOW)
2026-03-22 16:34:57 [INFO    ] [switch] [INIT] Door monitor thread started
2026-03-22 16:34:57 [INFO    ] [switch] [INIT] Initial state: CLOSED
2026-03-22 16:36:05 [INFO    ] [switch] [INIT] SWITCH STATUS MODE (REAL GPIO)
2026-03-22 16:36:05 [INFO    ] [switch] [INIT] Door monitor running (ACTIVE LOW)
2026-03-22 16:36:05 [INFO    ] [switch] [INIT] Door monitor thread started
2026-03-22 16:36:05 [INFO    ] [switch] [INIT] Initial state: CLOSED
2026-03-22 16:37:13 [INFO    ] [switch] [INIT] SWITCH STATUS MODE (REAL GPIO)
2026-03-22 16:37:13 [INFO    ] [switch] [INIT] Door monitor running (ACTIVE LOW)
2026-03-22 16:37:13 [INFO    ] [switch] [INIT] Initial state: CLOSED
2026-03-22 16:37:13 [INFO    ] [switch] [INIT] Door monitor thread started
2026-03-22 16:38:21 [INFO    ] [switch] [INIT] SWITCH STATUS MODE (REAL GPIO)
2026-03-22 16:38:21 [INFO    ] [switch] [INIT] Door monitor running (ACTIVE LOW)
2026-03-22 16:38:21 [INFO    ] [switch] [INIT] Initial state: CLOSED
2026-03-22 16:38:21 [INFO    ] [switch] [INIT] Door monitor thread started
2026-03-22 16:39:29 [INFO    ] [switch] [INIT] SWITCH STATUS MODE (REAL GPIO)
2026-03-22 16:39:29 [INFO    ] [switch] [INIT] Door monitor running (ACTIVE LOW)
2026-03-22 16:39:29 [INFO    ] [switch] [INIT] Initial state: CLOSED
2026-03-22 16:39:29 [INFO    ] [switch] [INIT] Door monitor thread started
2026-03-22 16:40:37 [INFO    ] [switch] [INIT] SWITCH STATUS MODE (REAL GPIO)
2026-03-22 16:40:37 [INFO    ] [switch] [INIT] Door monitor running (ACTIVE LOW)
2026-03-22 16:40:37 [INFO    ] [switch] [INIT] Door monitor thread started
2026-03-22 16:40:37 [INFO    ] [switch] [INIT] Initial state: CLOSED
2026-03-22 16:41:45 [INFO    ] [switch] [INIT] SWITCH STATUS MODE (REAL GPIO)
2026-03-22 16:41:45 [INFO    ] [switch] [INIT] Door monitor running (ACTIVE LOW)
2026-03-22 16:41:45 [INFO    ] [switch] [INIT] Door monitor thread started
2026-03-22 16:41:45 [INFO    ] [switch] [INIT] Initial state: CLOSED
2026-03-22 16:42:53 [INFO    ] [switch] [INIT] SWITCH STATUS MODE (REAL GPIO)
2026-03-22 16:42:53 [INFO    ] [switch] [INIT] Door monitor running (ACTIVE LOW)
2026-03-22 16:42:53 [INFO    ] [switch] [INIT] Door monitor thread started
2026-03-22 16:42:53 [INFO    ] [switch] [INIT] Initial state: CLOSED
2026-03-22 16:44:01 [INFO    ] [switch] [INIT] SWITCH STATUS MODE (REAL GPIO)
2026-03-22 16:44:01 [INFO    ] [switch] [INIT] Door monitor running (ACTIVE LOW)
2026-03-22 16:44:01 [INFO    ] [switch] [INIT] Initial state: CLOSED
2026-03-22 16:44:01 [INFO    ] [switch] [INIT] Door monitor thread started
2026-03-22 16:45:09 [INFO    ] [switch] [INIT] SWITCH STATUS MODE (REAL GPIO)
2026-03-22 16:45:09 [INFO    ] [switch] [INIT] Door monitor running (ACTIVE LOW)
2026-03-22 16:45:09 [INFO    ] [switch] [INIT] Door monitor thread started
2026-03-22 16:45:09 [INFO    ] [switch] [INIT] Initial state: CLOSED
2026-03-22 16:46:17 [INFO    ] [switch] [INIT] SWITCH STATUS MODE (REAL GPIO)
2026-03-22 16:46:17 [INFO    ] [switch] [INIT] Door monitor running (ACTIVE LOW)
2026-03-22 16:46:17 [INFO    ] [switch] [INIT] Door monitor thread started
2026-03-22 16:46:17 [INFO    ] [switch] [INIT] Initial state: CLOSED
2026-03-22 16:47:25 [INFO    ] [switch] [INIT] SWITCH STATUS MODE (REAL GPIO)
2026-03-22 16:47:25 [INFO    ] [switch] [INIT] Door monitor running (ACTIVE LOW)
2026-03-22 16:47:25 [INFO    ] [switch] [INIT] Door monitor thread started
2026-03-22 16:47:25 [INFO    ] [switch] [INIT] Initial state: CLOSED
2026-03-22 16:48:33 [INFO    ] [switch] [INIT] SWITCH STATUS MODE (REAL GPIO)
2026-03-22 16:48:33 [INFO    ] [switch] [INIT] Door monitor running (ACTIVE LOW)
2026-03-22 16:48:33 [INFO    ] [switch] [INIT] Door monitor thread started
2026-03-22 16:48:33 [INFO    ] [switch] [INIT] Initial state: CLOSED
2026-03-22 16:49:41 [INFO    ] [switch] [INIT] SWITCH STATUS MODE (REAL GPIO)
2026-03-22 16:49:41 [INFO    ] [switch] [INIT] Door monitor running (ACTIVE LOW)
2026-03-22 16:49:41 [INFO    ] [switch] [INIT] Initial state: CLOSED
2026-03-22 16:49:41 [INFO    ] [switch] [INIT] Door monitor thread started
2026-03-22 16:50:49 [INFO    ] [switch] [INIT] SWITCH STATUS MODE (REAL GPIO)
2026-03-22 16:50:49 [INFO    ] [switch] [INIT] Door monitor running (ACTIVE LOW)
2026-03-22 16:50:49 [INFO    ] [switch] [INIT] Door monitor thread started
2026-03-22 16:50:49 [INFO    ] [switch] [INIT] Initial state: CLOSED
2026-03-22 16:51:57 [INFO    ] [switch] [INIT] SWITCH STATUS MODE (REAL GPIO)
2026-03-22 16:51:57 [INFO    ] [switch] [INIT] Door monitor running (ACTIVE LOW)
2026-03-22 16:51:57 [INFO    ] [switch] [INIT] Initial state: CLOSED
2026-03-22 16:51:57 [INFO    ] [switch] [INIT] Door monitor thread started
2026-03-22 16:53:05 [INFO    ] [switch] [INIT] SWITCH STATUS MODE (REAL GPIO)
2026-03-22 16:53:05 [INFO    ] [switch] [INIT] Door monitor running (ACTIVE LOW)
2026-03-22 16:53:05 [INFO    ] [switch] [INIT] Door monitor thread started
2026-03-22 16:53:05 [INFO    ] [switch] [INIT] Initial state: CLOSED
2026-03-22 16:54:13 [INFO    ] [switch] [INIT] SWITCH STATUS MODE (REAL GPIO)
2026-03-22 16:54:13 [INFO    ] [switch] [INIT] Door monitor running (ACTIVE LOW)
2026-03-22 16:54:13 [INFO    ] [switch] [INIT] Door monitor thread started
2026-03-22 16:54:13 [INFO    ] [switch] [INIT] Initial state: CLOSED
2026-03-22 16:55:21 [INFO    ] [switch] [INIT] SWITCH STATUS MODE (REAL GPIO)
2026-03-22 16:55:21 [INFO    ] [switch] [INIT] Door monitor running (ACTIVE LOW)
2026-03-22 16:55:21 [INFO    ] [switch] [INIT] Door monitor thread started
2026-03-22 16:55:21 [INFO    ] [switch] [INIT] Initial state: CLOSED
2026-03-22 16:56:30 [INFO    ] [switch] [INIT] SWITCH STATUS MODE (REAL GPIO)
2026-03-22 16:56:30 [INFO    ] [switch] [INIT] Door monitor running (ACTIVE LOW)
2026-03-22 16:56:30 [INFO    ] [switch] [INIT] Door monitor thread started
2026-03-22 16:56:30 [INFO    ] [switch] [INIT] Initial state: CLOSED
2026-03-22 16:57:38 [INFO    ] [switch] [INIT] SWITCH STATUS MODE (REAL GPIO)
2026-03-22 16:57:38 [INFO    ] [switch] [INIT] Door monitor running (ACTIVE LOW)
2026-03-22 16:57:38 [INFO    ] [switch] [INIT] Door monitor thread started
2026-03-22 16:57:38 [INFO    ] [switch] [INIT] Initial state: CLOSED
2026-03-22 16:58:46 [INFO    ] [switch] [INIT] SWITCH STATUS MODE (REAL GPIO)
2026-03-22 16:58:46 [INFO    ] [switch] [INIT] Door monitor running (ACTIVE LOW)
2026-03-22 16:58:46 [INFO    ] [switch] [INIT] Initial state: CLOSED
2026-03-22 16:58:46 [INFO    ] [switch] [INIT] Door monitor thread started
2026-03-22 16:59:54 [INFO    ] [switch] [INIT] SWITCH STATUS MODE (REAL GPIO)
2026-03-22 16:59:54 [INFO    ] [switch] [INIT] Door monitor running (ACTIVE LOW)
2026-03-22 16:59:54 [INFO    ] [switch] [INIT] Door monitor thread started
2026-03-22 16:59:54 [INFO    ] [switch] [INIT] Initial state: CLOSED
2026-03-22 17:01:02 [INFO    ] [switch] [INIT] SWITCH STATUS MODE (REAL GPIO)
2026-03-22 17:01:02 [INFO    ] [switch] [INIT] Door monitor running (ACTIVE LOW)
2026-03-22 17:01:02 [INFO    ] [switch] [INIT] Initial state: CLOSED
2026-03-22 17:01:02 [INFO    ] [switch] [INIT] Door monitor thread started
2026-03-22 17:02:10 [INFO    ] [switch] [INIT] SWITCH STATUS MODE (REAL GPIO)
2026-03-22 17:02:10 [INFO    ] [switch] [INIT] Door monitor running (ACTIVE LOW)
2026-03-22 17:02:10 [INFO    ] [switch] [INIT] Initial state: CLOSED
2026-03-22 17:02:10 [INFO    ] [switch] [INIT] Door monitor thread started
2026-03-22 17:03:18 [INFO    ] [switch] [INIT] SWITCH STATUS MODE (REAL GPIO)
2026-03-22 17:03:18 [INFO    ] [switch] [INIT] Door monitor running (ACTIVE LOW)
2026-03-22 17:03:18 [INFO    ] [switch] [INIT] Door monitor thread started
2026-03-22 17:03:18 [INFO    ] [switch] [INIT] Initial state: CLOSED
2026-03-22 17:04:26 [INFO    ] [switch] [INIT] SWITCH STATUS MODE (REAL GPIO)
2026-03-22 17:04:26 [INFO    ] [switch] [INIT] Door monitor running (ACTIVE LOW)
2026-03-22 17:04:26 [INFO    ] [switch] [INIT] Door monitor thread started
2026-03-22 17:04:26 [INFO    ] [switch] [INIT] Initial state: CLOSED
2026-03-22 17:05:34 [INFO    ] [switch] [INIT] SWITCH STATUS MODE (REAL GPIO)
2026-03-22 17:05:34 [INFO    ] [switch] [INIT] Door monitor running (ACTIVE LOW)
2026-03-22 17:05:34 [INFO    ] [switch] [INIT] Door monitor thread started
2026-03-22 17:05:34 [INFO    ] [switch] [INIT] Initial state: CLOSED
2026-03-22 17:06:42 [INFO    ] [switch] [INIT] SWITCH STATUS MODE (REAL GPIO)
2026-03-22 17:06:42 [INFO    ] [switch] [INIT] Door monitor running (ACTIVE LOW)
2026-03-22 17:06:42 [INFO    ] [switch] [INIT] Door monitor thread started
2026-03-22 17:06:42 [INFO    ] [switch] [INIT] Initial state: CLOSED
2026-03-22 17:07:50 [INFO    ] [switch] [INIT] SWITCH STATUS MODE (REAL GPIO)
2026-03-22 17:07:50 [INFO    ] [switch] [INIT] Door monitor running (ACTIVE LOW)
2026-03-22 17:07:50 [INFO    ] [switch] [INIT] Initial state: CLOSED
2026-03-22 17:07:50 [INFO    ] [switch] [INIT] Door monitor thread started
2026-03-22 17:08:58 [INFO    ] [switch] [INIT] SWITCH STATUS MODE (REAL GPIO)
2026-03-22 17:08:58 [INFO    ] [switch] [INIT] Door monitor running (ACTIVE LOW)
2026-03-22 17:08:58 [INFO    ] [switch] [INIT] Door monitor thread started
2026-03-22 17:08:58 [INFO    ] [switch] [INIT] Initial state: CLOSED
2026-03-22 17:10:06 [INFO    ] [switch] [INIT] SWITCH STATUS MODE (REAL GPIO)
2026-03-22 17:10:06 [INFO    ] [switch] [INIT] Door monitor running (ACTIVE LOW)
2026-03-22 17:10:06 [INFO    ] [switch] [INIT] Door monitor thread started
2026-03-22 17:10:06 [INFO    ] [switch] [INIT] Initial state: CLOSED
2026-03-22 17:11:11 [INFO    ] [switch] [INIT] SWITCH STATUS MODE (REAL GPIO)
2026-03-22 17:11:11 [INFO    ] [switch] [INIT] Door monitor running (ACTIVE LOW)
2026-03-22 17:11:11 [INFO    ] [switch] [INIT] Door monitor thread started
2026-03-22 17:11:11 [INFO    ] [switch] [INIT] Initial state: CLOSED
2026-03-22 17:12:19 [INFO    ] [switch] [INIT] SWITCH STATUS MODE (REAL GPIO)
2026-03-22 17:12:19 [INFO    ] [switch] [INIT] Door monitor running (ACTIVE LOW)
2026-03-22 17:12:19 [INFO    ] [switch] [INIT] Door monitor thread started
2026-03-22 17:12:19 [INFO    ] [switch] [INIT] Initial state: CLOSED
2026-03-22 17:13:27 [INFO    ] [switch] [INIT] SWITCH STATUS MODE (REAL GPIO)
2026-03-22 17:13:27 [INFO    ] [switch] [INIT] Door monitor running (ACTIVE LOW)
2026-03-22 17:13:27 [INFO    ] [switch] [INIT] Initial state: CLOSED
2026-03-22 17:13:27 [INFO    ] [switch] [INIT] Door monitor thread started
2026-03-22 17:14:35 [INFO    ] [switch] [INIT] SWITCH STATUS MODE (REAL GPIO)
2026-03-22 17:14:35 [INFO    ] [switch] [INIT] Door monitor running (ACTIVE LOW)
2026-03-22 17:14:35 [INFO    ] [switch] [INIT] Initial state: CLOSED
2026-03-22 17:14:35 [INFO    ] [switch] [INIT] Door monitor thread started
2026-03-22 17:15:43 [INFO    ] [switch] [INIT] SWITCH STATUS MODE (REAL GPIO)
2026-03-22 17:15:43 [INFO    ] [switch] [INIT] Door monitor running (ACTIVE LOW)
2026-03-22 17:15:43 [INFO    ] [switch] [INIT] Door monitor thread started
2026-03-22 17:15:43 [INFO    ] [switch] [INIT] Initial state: CLOSED
2026-03-22 17:16:51 [INFO    ] [switch] [INIT] SWITCH STATUS MODE (REAL GPIO)
2026-03-22 17:16:51 [INFO    ] [switch] [INIT] Door monitor running (ACTIVE LOW)
2026-03-22 17:16:51 [INFO    ] [switch] [INIT] Initial state: CLOSED
2026-03-22 17:16:51 [INFO    ] [switch] [INIT] Door monitor thread started
2026-03-22 17:17:59 [INFO    ] [switch] [INIT] SWITCH STATUS MODE (REAL GPIO)
2026-03-22 17:17:59 [INFO    ] [switch] [INIT] Door monitor running (ACTIVE LOW)
2026-03-22 17:17:59 [INFO    ] [switch] [INIT] Door monitor thread started
2026-03-22 17:17:59 [INFO    ] [switch] [INIT] Initial state: CLOSED
2026-03-22 17:19:07 [INFO    ] [switch] [INIT] SWITCH STATUS MODE (REAL GPIO)
2026-03-22 17:19:07 [INFO    ] [switch] [INIT] Door monitor running (ACTIVE LOW)
2026-03-22 17:19:07 [INFO    ] [switch] [INIT] Initial state: CLOSED
2026-03-22 17:19:07 [INFO    ] [switch] [INIT] Door monitor thread started
2026-03-22 17:20:15 [INFO    ] [switch] [INIT] SWITCH STATUS MODE (REAL GPIO)
2026-03-22 17:20:15 [INFO    ] [switch] [INIT] Door monitor running (ACTIVE LOW)
2026-03-22 17:20:15 [INFO    ] [switch] [INIT] Door monitor thread started
2026-03-22 17:20:15 [INFO    ] [switch] [INIT] Initial state: CLOSED
2026-03-22 17:21:23 [INFO    ] [switch] [INIT] SWITCH STATUS MODE (REAL GPIO)
2026-03-22 17:21:23 [INFO    ] [switch] [INIT] Door monitor running (ACTIVE LOW)
2026-03-22 17:21:23 [INFO    ] [switch] [INIT] Initial state: CLOSED
2026-03-22 17:21:23 [INFO    ] [switch] [INIT] Door monitor thread started
2026-03-22 17:21:23 [INFO    ] [switch] [INIT] SWITCH STATUS MODE (REAL GPIO)
2026-03-22 17:21:23 [INFO    ] [switch] [INIT] Door monitor running (ACTIVE LOW)
2026-03-22 17:21:23 [INFO    ] [switch] [INIT] Door monitor thread started
2026-03-22 17:21:23 [INFO    ] [switch] [INIT] Initial state: CLOSED
2026-03-22 17:22:30 [INFO    ] [switch] [INIT] SWITCH STATUS MODE (REAL GPIO)
2026-03-22 17:22:30 [INFO    ] [switch] [INIT] Door monitor running (ACTIVE LOW)
2026-03-22 17:22:31 [INFO    ] [switch] [INIT] Initial state: CLOSED
2026-03-22 17:22:31 [INFO    ] [switch] [INIT] Door monitor thread started
2026-03-22 17:23:38 [INFO    ] [switch] [INIT] SWITCH STATUS MODE (REAL GPIO)
2026-03-22 17:23:38 [INFO    ] [switch] [INIT] Door monitor running (ACTIVE LOW)
2026-03-22 17:23:38 [INFO    ] [switch] [INIT] Door monitor thread started
2026-03-22 17:23:38 [INFO    ] [switch] [INIT] Initial state: CLOSED
2026-03-22 17:24:46 [INFO    ] [switch] [INIT] SWITCH STATUS MODE (REAL GPIO)
2026-03-22 17:24:46 [INFO    ] [switch] [INIT] Door monitor running (ACTIVE LOW)
2026-03-22 17:24:46 [INFO    ] [switch] [INIT] Initial state: CLOSED
2026-03-22 17:24:46 [INFO    ] [switch] [INIT] Door monitor thread started
2026-03-22 17:25:54 [INFO    ] [switch] [INIT] SWITCH STATUS MODE (REAL GPIO)
2026-03-22 17:25:54 [INFO    ] [switch] [INIT] Door monitor running (ACTIVE LOW)
2026-03-22 17:25:54 [INFO    ] [switch] [INIT] Initial state: CLOSED
2026-03-22 17:25:54 [INFO    ] [switch] [INIT] Door monitor thread started
2026-03-22 17:27:02 [INFO    ] [switch] [INIT] SWITCH STATUS MODE (REAL GPIO)
2026-03-22 17:27:02 [INFO    ] [switch] [INIT] Door monitor running (ACTIVE LOW)
2026-03-22 17:27:02 [INFO    ] [switch] [INIT] Initial state: CLOSED
2026-03-22 17:27:02 [INFO    ] [switch] [INIT] Door monitor thread started
2026-03-22 17:28:10 [INFO    ] [switch] [INIT] SWITCH STATUS MODE (REAL GPIO)
2026-03-22 17:28:10 [INFO    ] [switch] [INIT] Door monitor running (ACTIVE LOW)
2026-03-22 17:28:10 [INFO    ] [switch] [INIT] Door monitor thread started
2026-03-22 17:28:10 [INFO    ] [switch] [INIT] Initial state: CLOSED
2026-03-22 17:29:18 [INFO    ] [switch] [INIT] SWITCH STATUS MODE (REAL GPIO)
2026-03-22 17:29:18 [INFO    ] [switch] [INIT] Door monitor running (ACTIVE LOW)
2026-03-22 17:29:18 [INFO    ] [switch] [INIT] Door monitor thread started
2026-03-22 17:29:18 [INFO    ] [switch] [INIT] Initial state: CLOSED
2026-03-22 17:29:18 [INFO    ] [switch] [INIT] SWITCH STATUS MODE (REAL GPIO)
2026-03-22 17:29:18 [INFO    ] [switch] [INIT] Door monitor running (ACTIVE LOW)
2026-03-22 17:29:18 [INFO    ] [switch] [INIT] Door monitor thread started
2026-03-22 17:29:18 [INFO    ] [switch] [INIT] Initial state: CLOSED
2026-03-22 17:30:26 [INFO    ] [switch] [INIT] SWITCH STATUS MODE (REAL GPIO)
2026-03-22 17:30:26 [INFO    ] [switch] [INIT] Door monitor running (ACTIVE LOW)
2026-03-22 17:30:26 [INFO    ] [switch] [INIT] Door monitor thread started
2026-03-22 17:30:26 [INFO    ] [switch] [INIT] Initial state: CLOSED
2026-03-22 17:31:34 [INFO    ] [switch] [INIT] SWITCH STATUS MODE (REAL GPIO)
2026-03-22 17:31:34 [INFO    ] [switch] [INIT] Door monitor running (ACTIVE LOW)
2026-03-22 17:31:34 [INFO    ] [switch] [INIT] Door monitor thread started
2026-03-22 17:31:34 [INFO    ] [switch] [INIT] Initial state: CLOSED
2026-03-22 17:32:42 [INFO    ] [switch] [INIT] SWITCH STATUS MODE (REAL GPIO)
2026-03-22 17:32:42 [INFO    ] [switch] [INIT] Door monitor running (ACTIVE LOW)
2026-03-22 17:32:42 [INFO    ] [switch] [INIT] Door monitor thread started
2026-03-22 17:32:42 [INFO    ] [switch] [INIT] Initial state: CLOSED
2026-03-22 17:33:50 [INFO    ] [switch] [INIT] SWITCH STATUS MODE (REAL GPIO)
2026-03-22 17:33:51 [INFO    ] [switch] [INIT] Door monitor running (ACTIVE LOW)
2026-03-22 17:33:51 [INFO    ] [switch] [INIT] Door monitor thread started
2026-03-22 17:33:51 [INFO    ] [switch] [INIT] Initial state: CLOSED
2026-03-22 17:34:59 [INFO    ] [switch] [INIT] SWITCH STATUS MODE (REAL GPIO)
2026-03-22 17:34:59 [INFO    ] [switch] [INIT] Door monitor running (ACTIVE LOW)
2026-03-22 17:34:59 [INFO    ] [switch] [INIT] Door monitor thread started
2026-03-22 17:34:59 [INFO    ] [switch] [INIT] Initial state: CLOSED
2026-03-22 17:36:07 [INFO    ] [switch] [INIT] SWITCH STATUS MODE (REAL GPIO)
2026-03-22 17:36:07 [INFO    ] [switch] [INIT] Door monitor running (ACTIVE LOW)
2026-03-22 17:36:07 [INFO    ] [switch] [INIT] Initial state: CLOSED
2026-03-22 17:36:07 [INFO    ] [switch] [INIT] Door monitor thread started
2026-03-22 17:37:15 [INFO    ] [switch] [INIT] SWITCH STATUS MODE (REAL GPIO)
2026-03-22 17:37:15 [INFO    ] [switch] [INIT] Door monitor running (ACTIVE LOW)
2026-03-22 17:37:15 [INFO    ] [switch] [INIT] Initial state: CLOSED
2026-03-22 17:37:15 [INFO    ] [switch] [INIT] Door monitor thread started
2026-03-22 17:38:23 [INFO    ] [switch] [INIT] SWITCH STATUS MODE (REAL GPIO)
2026-03-22 17:38:23 [INFO    ] [switch] [INIT] Door monitor running (ACTIVE LOW)
2026-03-22 17:38:23 [INFO    ] [switch] [INIT] Door monitor thread started
2026-03-22 17:38:23 [INFO    ] [switch] [INIT] Initial state: CLOSED
2026-03-22 17:39:31 [INFO    ] [switch] [INIT] SWITCH STATUS MODE (REAL GPIO)
2026-03-22 17:39:31 [INFO    ] [switch] [INIT] Door monitor running (ACTIVE LOW)
2026-03-22 17:39:31 [INFO    ] [switch] [INIT] Door monitor thread started
2026-03-22 17:39:31 [INFO    ] [switch] [INIT] Initial state: CLOSED
2026-03-22 17:39:31 [INFO    ] [switch] [INIT] SWITCH STATUS MODE (REAL GPIO)
2026-03-22 17:39:31 [INFO    ] [switch] [INIT] Door monitor running (ACTIVE LOW)
2026-03-22 17:39:31 [INFO    ] [switch] [INIT] Door monitor thread started
2026-03-22 17:39:31 [INFO    ] [switch] [INIT] Initial state: CLOSED
2026-03-22 17:40:39 [INFO    ] [switch] [INIT] SWITCH STATUS MODE (REAL GPIO)
2026-03-22 17:40:39 [INFO    ] [switch] [INIT] Door monitor running (ACTIVE LOW)
2026-03-22 17:40:39 [INFO    ] [switch] [INIT] Initial state: CLOSED
2026-03-22 17:40:39 [INFO    ] [switch] [INIT] Door monitor thread started
2026-03-22 17:41:47 [INFO    ] [switch] [INIT] SWITCH STATUS MODE (REAL GPIO)
2026-03-22 17:41:47 [INFO    ] [switch] [INIT] Door monitor running (ACTIVE LOW)
2026-03-22 17:41:47 [INFO    ] [switch] [INIT] Door monitor thread started
2026-03-22 17:41:47 [INFO    ] [switch] [INIT] Initial state: CLOSED
2026-03-22 17:42:55 [INFO    ] [switch] [INIT] SWITCH STATUS MODE (REAL GPIO)
2026-03-22 17:42:55 [INFO    ] [switch] [INIT] Door monitor running (ACTIVE LOW)
2026-03-22 17:42:55 [INFO    ] [switch] [INIT] Door monitor thread started
2026-03-22 17:42:55 [INFO    ] [switch] [INIT] Initial state: CLOSED
2026-03-22 17:44:03 [INFO    ] [switch] [INIT] SWITCH STATUS MODE (REAL GPIO)
2026-03-22 17:44:03 [INFO    ] [switch] [INIT] Door monitor running (ACTIVE LOW)
2026-03-22 17:44:03 [INFO    ] [switch] [INIT] Door monitor thread started
2026-03-22 17:44:03 [INFO    ] [switch] [INIT] Initial state: CLOSED
2026-03-22 17:45:11 [INFO    ] [switch] [INIT] SWITCH STATUS MODE (REAL GPIO)
2026-03-22 17:45:11 [INFO    ] [switch] [INIT] Door monitor running (ACTIVE LOW)
2026-03-22 17:45:11 [INFO    ] [switch] [INIT] Door monitor thread started
2026-03-22 17:45:11 [INFO    ] [switch] [INIT] Initial state: CLOSED
2026-03-22 17:46:19 [INFO    ] [switch] [INIT] SWITCH STATUS MODE (REAL GPIO)
2026-03-22 17:46:19 [INFO    ] [switch] [INIT] Door monitor running (ACTIVE LOW)
2026-03-22 17:46:19 [INFO    ] [switch] [INIT] Door monitor thread started
2026-03-22 17:46:19 [INFO    ] [switch] [INIT] Initial state: CLOSED
2026-03-22 17:47:27 [INFO    ] [switch] [INIT] SWITCH STATUS MODE (REAL GPIO)
2026-03-22 17:47:27 [INFO    ] [switch] [INIT] Door monitor running (ACTIVE LOW)
2026-03-22 17:47:27 [INFO    ] [switch] [INIT] Door monitor thread started
2026-03-22 17:47:27 [INFO    ] [switch] [INIT] Initial state: CLOSED
2026-03-22 17:48:35 [INFO    ] [switch] [INIT] SWITCH STATUS MODE (REAL GPIO)
2026-03-22 17:48:35 [INFO    ] [switch] [INIT] Door monitor running (ACTIVE LOW)
2026-03-22 17:48:35 [INFO    ] [switch] [INIT] Door monitor thread started
2026-03-22 17:48:35 [INFO    ] [switch] [INIT] Initial state: CLOSED
2026-03-22 17:49:43 [INFO    ] [switch] [INIT] SWITCH STATUS MODE (REAL GPIO)
2026-03-22 17:49:43 [INFO    ] [switch] [INIT] Door monitor running (ACTIVE LOW)
2026-03-22 17:49:43 [INFO    ] [switch] [INIT] Initial state: CLOSED
2026-03-22 17:49:43 [INFO    ] [switch] [INIT] Door monitor thread started
2026-03-22 17:50:51 [INFO    ] [switch] [INIT] SWITCH STATUS MODE (REAL GPIO)
2026-03-22 17:50:51 [INFO    ] [switch] [INIT] Door monitor running (ACTIVE LOW)
2026-03-22 17:50:51 [INFO    ] [switch] [INIT] Door monitor thread started
2026-03-22 17:50:51 [INFO    ] [switch] [INIT] Initial state: CLOSED
2026-03-22 17:51:59 [INFO    ] [switch] [INIT] SWITCH STATUS MODE (REAL GPIO)
2026-03-22 17:51:59 [INFO    ] [switch] [INIT] Door monitor running (ACTIVE LOW)
2026-03-22 17:51:59 [INFO    ] [switch] [INIT] Initial state: CLOSED
2026-03-22 17:51:59 [INFO    ] [switch] [INIT] Door monitor thread started
2026-03-22 17:53:07 [INFO    ] [switch] [INIT] SWITCH STATUS MODE (REAL GPIO)
2026-03-22 17:53:07 [INFO    ] [switch] [INIT] Door monitor running (ACTIVE LOW)
2026-03-22 17:53:07 [INFO    ] [switch] [INIT] Door monitor thread started
2026-03-22 17:53:07 [INFO    ] [switch] [INIT] Initial state: CLOSED
2026-03-22 17:54:15 [INFO    ] [switch] [INIT] SWITCH STATUS MODE (REAL GPIO)
2026-03-22 17:54:15 [INFO    ] [switch] [INIT] Door monitor running (ACTIVE LOW)
2026-03-22 17:54:15 [INFO    ] [switch] [INIT] Door monitor thread started
2026-03-22 17:54:15 [INFO    ] [switch] [INIT] Initial state: CLOSED
2026-03-22 17:55:23 [INFO    ] [switch] [INIT] SWITCH STATUS MODE (REAL GPIO)
2026-03-22 17:55:23 [INFO    ] [switch] [INIT] Door monitor running (ACTIVE LOW)
2026-03-22 17:55:23 [INFO    ] [switch] [INIT] Initial state: CLOSED
2026-03-22 17:55:23 [INFO    ] [switch] [INIT] Door monitor thread started
2026-03-22 17:56:31 [INFO    ] [switch] [INIT] SWITCH STATUS MODE (REAL GPIO)
2026-03-22 17:56:31 [INFO    ] [switch] [INIT] Door monitor running (ACTIVE LOW)
2026-03-22 17:56:31 [INFO    ] [switch] [INIT] Door monitor thread started
2026-03-22 17:56:31 [INFO    ] [switch] [INIT] Initial state: CLOSED
2026-03-22 17:57:39 [INFO    ] [switch] [INIT] SWITCH STATUS MODE (REAL GPIO)
2026-03-22 17:57:39 [INFO    ] [switch] [INIT] Door monitor running (ACTIVE LOW)
2026-03-22 17:57:39 [INFO    ] [switch] [INIT] Door monitor thread started
2026-03-22 17:57:39 [INFO    ] [switch] [INIT] Initial state: CLOSED
2026-03-22 17:58:47 [INFO    ] [switch] [INIT] SWITCH STATUS MODE (REAL GPIO)
2026-03-22 17:58:47 [INFO    ] [switch] [INIT] Door monitor running (ACTIVE LOW)
2026-03-22 17:58:47 [INFO    ] [switch] [INIT] Door monitor thread started
2026-03-22 17:58:47 [INFO    ] [switch] [INIT] Initial state: CLOSED
2026-03-22 17:59:55 [INFO    ] [switch] [INIT] SWITCH STATUS MODE (REAL GPIO)
2026-03-22 17:59:55 [INFO    ] [switch] [INIT] Door monitor running (ACTIVE LOW)
2026-03-22 17:59:55 [INFO    ] [switch] [INIT] Initial state: CLOSED
2026-03-22 17:59:55 [INFO    ] [switch] [INIT] Door monitor thread started
2026-03-22 18:01:03 [INFO    ] [switch] [INIT] SWITCH STATUS MODE (REAL GPIO)
2026-03-22 18:01:03 [INFO    ] [switch] [INIT] Door monitor running (ACTIVE LOW)
2026-03-22 18:01:03 [INFO    ] [switch] [INIT] Door monitor thread started
2026-03-22 18:01:03 [INFO    ] [switch] [INIT] Initial state: CLOSED
2026-03-22 18:02:12 [INFO    ] [switch] [INIT] SWITCH STATUS MODE (REAL GPIO)
2026-03-22 18:02:12 [INFO    ] [switch] [INIT] Door monitor running (ACTIVE LOW)
2026-03-22 18:02:12 [INFO    ] [switch] [INIT] Door monitor thread started
2026-03-22 18:02:12 [INFO    ] [switch] [INIT] Initial state: CLOSED
2026-03-22 18:03:20 [INFO    ] [switch] [INIT] SWITCH STATUS MODE (REAL GPIO)
2026-03-22 18:03:20 [INFO    ] [switch] [INIT] Door monitor running (ACTIVE LOW)
2026-03-22 18:03:20 [INFO    ] [switch] [INIT] Door monitor thread started
2026-03-22 18:03:20 [INFO    ] [switch] [INIT] Initial state: CLOSED
2026-03-22 18:04:28 [INFO    ] [switch] [INIT] SWITCH STATUS MODE (REAL GPIO)
2026-03-22 18:04:28 [INFO    ] [switch] [INIT] Door monitor running (ACTIVE LOW)
2026-03-22 18:04:28 [INFO    ] [switch] [INIT] Door monitor thread started
2026-03-22 18:04:28 [INFO    ] [switch] [INIT] Initial state: CLOSED
2026-03-22 18:05:36 [INFO    ] [switch] [INIT] SWITCH STATUS MODE (REAL GPIO)
2026-03-22 18:05:36 [INFO    ] [switch] [INIT] Door monitor running (ACTIVE LOW)
2026-03-22 18:05:36 [INFO    ] [switch] [INIT] Door monitor thread started
2026-03-22 18:05:36 [INFO    ] [switch] [INIT] Initial state: CLOSED
2026-03-22 18:06:44 [INFO    ] [switch] [INIT] SWITCH STATUS MODE (REAL GPIO)
2026-03-22 18:06:44 [INFO    ] [switch] [INIT] Door monitor running (ACTIVE LOW)
2026-03-22 18:06:44 [INFO    ] [switch] [INIT] Door monitor thread started
2026-03-22 18:06:44 [INFO    ] [switch] [INIT] Initial state: CLOSED
2026-03-22 18:07:52 [INFO    ] [switch] [INIT] SWITCH STATUS MODE (REAL GPIO)
2026-03-22 18:07:52 [INFO    ] [switch] [INIT] Door monitor running (ACTIVE LOW)
2026-03-22 18:07:52 [INFO    ] [switch] [INIT] Door monitor thread started
2026-03-22 18:07:52 [INFO    ] [switch] [INIT] Initial state: CLOSED
2026-03-22 18:09:00 [INFO    ] [switch] [INIT] SWITCH STATUS MODE (REAL GPIO)
2026-03-22 18:09:00 [INFO    ] [switch] [INIT] Door monitor running (ACTIVE LOW)
2026-03-22 18:09:00 [INFO    ] [switch] [INIT] Door monitor thread started
2026-03-22 18:09:00 [INFO    ] [switch] [INIT] Initial state: CLOSED
2026-03-22 18:10:08 [INFO    ] [switch] [INIT] SWITCH STATUS MODE (REAL GPIO)
2026-03-22 18:10:08 [INFO    ] [switch] [INIT] Door monitor running (ACTIVE LOW)
2026-03-22 18:10:08 [INFO    ] [switch] [INIT] Door monitor thread started
2026-03-22 18:10:08 [INFO    ] [switch] [INIT] Initial state: CLOSED
2026-03-22 18:11:16 [INFO    ] [switch] [INIT] SWITCH STATUS MODE (REAL GPIO)
2026-03-22 18:11:16 [INFO    ] [switch] [INIT] Door monitor running (ACTIVE LOW)
2026-03-22 18:11:16 [INFO    ] [switch] [INIT] Door monitor thread started
2026-03-22 18:11:16 [INFO    ] [switch] [INIT] Initial state: CLOSED
2026-03-22 18:12:24 [INFO    ] [switch] [INIT] SWITCH STATUS MODE (REAL GPIO)
2026-03-22 18:12:24 [INFO    ] [switch] [INIT] Door monitor running (ACTIVE LOW)
2026-03-22 18:12:24 [INFO    ] [switch] [INIT] Door monitor thread started
2026-03-22 18:12:24 [INFO    ] [switch] [INIT] Initial state: CLOSED
2026-03-22 18:13:32 [INFO    ] [switch] [INIT] SWITCH STATUS MODE (REAL GPIO)
2026-03-22 18:13:32 [INFO    ] [switch] [INIT] Door monitor running (ACTIVE LOW)
2026-03-22 18:13:32 [INFO    ] [switch] [INIT] Door monitor thread started
2026-03-22 18:13:32 [INFO    ] [switch] [INIT] Initial state: CLOSED
2026-03-22 18:14:40 [INFO    ] [switch] [INIT] SWITCH STATUS MODE (REAL GPIO)
2026-03-22 18:14:40 [INFO    ] [switch] [INIT] Door monitor running (ACTIVE LOW)
2026-03-22 18:14:40 [INFO    ] [switch] [INIT] Door monitor thread started
2026-03-22 18:14:40 [INFO    ] [switch] [INIT] Initial state: CLOSED
2026-03-22 18:15:48 [INFO    ] [switch] [INIT] SWITCH STATUS MODE (REAL GPIO)
2026-03-22 18:15:48 [INFO    ] [switch] [INIT] Door monitor running (ACTIVE LOW)
2026-03-22 18:15:48 [INFO    ] [switch] [INIT] Door monitor thread started
2026-03-22 18:15:48 [INFO    ] [switch] [INIT] Initial state: CLOSED
2026-03-22 18:16:56 [INFO    ] [switch] [INIT] SWITCH STATUS MODE (REAL GPIO)
2026-03-22 18:16:56 [INFO    ] [switch] [INIT] Door monitor running (ACTIVE LOW)
2026-03-22 18:16:56 [INFO    ] [switch] [INIT] Door monitor thread started
2026-03-22 18:16:56 [INFO    ] [switch] [INIT] Initial state: CLOSED
2026-03-22 18:18:04 [INFO    ] [switch] [INIT] SWITCH STATUS MODE (REAL GPIO)
2026-03-22 18:18:04 [INFO    ] [switch] [INIT] Door monitor running (ACTIVE LOW)
2026-03-22 18:18:04 [INFO    ] [switch] [INIT] Door monitor thread started
2026-03-22 18:18:04 [INFO    ] [switch] [INIT] Initial state: CLOSED
2026-03-22 18:19:12 [INFO    ] [switch] [INIT] SWITCH STATUS MODE (REAL GPIO)
2026-03-22 18:19:12 [INFO    ] [switch] [INIT] Door monitor running (ACTIVE LOW)
2026-03-22 18:19:12 [INFO    ] [switch] [INIT] Initial state: CLOSED
2026-03-22 18:19:12 [INFO    ] [switch] [INIT] Door monitor thread started
2026-03-22 18:20:20 [INFO    ] [switch] [INIT] SWITCH STATUS MODE (REAL GPIO)
2026-03-22 18:20:20 [INFO    ] [switch] [INIT] Door monitor running (ACTIVE LOW)
2026-03-22 18:20:20 [INFO    ] [switch] [INIT] Initial state: CLOSED
2026-03-22 18:20:20 [INFO    ] [switch] [INIT] Door monitor thread started
2026-03-22 18:21:28 [INFO    ] [switch] [INIT] SWITCH STATUS MODE (REAL GPIO)
2026-03-22 18:21:28 [INFO    ] [switch] [INIT] Door monitor running (ACTIVE LOW)
2026-03-22 18:21:28 [INFO    ] [switch] [INIT] Door monitor thread started
2026-03-22 18:21:28 [INFO    ] [switch] [INIT] Initial state: CLOSED
2026-03-22 18:22:36 [INFO    ] [switch] [INIT] SWITCH STATUS MODE (REAL GPIO)
2026-03-22 18:22:36 [INFO    ] [switch] [INIT] Door monitor running (ACTIVE LOW)
2026-03-22 18:22:36 [INFO    ] [switch] [INIT] Door monitor thread started
2026-03-22 18:22:37 [INFO    ] [switch] [INIT] Initial state: CLOSED
2026-03-22 18:23:45 [INFO    ] [switch] [INIT] SWITCH STATUS MODE (REAL GPIO)
2026-03-22 18:23:45 [INFO    ] [switch] [INIT] Door monitor running (ACTIVE LOW)
2026-03-22 18:23:45 [INFO    ] [switch] [INIT] Initial state: CLOSED
2026-03-22 18:23:45 [INFO    ] [switch] [INIT] Door monitor thread started
2026-03-22 18:24:53 [INFO    ] [switch] [INIT] SWITCH STATUS MODE (REAL GPIO)
2026-03-22 18:24:53 [INFO    ] [switch] [INIT] Door monitor running (ACTIVE LOW)
2026-03-22 18:24:53 [INFO    ] [switch] [INIT] Door monitor thread started
2026-03-22 18:24:53 [INFO    ] [switch] [INIT] Initial state: CLOSED
2026-03-22 18:26:00 [INFO    ] [switch] [INIT] SWITCH STATUS MODE (REAL GPIO)
2026-03-22 18:26:00 [INFO    ] [switch] [INIT] Door monitor running (ACTIVE LOW)
2026-03-22 18:26:00 [INFO    ] [switch] [INIT] Door monitor thread started
2026-03-22 18:26:00 [INFO    ] [switch] [INIT] Initial state: CLOSED
2026-03-22 18:27:08 [INFO    ] [switch] [INIT] SWITCH STATUS MODE (REAL GPIO)
2026-03-22 18:27:08 [INFO    ] [switch] [INIT] Door monitor running (ACTIVE LOW)
2026-03-22 18:27:08 [INFO    ] [switch] [INIT] Door monitor thread started
2026-03-22 18:27:08 [INFO    ] [switch] [INIT] Initial state: CLOSED
2026-03-22 18:28:16 [INFO    ] [switch] [INIT] SWITCH STATUS MODE (REAL GPIO)
2026-03-22 18:28:16 [INFO    ] [switch] [INIT] Door monitor running (ACTIVE LOW)
2026-03-22 18:28:16 [INFO    ] [switch] [INIT] Door monitor thread started
2026-03-22 18:28:16 [INFO    ] [switch] [INIT] Initial state: CLOSED
2026-03-22 18:29:24 [INFO    ] [switch] [INIT] SWITCH STATUS MODE (REAL GPIO)
2026-03-22 18:29:24 [INFO    ] [switch] [INIT] Door monitor running (ACTIVE LOW)
2026-03-22 18:29:24 [INFO    ] [switch] [INIT] Initial state: CLOSED
2026-03-22 18:29:24 [INFO    ] [switch] [INIT] Door monitor thread started
2026-03-22 18:30:32 [INFO    ] [switch] [INIT] SWITCH STATUS MODE (REAL GPIO)
2026-03-22 18:30:32 [INFO    ] [switch] [INIT] Door monitor running (ACTIVE LOW)
2026-03-22 18:30:32 [INFO    ] [switch] [INIT] Initial state: CLOSED
2026-03-22 18:30:32 [INFO    ] [switch] [INIT] Door monitor thread started
2026-03-22 18:31:40 [INFO    ] [switch] [INIT] SWITCH STATUS MODE (REAL GPIO)
2026-03-22 18:31:40 [INFO    ] [switch] [INIT] Door monitor running (ACTIVE LOW)
2026-03-22 18:31:40 [INFO    ] [switch] [INIT] Door monitor thread started
2026-03-22 18:31:40 [INFO    ] [switch] [INIT] Initial state: CLOSED
2026-03-22 18:32:48 [INFO    ] [switch] [INIT] SWITCH STATUS MODE (REAL GPIO)
2026-03-22 18:32:48 [INFO    ] [switch] [INIT] Door monitor running (ACTIVE LOW)
2026-03-22 18:32:48 [INFO    ] [switch] [INIT] Door monitor thread started
2026-03-22 18:32:48 [INFO    ] [switch] [INIT] Initial state: CLOSED
2026-03-22 18:33:56 [INFO    ] [switch] [INIT] SWITCH STATUS MODE (REAL GPIO)
2026-03-22 18:33:56 [INFO    ] [switch] [INIT] Door monitor running (ACTIVE LOW)
2026-03-22 18:33:56 [INFO    ] [switch] [INIT] Initial state: CLOSED
2026-03-22 18:33:56 [INFO    ] [switch] [INIT] Door monitor thread started
2026-03-22 18:35:04 [INFO    ] [switch] [INIT] SWITCH STATUS MODE (REAL GPIO)
2026-03-22 18:35:04 [INFO    ] [switch] [INIT] Door monitor running (ACTIVE LOW)
2026-03-22 18:35:04 [INFO    ] [switch] [INIT] Door monitor thread started
2026-03-22 18:35:04 [INFO    ] [switch] [INIT] Initial state: CLOSED
2026-03-22 18:36:12 [INFO    ] [switch] [INIT] SWITCH STATUS MODE (REAL GPIO)
2026-03-22 18:36:12 [INFO    ] [switch] [INIT] Door monitor running (ACTIVE LOW)
2026-03-22 18:36:12 [INFO    ] [switch] [INIT] Door monitor thread started
2026-03-22 18:36:12 [INFO    ] [switch] [INIT] Initial state: CLOSED
2026-03-22 18:37:19 [INFO    ] [switch] [INIT] SWITCH STATUS MODE (REAL GPIO)
2026-03-22 18:37:19 [INFO    ] [switch] [INIT] Door monitor running (ACTIVE LOW)
2026-03-22 18:37:19 [INFO    ] [switch] [INIT] Initial state: CLOSED
2026-03-22 18:37:19 [INFO    ] [switch] [INIT] Door monitor thread started
2026-03-22 18:38:27 [INFO    ] [switch] [INIT] SWITCH STATUS MODE (REAL GPIO)
2026-03-22 18:38:27 [INFO    ] [switch] [INIT] Door monitor running (ACTIVE LOW)
2026-03-22 18:38:27 [INFO    ] [switch] [INIT] Initial state: CLOSED
2026-03-22 18:38:27 [INFO    ] [switch] [INIT] Door monitor thread started
2026-03-22 18:39:32 [INFO    ] [switch] [INIT] SWITCH STATUS MODE (REAL GPIO)
2026-03-22 18:39:32 [INFO    ] [switch] [INIT] Door monitor running (ACTIVE LOW)
2026-03-22 18:39:32 [INFO    ] [switch] [INIT] Door monitor thread started
2026-03-22 18:39:32 [INFO    ] [switch] [INIT] Initial state: CLOSED
2026-03-22 18:40:40 [INFO    ] [switch] [INIT] SWITCH STATUS MODE (REAL GPIO)
2026-03-22 18:40:40 [INFO    ] [switch] [INIT] Door monitor running (ACTIVE LOW)
2026-03-22 18:40:40 [INFO    ] [switch] [INIT] Initial state: CLOSED
2026-03-22 18:40:40 [INFO    ] [switch] [INIT] Door monitor thread started
2026-03-22 18:41:48 [INFO    ] [switch] [INIT] SWITCH STATUS MODE (REAL GPIO)
2026-03-22 18:41:48 [INFO    ] [switch] [INIT] Door monitor running (ACTIVE LOW)
2026-03-22 18:41:48 [INFO    ] [switch] [INIT] Door monitor thread started
2026-03-22 18:41:48 [INFO    ] [switch] [INIT] Initial state: CLOSED
2026-03-22 18:42:56 [INFO    ] [switch] [INIT] SWITCH STATUS MODE (REAL GPIO)
2026-03-22 18:42:56 [INFO    ] [switch] [INIT] Door monitor running (ACTIVE LOW)
2026-03-22 18:42:56 [INFO    ] [switch] [INIT] Initial state: CLOSED
2026-03-22 18:42:56 [INFO    ] [switch] [INIT] Door monitor thread started
2026-03-22 18:44:04 [INFO    ] [switch] [INIT] SWITCH STATUS MODE (REAL GPIO)
2026-03-22 18:44:04 [INFO    ] [switch] [INIT] Door monitor running (ACTIVE LOW)
2026-03-22 18:44:04 [INFO    ] [switch] [INIT] Door monitor thread started
2026-03-22 18:44:04 [INFO    ] [switch] [INIT] Initial state: CLOSED
2026-03-22 18:45:12 [INFO    ] [switch] [INIT] SWITCH STATUS MODE (REAL GPIO)
2026-03-22 18:45:12 [INFO    ] [switch] [INIT] Door monitor running (ACTIVE LOW)
2026-03-22 18:45:12 [INFO    ] [switch] [INIT] Door monitor thread started
2026-03-22 18:45:12 [INFO    ] [switch] [INIT] Initial state: CLOSED
2026-03-22 18:46:20 [INFO    ] [switch] [INIT] SWITCH STATUS MODE (REAL GPIO)
2026-03-22 18:46:20 [INFO    ] [switch] [INIT] Door monitor running (ACTIVE LOW)
2026-03-22 18:46:20 [INFO    ] [switch] [INIT] Door monitor thread started
2026-03-22 18:46:20 [INFO    ] [switch] [INIT] Initial state: CLOSED
2026-03-22 18:47:28 [INFO    ] [switch] [INIT] SWITCH STATUS MODE (REAL GPIO)
2026-03-22 18:47:28 [INFO    ] [switch] [INIT] Door monitor running (ACTIVE LOW)
2026-03-22 18:47:28 [INFO    ] [switch] [INIT] Door monitor thread started
2026-03-22 18:47:28 [INFO    ] [switch] [INIT] Initial state: CLOSED
2026-03-22 18:48:36 [INFO    ] [switch] [INIT] SWITCH STATUS MODE (REAL GPIO)
2026-03-22 18:48:36 [INFO    ] [switch] [INIT] Door monitor running (ACTIVE LOW)
2026-03-22 18:48:36 [INFO    ] [switch] [INIT] Door monitor thread started
2026-03-22 18:48:36 [INFO    ] [switch] [INIT] Initial state: CLOSED
2026-03-22 18:49:44 [INFO    ] [switch] [INIT] SWITCH STATUS MODE (REAL GPIO)
2026-03-22 18:49:44 [INFO    ] [switch] [INIT] Door monitor running (ACTIVE LOW)
2026-03-22 18:49:44 [INFO    ] [switch] [INIT] Door monitor thread started
2026-03-22 18:49:44 [INFO    ] [switch] [INIT] Initial state: CLOSED
2026-03-22 18:50:49 [INFO    ] [switch] [INIT] SWITCH STATUS MODE (REAL GPIO)
2026-03-22 18:50:50 [INFO    ] [switch] [INIT] Door monitor running (ACTIVE LOW)
2026-03-22 18:50:50 [INFO    ] [switch] [INIT] Door monitor thread started
2026-03-22 18:50:50 [INFO    ] [switch] [INIT] Initial state: CLOSED
2026-03-22 18:51:58 [INFO    ] [switch] [INIT] SWITCH STATUS MODE (REAL GPIO)
2026-03-22 18:51:58 [INFO    ] [switch] [INIT] Door monitor running (ACTIVE LOW)
2026-03-22 18:51:58 [INFO    ] [switch] [INIT] Door monitor thread started
2026-03-22 18:51:58 [INFO    ] [switch] [INIT] Initial state: CLOSED
2026-03-22 18:53:03 [INFO    ] [switch] [INIT] SWITCH STATUS MODE (REAL GPIO)
2026-03-22 18:53:03 [INFO    ] [switch] [INIT] Door monitor running (ACTIVE LOW)
2026-03-22 18:53:03 [INFO    ] [switch] [INIT] Door monitor thread started
2026-03-22 18:53:03 [INFO    ] [switch] [INIT] Initial state: CLOSED
2026-03-22 18:54:08 [INFO    ] [switch] [INIT] SWITCH STATUS MODE (REAL GPIO)
2026-03-22 18:54:08 [INFO    ] [switch] [INIT] Door monitor running (ACTIVE LOW)
2026-03-22 18:54:08 [INFO    ] [switch] [INIT] Initial state: CLOSED
2026-03-22 18:54:08 [INFO    ] [switch] [INIT] Door monitor thread started
2026-03-22 18:55:16 [INFO    ] [switch] [INIT] SWITCH STATUS MODE (REAL GPIO)
2026-03-22 18:55:16 [INFO    ] [switch] [INIT] Door monitor running (ACTIVE LOW)
2026-03-22 18:55:16 [INFO    ] [switch] [INIT] Door monitor thread started
2026-03-22 18:55:16 [INFO    ] [switch] [INIT] Initial state: CLOSED
2026-03-22 18:56:24 [INFO    ] [switch] [INIT] SWITCH STATUS MODE (REAL GPIO)
2026-03-22 18:56:24 [INFO    ] [switch] [INIT] Door monitor running (ACTIVE LOW)
2026-03-22 18:56:24 [INFO    ] [switch] [INIT] Initial state: CLOSED
2026-03-22 18:56:24 [INFO    ] [switch] [INIT] Door monitor thread started
2026-03-22 18:57:32 [INFO    ] [switch] [INIT] SWITCH STATUS MODE (REAL GPIO)
2026-03-22 18:57:32 [INFO    ] [switch] [INIT] Door monitor running (ACTIVE LOW)
2026-03-22 18:57:32 [INFO    ] [switch] [INIT] Door monitor thread started
2026-03-22 18:57:32 [INFO    ] [switch] [INIT] Initial state: CLOSED
2026-03-22 18:58:40 [INFO    ] [switch] [INIT] SWITCH STATUS MODE (REAL GPIO)
2026-03-22 18:58:40 [INFO    ] [switch] [INIT] Door monitor running (ACTIVE LOW)
2026-03-22 18:58:40 [INFO    ] [switch] [INIT] Door monitor thread started
2026-03-22 18:58:40 [INFO    ] [switch] [INIT] Initial state: CLOSED
2026-03-22 18:59:48 [INFO    ] [switch] [INIT] SWITCH STATUS MODE (REAL GPIO)
2026-03-22 18:59:48 [INFO    ] [switch] [INIT] Door monitor running (ACTIVE LOW)
2026-03-22 18:59:48 [INFO    ] [switch] [INIT] Initial state: CLOSED
2026-03-22 18:59:48 [INFO    ] [switch] [INIT] Door monitor thread started
2026-03-22 19:00:56 [INFO    ] [switch] [INIT] SWITCH STATUS MODE (REAL GPIO)
2026-03-22 19:00:56 [INFO    ] [switch] [INIT] Door monitor running (ACTIVE LOW)
2026-03-22 19:00:56 [INFO    ] [switch] [INIT] Door monitor thread started
2026-03-22 19:00:56 [INFO    ] [switch] [INIT] Initial state: CLOSED
2026-03-22 19:02:04 [INFO    ] [switch] [INIT] SWITCH STATUS MODE (REAL GPIO)
2026-03-22 19:02:04 [INFO    ] [switch] [INIT] Door monitor running (ACTIVE LOW)
2026-03-22 19:02:04 [INFO    ] [switch] [INIT] Initial state: CLOSED
2026-03-22 19:02:04 [INFO    ] [switch] [INIT] Door monitor thread started
2026-03-22 19:03:12 [INFO    ] [switch] [INIT] SWITCH STATUS MODE (REAL GPIO)
2026-03-22 19:03:13 [INFO    ] [switch] [INIT] Door monitor running (ACTIVE LOW)
2026-03-22 19:03:13 [INFO    ] [switch] [INIT] Door monitor thread started
2026-03-22 19:03:13 [INFO    ] [switch] [INIT] Initial state: CLOSED
2026-03-22 19:04:21 [INFO    ] [switch] [INIT] SWITCH STATUS MODE (REAL GPIO)
2026-03-22 19:04:21 [INFO    ] [switch] [INIT] Door monitor running (ACTIVE LOW)
2026-03-22 19:04:21 [INFO    ] [switch] [INIT] Door monitor thread started
2026-03-22 19:04:21 [INFO    ] [switch] [INIT] Initial state: CLOSED
2026-03-22 19:05:29 [INFO    ] [switch] [INIT] SWITCH STATUS MODE (REAL GPIO)
2026-03-22 19:05:29 [INFO    ] [switch] [INIT] Door monitor running (ACTIVE LOW)
2026-03-22 19:05:29 [INFO    ] [switch] [INIT] Door monitor thread started
2026-03-22 19:05:29 [INFO    ] [switch] [INIT] Initial state: CLOSED
2026-03-22 19:06:37 [INFO    ] [switch] [INIT] SWITCH STATUS MODE (REAL GPIO)
2026-03-22 19:06:37 [INFO    ] [switch] [INIT] Door monitor running (ACTIVE LOW)
2026-03-22 19:06:37 [INFO    ] [switch] [INIT] Door monitor thread started
2026-03-22 19:06:37 [INFO    ] [switch] [INIT] Initial state: CLOSED
2026-03-22 19:07:45 [INFO    ] [switch] [INIT] SWITCH STATUS MODE (REAL GPIO)
2026-03-22 19:07:45 [INFO    ] [switch] [INIT] Door monitor running (ACTIVE LOW)
2026-03-22 19:07:45 [INFO    ] [switch] [INIT] Initial state: CLOSED
2026-03-22 19:07:45 [INFO    ] [switch] [INIT] Door monitor thread started
2026-03-22 19:08:53 [INFO    ] [switch] [INIT] SWITCH STATUS MODE (REAL GPIO)
2026-03-22 19:08:53 [INFO    ] [switch] [INIT] Door monitor running (ACTIVE LOW)
2026-03-22 19:08:53 [INFO    ] [switch] [INIT] Door monitor thread started
2026-03-22 19:08:53 [INFO    ] [switch] [INIT] Initial state: CLOSED
2026-03-22 19:10:01 [INFO    ] [switch] [INIT] SWITCH STATUS MODE (REAL GPIO)
2026-03-22 19:10:01 [INFO    ] [switch] [INIT] Door monitor running (ACTIVE LOW)
2026-03-22 19:10:01 [INFO    ] [switch] [INIT] Door monitor thread started
2026-03-22 19:10:01 [INFO    ] [switch] [INIT] Initial state: CLOSED
2026-03-22 19:11:09 [INFO    ] [switch] [INIT] SWITCH STATUS MODE (REAL GPIO)
2026-03-22 19:11:09 [INFO    ] [switch] [INIT] Door monitor running (ACTIVE LOW)
2026-03-22 19:11:09 [INFO    ] [switch] [INIT] Door monitor thread started
2026-03-22 19:11:09 [INFO    ] [switch] [INIT] Initial state: CLOSED
2026-03-22 19:12:17 [INFO    ] [switch] [INIT] SWITCH STATUS MODE (REAL GPIO)
2026-03-22 19:12:17 [INFO    ] [switch] [INIT] Door monitor running (ACTIVE LOW)
2026-03-22 19:12:17 [INFO    ] [switch] [INIT] Initial state: CLOSED
2026-03-22 19:12:17 [INFO    ] [switch] [INIT] Door monitor thread started
2026-03-22 19:13:25 [INFO    ] [switch] [INIT] SWITCH STATUS MODE (REAL GPIO)
2026-03-22 19:13:25 [INFO    ] [switch] [INIT] Door monitor running (ACTIVE LOW)
2026-03-22 19:13:25 [INFO    ] [switch] [INIT] Door monitor thread started
2026-03-22 19:13:25 [INFO    ] [switch] [INIT] Initial state: CLOSED
2026-03-22 19:14:33 [INFO    ] [switch] [INIT] SWITCH STATUS MODE (REAL GPIO)
2026-03-22 19:14:33 [INFO    ] [switch] [INIT] Door monitor running (ACTIVE LOW)
2026-03-22 19:14:33 [INFO    ] [switch] [INIT] Initial state: CLOSED
2026-03-22 19:14:33 [INFO    ] [switch] [INIT] Door monitor thread started
2026-03-22 19:15:41 [INFO    ] [switch] [INIT] SWITCH STATUS MODE (REAL GPIO)
2026-03-22 19:15:41 [INFO    ] [switch] [INIT] Door monitor running (ACTIVE LOW)
2026-03-22 19:15:41 [INFO    ] [switch] [INIT] Door monitor thread started
2026-03-22 19:15:41 [INFO    ] [switch] [INIT] Initial state: CLOSED
2026-03-22 19:16:49 [INFO    ] [switch] [INIT] SWITCH STATUS MODE (REAL GPIO)
2026-03-22 19:16:49 [INFO    ] [switch] [INIT] Door monitor running (ACTIVE LOW)
2026-03-22 19:16:49 [INFO    ] [switch] [INIT] Door monitor thread started
2026-03-22 19:16:49 [INFO    ] [switch] [INIT] Initial state: CLOSED
2026-03-22 19:17:57 [INFO    ] [switch] [INIT] SWITCH STATUS MODE (REAL GPIO)
2026-03-22 19:17:57 [INFO    ] [switch] [INIT] Door monitor running (ACTIVE LOW)
2026-03-22 19:17:57 [INFO    ] [switch] [INIT] Initial state: CLOSED
2026-03-22 19:17:57 [INFO    ] [switch] [INIT] Door monitor thread started
2026-03-22 19:19:06 [INFO    ] [switch] [INIT] SWITCH STATUS MODE (REAL GPIO)
2026-03-22 19:19:06 [INFO    ] [switch] [INIT] Door monitor running (ACTIVE LOW)
2026-03-22 19:19:06 [INFO    ] [switch] [INIT] Door monitor thread started
2026-03-22 19:19:06 [INFO    ] [switch] [INIT] Initial state: CLOSED
2026-03-22 19:20:14 [INFO    ] [switch] [INIT] SWITCH STATUS MODE (REAL GPIO)
2026-03-22 19:20:14 [INFO    ] [switch] [INIT] Door monitor running (ACTIVE LOW)
2026-03-22 19:20:14 [INFO    ] [switch] [INIT] Door monitor thread started
2026-03-22 19:20:14 [INFO    ] [switch] [INIT] Initial state: CLOSED
2026-03-22 19:21:22 [INFO    ] [switch] [INIT] SWITCH STATUS MODE (REAL GPIO)
2026-03-22 19:21:22 [INFO    ] [switch] [INIT] Door monitor running (ACTIVE LOW)
2026-03-22 19:21:22 [INFO    ] [switch] [INIT] Initial state: CLOSED
2026-03-22 19:21:22 [INFO    ] [switch] [INIT] Door monitor thread started
2026-03-22 19:22:30 [INFO    ] [switch] [INIT] SWITCH STATUS MODE (REAL GPIO)
2026-03-22 19:22:30 [INFO    ] [switch] [INIT] Door monitor running (ACTIVE LOW)
2026-03-22 19:22:30 [INFO    ] [switch] [INIT] Initial state: CLOSED
2026-03-22 19:22:30 [INFO    ] [switch] [INIT] Door monitor thread started
2026-03-22 19:23:38 [INFO    ] [switch] [INIT] SWITCH STATUS MODE (REAL GPIO)
2026-03-22 19:23:38 [INFO    ] [switch] [INIT] Door monitor running (ACTIVE LOW)
2026-03-22 19:23:38 [INFO    ] [switch] [INIT] Door monitor thread started
2026-03-22 19:23:38 [INFO    ] [switch] [INIT] Initial state: CLOSED
2026-03-22 19:24:46 [INFO    ] [switch] [INIT] SWITCH STATUS MODE (REAL GPIO)
2026-03-22 19:24:46 [INFO    ] [switch] [INIT] Door monitor running (ACTIVE LOW)
2026-03-22 19:24:46 [INFO    ] [switch] [INIT] Door monitor thread started
2026-03-22 19:24:46 [INFO    ] [switch] [INIT] Initial state: CLOSED
2026-03-22 19:25:54 [INFO    ] [switch] [INIT] SWITCH STATUS MODE (REAL GPIO)
2026-03-22 19:25:54 [INFO    ] [switch] [INIT] Door monitor running (ACTIVE LOW)
2026-03-22 19:25:54 [INFO    ] [switch] [INIT] Door monitor thread started
2026-03-22 19:25:54 [INFO    ] [switch] [INIT] Initial state: CLOSED
2026-03-22 19:27:02 [INFO    ] [switch] [INIT] SWITCH STATUS MODE (REAL GPIO)
2026-03-22 19:27:02 [INFO    ] [switch] [INIT] Door monitor running (ACTIVE LOW)
2026-03-22 19:27:02 [INFO    ] [switch] [INIT] Initial state: CLOSED
2026-03-22 19:27:02 [INFO    ] [switch] [INIT] Door monitor thread started
2026-03-22 19:28:10 [INFO    ] [switch] [INIT] SWITCH STATUS MODE (REAL GPIO)
2026-03-22 19:28:10 [INFO    ] [switch] [INIT] Door monitor running (ACTIVE LOW)
2026-03-22 19:28:10 [INFO    ] [switch] [INIT] Door monitor thread started
2026-03-22 19:28:10 [INFO    ] [switch] [INIT] Initial state: CLOSED
2026-03-22 19:29:18 [INFO    ] [switch] [INIT] SWITCH STATUS MODE (REAL GPIO)
2026-03-22 19:29:18 [INFO    ] [switch] [INIT] Door monitor running (ACTIVE LOW)
2026-03-22 19:29:18 [INFO    ] [switch] [INIT] Initial state: CLOSED
2026-03-22 19:29:18 [INFO    ] [switch] [INIT] Door monitor thread started
2026-03-22 19:30:26 [INFO    ] [switch] [INIT] SWITCH STATUS MODE (REAL GPIO)
2026-03-22 19:30:26 [INFO    ] [switch] [INIT] Door monitor running (ACTIVE LOW)
2026-03-22 19:30:26 [INFO    ] [switch] [INIT] Door monitor thread started
2026-03-22 19:30:26 [INFO    ] [switch] [INIT] Initial state: CLOSED
2026-03-22 19:31:34 [INFO    ] [switch] [INIT] SWITCH STATUS MODE (REAL GPIO)
2026-03-22 19:31:34 [INFO    ] [switch] [INIT] Door monitor running (ACTIVE LOW)
2026-03-22 19:31:34 [INFO    ] [switch] [INIT] Door monitor thread started
2026-03-22 19:31:34 [INFO    ] [switch] [INIT] Initial state: CLOSED
2026-03-22 19:32:42 [INFO    ] [switch] [INIT] SWITCH STATUS MODE (REAL GPIO)
2026-03-22 19:32:42 [INFO    ] [switch] [INIT] Door monitor running (ACTIVE LOW)
2026-03-22 19:32:42 [INFO    ] [switch] [INIT] Initial state: CLOSED
2026-03-22 19:32:42 [INFO    ] [switch] [INIT] Door monitor thread started
2026-03-22 19:33:50 [INFO    ] [switch] [INIT] SWITCH STATUS MODE (REAL GPIO)
2026-03-22 19:33:50 [INFO    ] [switch] [INIT] Door monitor running (ACTIVE LOW)
2026-03-22 19:33:50 [INFO    ] [switch] [INIT] Initial state: CLOSED
2026-03-22 19:33:50 [INFO    ] [switch] [INIT] Door monitor thread started
2026-03-22 19:34:55 [INFO    ] [switch] [INIT] SWITCH STATUS MODE (REAL GPIO)
2026-03-22 19:34:55 [INFO    ] [switch] [INIT] Door monitor running (ACTIVE LOW)
2026-03-22 19:34:55 [INFO    ] [switch] [INIT] Door monitor thread started
2026-03-22 19:34:55 [INFO    ] [switch] [INIT] Initial state: CLOSED
2026-03-22 19:36:03 [INFO    ] [switch] [INIT] SWITCH STATUS MODE (REAL GPIO)
2026-03-22 19:36:03 [INFO    ] [switch] [INIT] Door monitor running (ACTIVE LOW)
2026-03-22 19:36:03 [INFO    ] [switch] [INIT] Door monitor thread started
2026-03-22 19:36:03 [INFO    ] [switch] [INIT] Initial state: CLOSED
2026-03-22 19:37:11 [INFO    ] [switch] [INIT] SWITCH STATUS MODE (REAL GPIO)
2026-03-22 19:37:11 [INFO    ] [switch] [INIT] Door monitor running (ACTIVE LOW)
2026-03-22 19:37:11 [INFO    ] [switch] [INIT] Door monitor thread started
2026-03-22 19:37:11 [INFO    ] [switch] [INIT] Initial state: CLOSED
2026-03-22 19:38:19 [INFO    ] [switch] [INIT] SWITCH STATUS MODE (REAL GPIO)
2026-03-22 19:38:19 [INFO    ] [switch] [INIT] Door monitor running (ACTIVE LOW)
2026-03-22 19:38:19 [INFO    ] [switch] [INIT] Door monitor thread started
2026-03-22 19:38:19 [INFO    ] [switch] [INIT] Initial state: CLOSED
2026-03-22 19:39:27 [INFO    ] [switch] [INIT] SWITCH STATUS MODE (REAL GPIO)
2026-03-22 19:39:27 [INFO    ] [switch] [INIT] Door monitor running (ACTIVE LOW)
2026-03-22 19:39:27 [INFO    ] [switch] [INIT] Door monitor thread started
2026-03-22 19:39:27 [INFO    ] [switch] [INIT] Initial state: CLOSED
2026-03-22 19:40:35 [INFO    ] [switch] [INIT] SWITCH STATUS MODE (REAL GPIO)
2026-03-22 19:40:35 [INFO    ] [switch] [INIT] Door monitor running (ACTIVE LOW)
2026-03-22 19:40:35 [INFO    ] [switch] [INIT] Initial state: CLOSED
2026-03-22 19:40:35 [INFO    ] [switch] [INIT] Door monitor thread started
2026-03-22 19:41:43 [INFO    ] [switch] [INIT] SWITCH STATUS MODE (REAL GPIO)
2026-03-22 19:41:43 [INFO    ] [switch] [INIT] Door monitor running (ACTIVE LOW)
2026-03-22 19:41:43 [INFO    ] [switch] [INIT] Door monitor thread started
2026-03-22 19:41:43 [INFO    ] [switch] [INIT] Initial state: CLOSED
2026-03-22 19:42:50 [INFO    ] [switch] [INIT] SWITCH STATUS MODE (REAL GPIO)
2026-03-22 19:42:51 [INFO    ] [switch] [INIT] Door monitor running (ACTIVE LOW)
2026-03-22 19:42:51 [INFO    ] [switch] [INIT] Door monitor thread started
2026-03-22 19:42:51 [INFO    ] [switch] [INIT] Initial state: CLOSED
2026-03-22 19:43:58 [INFO    ] [switch] [INIT] SWITCH STATUS MODE (REAL GPIO)
2026-03-22 19:43:58 [INFO    ] [switch] [INIT] Door monitor running (ACTIVE LOW)
2026-03-22 19:43:58 [INFO    ] [switch] [INIT] Initial state: CLOSED
2026-03-22 19:43:58 [INFO    ] [switch] [INIT] Door monitor thread started
2026-03-22 19:45:06 [INFO    ] [switch] [INIT] SWITCH STATUS MODE (REAL GPIO)
2026-03-22 19:45:06 [INFO    ] [switch] [INIT] Door monitor running (ACTIVE LOW)
2026-03-22 19:45:06 [INFO    ] [switch] [INIT] Door monitor thread started
2026-03-22 19:45:06 [INFO    ] [switch] [INIT] Initial state: CLOSED
2026-03-22 19:46:14 [INFO    ] [switch] [INIT] SWITCH STATUS MODE (REAL GPIO)
2026-03-22 19:46:14 [INFO    ] [switch] [INIT] Door monitor running (ACTIVE LOW)
2026-03-22 19:46:14 [INFO    ] [switch] [INIT] Door monitor thread started
2026-03-22 19:46:14 [INFO    ] [switch] [INIT] Initial state: CLOSED
2026-03-22 19:47:22 [INFO    ] [switch] [INIT] SWITCH STATUS MODE (REAL GPIO)
2026-03-22 19:47:22 [INFO    ] [switch] [INIT] Door monitor running (ACTIVE LOW)
2026-03-22 19:47:22 [INFO    ] [switch] [INIT] Door monitor thread started
2026-03-22 19:47:22 [INFO    ] [switch] [INIT] Initial state: CLOSED
2026-03-22 19:48:30 [INFO    ] [switch] [INIT] SWITCH STATUS MODE (REAL GPIO)
2026-03-22 19:48:30 [INFO    ] [switch] [INIT] Door monitor running (ACTIVE LOW)
2026-03-22 19:48:30 [INFO    ] [switch] [INIT] Initial state: CLOSED
2026-03-22 19:48:30 [INFO    ] [switch] [INIT] Door monitor thread started
2026-03-22 19:49:38 [INFO    ] [switch] [INIT] SWITCH STATUS MODE (REAL GPIO)
2026-03-22 19:49:38 [INFO    ] [switch] [INIT] Door monitor running (ACTIVE LOW)
2026-03-22 19:49:38 [INFO    ] [switch] [INIT] Initial state: CLOSED
2026-03-22 19:49:38 [INFO    ] [switch] [INIT] Door monitor thread started
2026-03-22 19:50:46 [INFO    ] [switch] [INIT] SWITCH STATUS MODE (REAL GPIO)
2026-03-22 19:50:46 [INFO    ] [switch] [INIT] Door monitor running (ACTIVE LOW)
2026-03-22 19:50:46 [INFO    ] [switch] [INIT] Door monitor thread started
2026-03-22 19:50:46 [INFO    ] [switch] [INIT] Initial state: CLOSED
2026-03-22 19:51:54 [INFO    ] [switch] [INIT] SWITCH STATUS MODE (REAL GPIO)
2026-03-22 19:51:54 [INFO    ] [switch] [INIT] Door monitor running (ACTIVE LOW)
2026-03-22 19:51:54 [INFO    ] [switch] [INIT] Door monitor thread started
2026-03-22 19:51:54 [INFO    ] [switch] [INIT] Initial state: CLOSED
2026-03-22 19:53:02 [INFO    ] [switch] [INIT] SWITCH STATUS MODE (REAL GPIO)
2026-03-22 19:53:02 [INFO    ] [switch] [INIT] Door monitor running (ACTIVE LOW)
2026-03-22 19:53:02 [INFO    ] [switch] [INIT] Door monitor thread started
2026-03-22 19:53:02 [INFO    ] [switch] [INIT] Initial state: CLOSED
2026-03-22 19:54:10 [INFO    ] [switch] [INIT] SWITCH STATUS MODE (REAL GPIO)
2026-03-22 19:54:10 [INFO    ] [switch] [INIT] Door monitor running (ACTIVE LOW)
2026-03-22 19:54:10 [INFO    ] [switch] [INIT] Door monitor thread started
2026-03-22 19:54:10 [INFO    ] [switch] [INIT] Initial state: CLOSED
2026-03-22 19:55:18 [INFO    ] [switch] [INIT] SWITCH STATUS MODE (REAL GPIO)
2026-03-22 19:55:18 [INFO    ] [switch] [INIT] Door monitor running (ACTIVE LOW)
2026-03-22 19:55:18 [INFO    ] [switch] [INIT] Door monitor thread started
2026-03-22 19:55:18 [INFO    ] [switch] [INIT] Initial state: CLOSED
2026-03-22 19:56:25 [INFO    ] [switch] [INIT] SWITCH STATUS MODE (REAL GPIO)
2026-03-22 19:56:26 [INFO    ] [switch] [INIT] Door monitor running (ACTIVE LOW)
2026-03-22 19:56:26 [INFO    ] [switch] [INIT] Initial state: CLOSED
2026-03-22 19:56:26 [INFO    ] [switch] [INIT] Door monitor thread started
2026-03-22 19:57:34 [INFO    ] [switch] [INIT] SWITCH STATUS MODE (REAL GPIO)
2026-03-22 19:57:34 [INFO    ] [switch] [INIT] Door monitor running (ACTIVE LOW)
2026-03-22 19:57:34 [INFO    ] [switch] [INIT] Door monitor thread started
2026-03-22 19:57:34 [INFO    ] [switch] [INIT] Initial state: CLOSED
2026-03-22 19:58:42 [INFO    ] [switch] [INIT] SWITCH STATUS MODE (REAL GPIO)
2026-03-22 19:58:42 [INFO    ] [switch] [INIT] Door monitor running (ACTIVE LOW)
2026-03-22 19:58:42 [INFO    ] [switch] [INIT] Initial state: CLOSED
2026-03-22 19:58:42 [INFO    ] [switch] [INIT] Door monitor thread started
2026-03-22 19:59:50 [INFO    ] [switch] [INIT] SWITCH STATUS MODE (REAL GPIO)
2026-03-22 19:59:50 [INFO    ] [switch] [INIT] Door monitor running (ACTIVE LOW)
2026-03-22 19:59:50 [INFO    ] [switch] [INIT] Door monitor thread started
2026-03-22 19:59:50 [INFO    ] [switch] [INIT] Initial state: CLOSED
2026-03-22 20:00:58 [INFO    ] [switch] [INIT] SWITCH STATUS MODE (REAL GPIO)
2026-03-22 20:00:58 [INFO    ] [switch] [INIT] Door monitor running (ACTIVE LOW)
2026-03-22 20:00:58 [INFO    ] [switch] [INIT] Door monitor thread started
2026-03-22 20:00:58 [INFO    ] [switch] [INIT] Initial state: CLOSED
2026-03-22 20:02:06 [INFO    ] [switch] [INIT] SWITCH STATUS MODE (REAL GPIO)
2026-03-22 20:02:06 [INFO    ] [switch] [INIT] Door monitor running (ACTIVE LOW)
2026-03-22 20:02:06 [INFO    ] [switch] [INIT] Door monitor thread started
2026-03-22 20:02:06 [INFO    ] [switch] [INIT] Initial state: CLOSED
2026-03-22 20:03:14 [INFO    ] [switch] [INIT] SWITCH STATUS MODE (REAL GPIO)
2026-03-22 20:03:14 [INFO    ] [switch] [INIT] Door monitor running (ACTIVE LOW)
2026-03-22 20:03:14 [INFO    ] [switch] [INIT] Door monitor thread started
2026-03-22 20:03:14 [INFO    ] [switch] [INIT] Initial state: CLOSED
2026-03-22 20:04:22 [INFO    ] [switch] [INIT] SWITCH STATUS MODE (REAL GPIO)
2026-03-22 20:04:22 [INFO    ] [switch] [INIT] Door monitor running (ACTIVE LOW)
2026-03-22 20:04:22 [INFO    ] [switch] [INIT] Door monitor thread started
2026-03-22 20:04:22 [INFO    ] [switch] [INIT] Initial state: CLOSED
2026-03-22 20:05:30 [INFO    ] [switch] [INIT] SWITCH STATUS MODE (REAL GPIO)
2026-03-22 20:05:30 [INFO    ] [switch] [INIT] Door monitor running (ACTIVE LOW)
2026-03-22 20:05:30 [INFO    ] [switch] [INIT] Door monitor thread started
2026-03-22 20:05:30 [INFO    ] [switch] [INIT] Initial state: CLOSED
2026-03-22 20:06:35 [INFO    ] [switch] [INIT] SWITCH STATUS MODE (REAL GPIO)
2026-03-22 20:06:35 [INFO    ] [switch] [INIT] Door monitor running (ACTIVE LOW)
2026-03-22 20:06:35 [INFO    ] [switch] [INIT] Initial state: CLOSED
2026-03-22 20:06:35 [INFO    ] [switch] [INIT] Door monitor thread started
2026-03-22 20:07:43 [INFO    ] [switch] [INIT] SWITCH STATUS MODE (REAL GPIO)
2026-03-22 20:07:43 [INFO    ] [switch] [INIT] Door monitor running (ACTIVE LOW)
2026-03-22 20:07:43 [INFO    ] [switch] [INIT] Door monitor thread started
2026-03-22 20:07:43 [INFO    ] [switch] [INIT] Initial state: CLOSED
2026-03-22 20:08:51 [INFO    ] [switch] [INIT] SWITCH STATUS MODE (REAL GPIO)
2026-03-22 20:08:51 [INFO    ] [switch] [INIT] Door monitor running (ACTIVE LOW)
2026-03-22 20:08:51 [INFO    ] [switch] [INIT] Initial state: CLOSED
2026-03-22 20:08:51 [INFO    ] [switch] [INIT] Door monitor thread started
2026-03-22 20:09:59 [INFO    ] [switch] [INIT] SWITCH STATUS MODE (REAL GPIO)
2026-03-22 20:09:59 [INFO    ] [switch] [INIT] Door monitor running (ACTIVE LOW)
2026-03-22 20:09:59 [INFO    ] [switch] [INIT] Initial state: CLOSED
2026-03-22 20:09:59 [INFO    ] [switch] [INIT] Door monitor thread started
2026-03-22 20:11:07 [INFO    ] [switch] [INIT] SWITCH STATUS MODE (REAL GPIO)
2026-03-22 20:11:07 [INFO    ] [switch] [INIT] Door monitor running (ACTIVE LOW)
2026-03-22 20:11:07 [INFO    ] [switch] [INIT] Door monitor thread started
2026-03-22 20:11:07 [INFO    ] [switch] [INIT] Initial state: CLOSED
2026-03-22 20:12:15 [INFO    ] [switch] [INIT] SWITCH STATUS MODE (REAL GPIO)
2026-03-22 20:12:15 [INFO    ] [switch] [INIT] Door monitor running (ACTIVE LOW)
2026-03-22 20:12:15 [INFO    ] [switch] [INIT] Initial state: CLOSED
2026-03-22 20:12:15 [INFO    ] [switch] [INIT] Door monitor thread started
2026-03-22 20:13:24 [INFO    ] [switch] [INIT] SWITCH STATUS MODE (REAL GPIO)
2026-03-22 20:13:24 [INFO    ] [switch] [INIT] Door monitor running (ACTIVE LOW)
2026-03-22 20:13:24 [INFO    ] [switch] [INIT] Door monitor thread started
2026-03-22 20:13:24 [INFO    ] [switch] [INIT] Initial state: CLOSED
2026-03-22 20:14:31 [INFO    ] [switch] [INIT] SWITCH STATUS MODE (REAL GPIO)
2026-03-22 20:14:32 [INFO    ] [switch] [INIT] Door monitor running (ACTIVE LOW)
2026-03-22 20:14:32 [INFO    ] [switch] [INIT] Door monitor thread started
2026-03-22 20:14:32 [INFO    ] [switch] [INIT] Initial state: CLOSED
2026-03-22 20:15:40 [INFO    ] [switch] [INIT] SWITCH STATUS MODE (REAL GPIO)
2026-03-22 20:15:40 [INFO    ] [switch] [INIT] Door monitor running (ACTIVE LOW)
2026-03-22 20:15:40 [INFO    ] [switch] [INIT] Door monitor thread started
2026-03-22 20:15:40 [INFO    ] [switch] [INIT] Initial state: CLOSED
2026-03-22 20:16:48 [INFO    ] [switch] [INIT] SWITCH STATUS MODE (REAL GPIO)
2026-03-22 20:16:48 [INFO    ] [switch] [INIT] Door monitor running (ACTIVE LOW)
2026-03-22 20:16:48 [INFO    ] [switch] [INIT] Initial state: CLOSED
2026-03-22 20:16:48 [INFO    ] [switch] [INIT] Door monitor thread started
2026-03-22 20:17:56 [INFO    ] [switch] [INIT] SWITCH STATUS MODE (REAL GPIO)
2026-03-22 20:17:56 [INFO    ] [switch] [INIT] Door monitor running (ACTIVE LOW)
2026-03-22 20:17:56 [INFO    ] [switch] [INIT] Door monitor thread started
2026-03-22 20:17:56 [INFO    ] [switch] [INIT] Initial state: CLOSED
2026-03-22 20:19:04 [INFO    ] [switch] [INIT] SWITCH STATUS MODE (REAL GPIO)
2026-03-22 20:19:04 [INFO    ] [switch] [INIT] Door monitor running (ACTIVE LOW)
2026-03-22 20:19:04 [INFO    ] [switch] [INIT] Initial state: CLOSED
2026-03-22 20:19:04 [INFO    ] [switch] [INIT] Door monitor thread started
2026-03-22 20:20:12 [INFO    ] [switch] [INIT] SWITCH STATUS MODE (REAL GPIO)
2026-03-22 20:20:12 [INFO    ] [switch] [INIT] Door monitor running (ACTIVE LOW)
2026-03-22 20:20:12 [INFO    ] [switch] [INIT] Initial state: CLOSED
2026-03-22 20:20:12 [INFO    ] [switch] [INIT] Door monitor thread started
2026-03-22 20:21:20 [INFO    ] [switch] [INIT] SWITCH STATUS MODE (REAL GPIO)
2026-03-22 20:21:20 [INFO    ] [switch] [INIT] Door monitor running (ACTIVE LOW)
2026-03-22 20:21:20 [INFO    ] [switch] [INIT] Door monitor thread started
2026-03-22 20:21:20 [INFO    ] [switch] [INIT] Initial state: CLOSED
2026-03-22 20:22:28 [INFO    ] [switch] [INIT] SWITCH STATUS MODE (REAL GPIO)
2026-03-22 20:22:28 [INFO    ] [switch] [INIT] Door monitor running (ACTIVE LOW)
2026-03-22 20:22:28 [INFO    ] [switch] [INIT] Initial state: CLOSED
2026-03-22 20:22:28 [INFO    ] [switch] [INIT] Door monitor thread started
2026-03-22 20:23:36 [INFO    ] [switch] [INIT] SWITCH STATUS MODE (REAL GPIO)
2026-03-22 20:23:36 [INFO    ] [switch] [INIT] Door monitor running (ACTIVE LOW)
2026-03-22 20:23:36 [INFO    ] [switch] [INIT] Door monitor thread started
2026-03-22 20:23:36 [INFO    ] [switch] [INIT] Initial state: CLOSED
2026-03-22 20:24:44 [INFO    ] [switch] [INIT] SWITCH STATUS MODE (REAL GPIO)
2026-03-22 20:24:44 [INFO    ] [switch] [INIT] Door monitor running (ACTIVE LOW)
2026-03-22 20:24:44 [INFO    ] [switch] [INIT] Initial state: CLOSED
2026-03-22 20:24:44 [INFO    ] [switch] [INIT] Door monitor thread started
2026-03-22 20:25:52 [INFO    ] [switch] [INIT] SWITCH STATUS MODE (REAL GPIO)
2026-03-22 20:25:52 [INFO    ] [switch] [INIT] Door monitor running (ACTIVE LOW)
2026-03-22 20:25:52 [INFO    ] [switch] [INIT] Door monitor thread started
2026-03-22 20:25:52 [INFO    ] [switch] [INIT] Initial state: CLOSED
2026-03-22 20:27:00 [INFO    ] [switch] [INIT] SWITCH STATUS MODE (REAL GPIO)
2026-03-22 20:27:00 [INFO    ] [switch] [INIT] Door monitor running (ACTIVE LOW)
2026-03-22 20:27:00 [INFO    ] [switch] [INIT] Initial state: CLOSED
2026-03-22 20:27:00 [INFO    ] [switch] [INIT] Door monitor thread started
2026-03-22 20:28:08 [INFO    ] [switch] [INIT] SWITCH STATUS MODE (REAL GPIO)
2026-03-22 20:28:08 [INFO    ] [switch] [INIT] Door monitor running (ACTIVE LOW)
2026-03-22 20:28:08 [INFO    ] [switch] [INIT] Door monitor thread started
2026-03-22 20:28:08 [INFO    ] [switch] [INIT] Initial state: CLOSED
2026-03-22 20:29:16 [INFO    ] [switch] [INIT] SWITCH STATUS MODE (REAL GPIO)
2026-03-22 20:29:16 [INFO    ] [switch] [INIT] Door monitor running (ACTIVE LOW)
2026-03-22 20:29:16 [INFO    ] [switch] [INIT] Door monitor thread started
2026-03-22 20:29:16 [INFO    ] [switch] [INIT] Initial state: CLOSED
2026-03-22 20:30:24 [INFO    ] [switch] [INIT] SWITCH STATUS MODE (REAL GPIO)
2026-03-22 20:30:24 [INFO    ] [switch] [INIT] Door monitor running (ACTIVE LOW)
2026-03-22 20:30:24 [INFO    ] [switch] [INIT] Door monitor thread started
2026-03-22 20:30:24 [INFO    ] [switch] [INIT] Initial state: CLOSED
2026-03-22 20:31:32 [INFO    ] [switch] [INIT] SWITCH STATUS MODE (REAL GPIO)
2026-03-22 20:31:32 [INFO    ] [switch] [INIT] Door monitor running (ACTIVE LOW)
2026-03-22 20:31:32 [INFO    ] [switch] [INIT] Initial state: CLOSED
2026-03-22 20:31:32 [INFO    ] [switch] [INIT] Door monitor thread started
2026-03-22 20:32:40 [INFO    ] [switch] [INIT] SWITCH STATUS MODE (REAL GPIO)
2026-03-22 20:32:40 [INFO    ] [switch] [INIT] Door monitor running (ACTIVE LOW)
2026-03-22 20:32:40 [INFO    ] [switch] [INIT] Door monitor thread started
2026-03-22 20:32:40 [INFO    ] [switch] [INIT] Initial state: CLOSED
2026-03-22 20:33:48 [INFO    ] [switch] [INIT] SWITCH STATUS MODE (REAL GPIO)
2026-03-22 20:33:48 [INFO    ] [switch] [INIT] Door monitor running (ACTIVE LOW)
2026-03-22 20:33:48 [INFO    ] [switch] [INIT] Door monitor thread started
2026-03-22 20:33:48 [INFO    ] [switch] [INIT] Initial state: CLOSED
2026-03-22 20:34:56 [INFO    ] [switch] [INIT] SWITCH STATUS MODE (REAL GPIO)
2026-03-22 20:34:56 [INFO    ] [switch] [INIT] Door monitor running (ACTIVE LOW)
2026-03-22 20:34:56 [INFO    ] [switch] [INIT] Door monitor thread started
2026-03-22 20:34:56 [INFO    ] [switch] [INIT] Initial state: CLOSED
2026-03-22 20:36:05 [INFO    ] [switch] [INIT] SWITCH STATUS MODE (REAL GPIO)
2026-03-22 20:36:05 [INFO    ] [switch] [INIT] Door monitor running (ACTIVE LOW)
2026-03-22 20:36:05 [INFO    ] [switch] [INIT] Door monitor thread started
2026-03-22 20:36:05 [INFO    ] [switch] [INIT] Initial state: CLOSED
2026-03-22 20:37:13 [INFO    ] [switch] [INIT] SWITCH STATUS MODE (REAL GPIO)
2026-03-22 20:37:13 [INFO    ] [switch] [INIT] Door monitor running (ACTIVE LOW)
2026-03-22 20:37:13 [INFO    ] [switch] [INIT] Door monitor thread started
2026-03-22 20:37:13 [INFO    ] [switch] [INIT] Initial state: CLOSED
2026-03-22 20:38:21 [INFO    ] [switch] [INIT] SWITCH STATUS MODE (REAL GPIO)
2026-03-22 20:38:21 [INFO    ] [switch] [INIT] Door monitor running (ACTIVE LOW)
2026-03-22 20:38:21 [INFO    ] [switch] [INIT] Door monitor thread started
2026-03-22 20:38:21 [INFO    ] [switch] [INIT] Initial state: CLOSED
2026-03-22 20:39:29 [INFO    ] [switch] [INIT] SWITCH STATUS MODE (REAL GPIO)
2026-03-22 20:39:29 [INFO    ] [switch] [INIT] Door monitor running (ACTIVE LOW)
2026-03-22 20:39:29 [INFO    ] [switch] [INIT] Initial state: CLOSED
2026-03-22 20:39:29 [INFO    ] [switch] [INIT] Door monitor thread started
2026-03-22 20:40:37 [INFO    ] [switch] [INIT] SWITCH STATUS MODE (REAL GPIO)
2026-03-22 20:40:37 [INFO    ] [switch] [INIT] Door monitor running (ACTIVE LOW)
2026-03-22 20:40:37 [INFO    ] [switch] [INIT] Door monitor thread started
2026-03-22 20:40:37 [INFO    ] [switch] [INIT] Initial state: CLOSED
2026-03-22 20:41:45 [INFO    ] [switch] [INIT] SWITCH STATUS MODE (REAL GPIO)
2026-03-22 20:41:45 [INFO    ] [switch] [INIT] Door monitor running (ACTIVE LOW)
2026-03-22 20:41:45 [INFO    ] [switch] [INIT] Door monitor thread started
2026-03-22 20:41:45 [INFO    ] [switch] [INIT] Initial state: CLOSED
2026-03-22 20:42:53 [INFO    ] [switch] [INIT] SWITCH STATUS MODE (REAL GPIO)
2026-03-22 20:42:53 [INFO    ] [switch] [INIT] Door monitor running (ACTIVE LOW)
2026-03-22 20:42:53 [INFO    ] [switch] [INIT] Door monitor thread started
2026-03-22 20:42:53 [INFO    ] [switch] [INIT] Initial state: CLOSED
2026-03-22 20:44:01 [INFO    ] [switch] [INIT] SWITCH STATUS MODE (REAL GPIO)
2026-03-22 20:44:01 [INFO    ] [switch] [INIT] Door monitor running (ACTIVE LOW)
2026-03-22 20:44:01 [INFO    ] [switch] [INIT] Door monitor thread started
2026-03-22 20:44:01 [INFO    ] [switch] [INIT] Initial state: CLOSED
2026-03-22 20:45:09 [INFO    ] [switch] [INIT] SWITCH STATUS MODE (REAL GPIO)
2026-03-22 20:45:09 [INFO    ] [switch] [INIT] Door monitor running (ACTIVE LOW)
2026-03-22 20:45:09 [INFO    ] [switch] [INIT] Initial state: CLOSED
2026-03-22 20:45:09 [INFO    ] [switch] [INIT] Door monitor thread started
2026-03-22 20:46:17 [INFO    ] [switch] [INIT] SWITCH STATUS MODE (REAL GPIO)
2026-03-22 20:46:17 [INFO    ] [switch] [INIT] Door monitor running (ACTIVE LOW)
2026-03-22 20:46:17 [INFO    ] [switch] [INIT] Door monitor thread started
2026-03-22 20:46:17 [INFO    ] [switch] [INIT] Initial state: CLOSED
2026-03-22 20:47:25 [INFO    ] [switch] [INIT] SWITCH STATUS MODE (REAL GPIO)
2026-03-22 20:47:25 [INFO    ] [switch] [INIT] Door monitor running (ACTIVE LOW)
2026-03-22 20:47:25 [INFO    ] [switch] [INIT] Door monitor thread started
2026-03-22 20:47:25 [INFO    ] [switch] [INIT] Initial state: CLOSED
2026-03-22 20:48:33 [INFO    ] [switch] [INIT] SWITCH STATUS MODE (REAL GPIO)
2026-03-22 20:48:33 [INFO    ] [switch] [INIT] Door monitor running (ACTIVE LOW)
2026-03-22 20:48:33 [INFO    ] [switch] [INIT] Door monitor thread started
2026-03-22 20:48:33 [INFO    ] [switch] [INIT] Initial state: CLOSED
2026-03-22 20:49:41 [INFO    ] [switch] [INIT] SWITCH STATUS MODE (REAL GPIO)
2026-03-22 20:49:41 [INFO    ] [switch] [INIT] Door monitor running (ACTIVE LOW)
2026-03-22 20:49:41 [INFO    ] [switch] [INIT] Door monitor thread started
2026-03-22 20:49:41 [INFO    ] [switch] [INIT] Initial state: CLOSED
2026-03-22 20:50:49 [INFO    ] [switch] [INIT] SWITCH STATUS MODE (REAL GPIO)
2026-03-22 20:50:49 [INFO    ] [switch] [INIT] Door monitor running (ACTIVE LOW)
2026-03-22 20:50:49 [INFO    ] [switch] [INIT] Door monitor thread started
2026-03-22 20:50:49 [INFO    ] [switch] [INIT] Initial state: CLOSED
2026-03-22 20:51:57 [INFO    ] [switch] [INIT] SWITCH STATUS MODE (REAL GPIO)
2026-03-22 20:51:57 [INFO    ] [switch] [INIT] Door monitor running (ACTIVE LOW)
2026-03-22 20:51:57 [INFO    ] [switch] [INIT] Initial state: CLOSED
2026-03-22 20:51:57 [INFO    ] [switch] [INIT] Door monitor thread started
2026-03-22 20:53:05 [INFO    ] [switch] [INIT] SWITCH STATUS MODE (REAL GPIO)
2026-03-22 20:53:05 [INFO    ] [switch] [INIT] Door monitor running (ACTIVE LOW)
2026-03-22 20:53:05 [INFO    ] [switch] [INIT] Door monitor thread started
2026-03-22 20:53:05 [INFO    ] [switch] [INIT] Initial state: CLOSED
2026-03-22 20:54:13 [INFO    ] [switch] [INIT] SWITCH STATUS MODE (REAL GPIO)
2026-03-22 20:54:13 [INFO    ] [switch] [INIT] Door monitor running (ACTIVE LOW)
2026-03-22 20:54:13 [INFO    ] [switch] [INIT] Door monitor thread started
2026-03-22 20:54:13 [INFO    ] [switch] [INIT] Initial state: CLOSED
2026-03-22 20:55:20 [INFO    ] [switch] [INIT] SWITCH STATUS MODE (REAL GPIO)
2026-03-22 20:55:21 [INFO    ] [switch] [INIT] Door monitor running (ACTIVE LOW)
2026-03-22 20:55:21 [INFO    ] [switch] [INIT] Door monitor thread started
2026-03-22 20:55:21 [INFO    ] [switch] [INIT] Initial state: CLOSED
2026-03-22 20:56:28 [INFO    ] [switch] [INIT] SWITCH STATUS MODE (REAL GPIO)
2026-03-22 20:56:28 [INFO    ] [switch] [INIT] Door monitor running (ACTIVE LOW)
2026-03-22 20:56:28 [INFO    ] [switch] [INIT] Door monitor thread started
2026-03-22 20:56:28 [INFO    ] [switch] [INIT] Initial state: CLOSED
2026-03-22 20:57:36 [INFO    ] [switch] [INIT] SWITCH STATUS MODE (REAL GPIO)
2026-03-22 20:57:36 [INFO    ] [switch] [INIT] Door monitor running (ACTIVE LOW)
2026-03-22 20:57:36 [INFO    ] [switch] [INIT] Door monitor thread started
2026-03-22 20:57:36 [INFO    ] [switch] [INIT] Initial state: CLOSED
2026-03-22 20:58:44 [INFO    ] [switch] [INIT] SWITCH STATUS MODE (REAL GPIO)
2026-03-22 20:58:44 [INFO    ] [switch] [INIT] Door monitor running (ACTIVE LOW)
2026-03-22 20:58:44 [INFO    ] [switch] [INIT] Door monitor thread started
2026-03-22 20:58:44 [INFO    ] [switch] [INIT] Initial state: CLOSED
2026-03-22 20:59:52 [INFO    ] [switch] [INIT] SWITCH STATUS MODE (REAL GPIO)
2026-03-22 20:59:52 [INFO    ] [switch] [INIT] Door monitor running (ACTIVE LOW)
2026-03-22 20:59:52 [INFO    ] [switch] [INIT] Initial state: CLOSED
2026-03-22 20:59:52 [INFO    ] [switch] [INIT] Door monitor thread started
2026-03-22 21:01:00 [INFO    ] [switch] [INIT] SWITCH STATUS MODE (REAL GPIO)
2026-03-22 21:01:00 [INFO    ] [switch] [INIT] Door monitor running (ACTIVE LOW)
2026-03-22 21:01:00 [INFO    ] [switch] [INIT] Door monitor thread started
2026-03-22 21:01:00 [INFO    ] [switch] [INIT] Initial state: CLOSED
2026-03-22 21:02:08 [INFO    ] [switch] [INIT] SWITCH STATUS MODE (REAL GPIO)
2026-03-22 21:02:08 [INFO    ] [switch] [INIT] Door monitor running (ACTIVE LOW)
2026-03-22 21:02:08 [INFO    ] [switch] [INIT] Door monitor thread started
2026-03-22 21:02:08 [INFO    ] [switch] [INIT] Initial state: CLOSED
2026-03-22 21:03:16 [INFO    ] [switch] [INIT] SWITCH STATUS MODE (REAL GPIO)
2026-03-22 21:03:16 [INFO    ] [switch] [INIT] Door monitor running (ACTIVE LOW)
2026-03-22 21:03:16 [INFO    ] [switch] [INIT] Initial state: CLOSED
2026-03-22 21:03:16 [INFO    ] [switch] [INIT] Door monitor thread started
2026-03-22 21:04:24 [INFO    ] [switch] [INIT] SWITCH STATUS MODE (REAL GPIO)
2026-03-22 21:04:24 [INFO    ] [switch] [INIT] Door monitor running (ACTIVE LOW)
2026-03-22 21:04:24 [INFO    ] [switch] [INIT] Initial state: CLOSED
2026-03-22 21:04:24 [INFO    ] [switch] [INIT] Door monitor thread started
2026-03-22 21:05:32 [INFO    ] [switch] [INIT] SWITCH STATUS MODE (REAL GPIO)
2026-03-22 21:05:32 [INFO    ] [switch] [INIT] Door monitor running (ACTIVE LOW)
2026-03-22 21:05:32 [INFO    ] [switch] [INIT] Door monitor thread started
2026-03-22 21:05:32 [INFO    ] [switch] [INIT] Initial state: CLOSED
2026-03-22 21:06:40 [INFO    ] [switch] [INIT] SWITCH STATUS MODE (REAL GPIO)
2026-03-22 21:06:40 [INFO    ] [switch] [INIT] Door monitor running (ACTIVE LOW)
2026-03-22 21:06:40 [INFO    ] [switch] [INIT] Door monitor thread started
2026-03-22 21:06:40 [INFO    ] [switch] [INIT] Initial state: CLOSED
2026-03-22 21:07:48 [INFO    ] [switch] [INIT] SWITCH STATUS MODE (REAL GPIO)
2026-03-22 21:07:48 [INFO    ] [switch] [INIT] Door monitor running (ACTIVE LOW)
2026-03-22 21:07:48 [INFO    ] [switch] [INIT] Initial state: CLOSED
2026-03-22 21:07:48 [INFO    ] [switch] [INIT] Door monitor thread started
2026-03-22 21:08:56 [INFO    ] [switch] [INIT] SWITCH STATUS MODE (REAL GPIO)
2026-03-22 21:08:56 [INFO    ] [switch] [INIT] Door monitor running (ACTIVE LOW)
2026-03-22 21:08:56 [INFO    ] [switch] [INIT] Door monitor thread started
2026-03-22 21:08:56 [INFO    ] [switch] [INIT] Initial state: CLOSED
2026-03-22 21:10:04 [INFO    ] [switch] [INIT] SWITCH STATUS MODE (REAL GPIO)
2026-03-22 21:10:04 [INFO    ] [switch] [INIT] Door monitor running (ACTIVE LOW)
2026-03-22 21:10:04 [INFO    ] [switch] [INIT] Door monitor thread started
2026-03-22 21:10:04 [INFO    ] [switch] [INIT] Initial state: CLOSED
2026-03-22 21:11:12 [INFO    ] [switch] [INIT] SWITCH STATUS MODE (REAL GPIO)
2026-03-22 21:11:12 [INFO    ] [switch] [INIT] Door monitor running (ACTIVE LOW)
2026-03-22 21:11:12 [INFO    ] [switch] [INIT] Door monitor thread started
2026-03-22 21:11:12 [INFO    ] [switch] [INIT] Initial state: CLOSED
2026-03-22 21:12:20 [INFO    ] [switch] [INIT] SWITCH STATUS MODE (REAL GPIO)
2026-03-22 21:12:20 [INFO    ] [switch] [INIT] Door monitor running (ACTIVE LOW)
2026-03-22 21:12:20 [INFO    ] [switch] [INIT] Door monitor thread started
2026-03-22 21:12:20 [INFO    ] [switch] [INIT] Initial state: CLOSED
2026-03-22 21:13:28 [INFO    ] [switch] [INIT] SWITCH STATUS MODE (REAL GPIO)
2026-03-22 21:13:28 [INFO    ] [switch] [INIT] Door monitor running (ACTIVE LOW)
2026-03-22 21:13:28 [INFO    ] [switch] [INIT] Door monitor thread started
2026-03-22 21:13:28 [INFO    ] [switch] [INIT] Initial state: CLOSED
2026-03-22 21:14:36 [INFO    ] [switch] [INIT] SWITCH STATUS MODE (REAL GPIO)
2026-03-22 21:14:36 [INFO    ] [switch] [INIT] Door monitor running (ACTIVE LOW)
2026-03-22 21:14:36 [INFO    ] [switch] [INIT] Door monitor thread started
2026-03-22 21:14:36 [INFO    ] [switch] [INIT] Initial state: CLOSED
2026-03-22 21:15:44 [INFO    ] [switch] [INIT] SWITCH STATUS MODE (REAL GPIO)
2026-03-22 21:15:44 [INFO    ] [switch] [INIT] Door monitor running (ACTIVE LOW)
2026-03-22 21:15:44 [INFO    ] [switch] [INIT] Initial state: CLOSED
2026-03-22 21:15:44 [INFO    ] [switch] [INIT] Door monitor thread started
2026-03-22 21:16:52 [INFO    ] [switch] [INIT] SWITCH STATUS MODE (REAL GPIO)
2026-03-22 21:16:52 [INFO    ] [switch] [INIT] Door monitor running (ACTIVE LOW)
2026-03-22 21:16:52 [INFO    ] [switch] [INIT] Door monitor thread started
2026-03-22 21:16:52 [INFO    ] [switch] [INIT] Initial state: CLOSED
2026-03-22 21:18:00 [INFO    ] [switch] [INIT] SWITCH STATUS MODE (REAL GPIO)
2026-03-22 21:18:00 [INFO    ] [switch] [INIT] Door monitor running (ACTIVE LOW)
2026-03-22 21:18:00 [INFO    ] [switch] [INIT] Door monitor thread started
2026-03-22 21:18:00 [INFO    ] [switch] [INIT] Initial state: CLOSED
2026-03-22 21:19:08 [INFO    ] [switch] [INIT] SWITCH STATUS MODE (REAL GPIO)
2026-03-22 21:19:08 [INFO    ] [switch] [INIT] Door monitor running (ACTIVE LOW)
2026-03-22 21:19:08 [INFO    ] [switch] [INIT] Initial state: CLOSED
2026-03-22 21:19:08 [INFO    ] [switch] [INIT] Door monitor thread started
2026-03-22 21:20:16 [INFO    ] [switch] [INIT] SWITCH STATUS MODE (REAL GPIO)
2026-03-22 21:20:17 [INFO    ] [switch] [INIT] Door monitor running (ACTIVE LOW)
2026-03-22 21:20:17 [INFO    ] [switch] [INIT] Door monitor thread started
2026-03-22 21:20:17 [INFO    ] [switch] [INIT] Initial state: CLOSED
2026-03-22 21:21:25 [INFO    ] [switch] [INIT] SWITCH STATUS MODE (REAL GPIO)
2026-03-22 21:21:25 [INFO    ] [switch] [INIT] Door monitor running (ACTIVE LOW)
2026-03-22 21:21:25 [INFO    ] [switch] [INIT] Initial state: CLOSED
2026-03-22 21:21:25 [INFO    ] [switch] [INIT] Door monitor thread started
2026-03-22 21:22:33 [INFO    ] [switch] [INIT] SWITCH STATUS MODE (REAL GPIO)
2026-03-22 21:22:33 [INFO    ] [switch] [INIT] Door monitor running (ACTIVE LOW)
2026-03-22 21:22:33 [INFO    ] [switch] [INIT] Initial state: CLOSED
2026-03-22 21:22:33 [INFO    ] [switch] [INIT] Door monitor thread started
2026-03-22 21:23:41 [INFO    ] [switch] [INIT] SWITCH STATUS MODE (REAL GPIO)
2026-03-22 21:23:41 [INFO    ] [switch] [INIT] Door monitor running (ACTIVE LOW)
2026-03-22 21:23:41 [INFO    ] [switch] [INIT] Initial state: CLOSED
2026-03-22 21:23:41 [INFO    ] [switch] [INIT] Door monitor thread started
2026-03-22 21:24:49 [INFO    ] [switch] [INIT] SWITCH STATUS MODE (REAL GPIO)
2026-03-22 21:24:49 [INFO    ] [switch] [INIT] Door monitor running (ACTIVE LOW)
2026-03-22 21:24:49 [INFO    ] [switch] [INIT] Door monitor thread started
2026-03-22 21:24:49 [INFO    ] [switch] [INIT] Initial state: CLOSED
2026-03-22 21:25:54 [INFO    ] [switch] [INIT] SWITCH STATUS MODE (REAL GPIO)
2026-03-22 21:25:54 [INFO    ] [switch] [INIT] Door monitor running (ACTIVE LOW)
2026-03-22 21:25:54 [INFO    ] [switch] [INIT] Door monitor thread started
2026-03-22 21:25:54 [INFO    ] [switch] [INIT] Initial state: CLOSED
2026-03-22 21:27:02 [INFO    ] [switch] [INIT] SWITCH STATUS MODE (REAL GPIO)
2026-03-22 21:27:02 [INFO    ] [switch] [INIT] Door monitor running (ACTIVE LOW)
2026-03-22 21:27:02 [INFO    ] [switch] [INIT] Door monitor thread started
2026-03-22 21:27:02 [INFO    ] [switch] [INIT] Initial state: CLOSED
2026-03-22 21:28:10 [INFO    ] [switch] [INIT] SWITCH STATUS MODE (REAL GPIO)
2026-03-22 21:28:10 [INFO    ] [switch] [INIT] Door monitor running (ACTIVE LOW)
2026-03-22 21:28:10 [INFO    ] [switch] [INIT] Initial state: CLOSED
2026-03-22 21:28:10 [INFO    ] [switch] [INIT] Door monitor thread started
2026-03-22 21:29:18 [INFO    ] [switch] [INIT] SWITCH STATUS MODE (REAL GPIO)
2026-03-22 21:29:18 [INFO    ] [switch] [INIT] Door monitor running (ACTIVE LOW)
2026-03-22 21:29:18 [INFO    ] [switch] [INIT] Initial state: CLOSED
2026-03-22 21:29:18 [INFO    ] [switch] [INIT] Door monitor thread started
2026-03-22 21:30:26 [INFO    ] [switch] [INIT] SWITCH STATUS MODE (REAL GPIO)
2026-03-22 21:30:26 [INFO    ] [switch] [INIT] Door monitor running (ACTIVE LOW)
2026-03-22 21:30:26 [INFO    ] [switch] [INIT] Door monitor thread started
2026-03-22 21:30:26 [INFO    ] [switch] [INIT] Initial state: CLOSED
2026-03-22 21:30:26 [INFO    ] [switch] [INIT] SWITCH STATUS MODE (REAL GPIO)
2026-03-22 21:30:26 [INFO    ] [switch] [INIT] Door monitor running (ACTIVE LOW)
2026-03-22 21:30:26 [INFO    ] [switch] [INIT] Initial state: CLOSED
2026-03-22 21:30:26 [INFO    ] [switch] [INIT] Door monitor thread started
2026-03-22 21:31:34 [INFO    ] [switch] [INIT] SWITCH STATUS MODE (REAL GPIO)
2026-03-22 21:31:34 [INFO    ] [switch] [INIT] Door monitor running (ACTIVE LOW)
2026-03-22 21:31:34 [INFO    ] [switch] [INIT] Door monitor thread started
2026-03-22 21:31:34 [INFO    ] [switch] [INIT] Initial state: CLOSED
2026-03-22 21:32:42 [INFO    ] [switch] [INIT] SWITCH STATUS MODE (REAL GPIO)
2026-03-22 21:32:42 [INFO    ] [switch] [INIT] Door monitor running (ACTIVE LOW)
2026-03-22 21:32:42 [INFO    ] [switch] [INIT] Door monitor thread started
2026-03-22 21:32:42 [INFO    ] [switch] [INIT] Initial state: CLOSED
2026-03-22 21:33:50 [INFO    ] [switch] [INIT] SWITCH STATUS MODE (REAL GPIO)
2026-03-22 21:33:50 [INFO    ] [switch] [INIT] Door monitor running (ACTIVE LOW)
2026-03-22 21:33:50 [INFO    ] [switch] [INIT] Door monitor thread started
2026-03-22 21:33:50 [INFO    ] [switch] [INIT] Initial state: CLOSED
2026-03-22 21:34:58 [INFO    ] [switch] [INIT] SWITCH STATUS MODE (REAL GPIO)
2026-03-22 21:34:58 [INFO    ] [switch] [INIT] Door monitor running (ACTIVE LOW)
2026-03-22 21:34:58 [INFO    ] [switch] [INIT] Initial state: CLOSED
2026-03-22 21:34:58 [INFO    ] [switch] [INIT] Door monitor thread started
2026-03-22 21:36:06 [INFO    ] [switch] [INIT] SWITCH STATUS MODE (REAL GPIO)
2026-03-22 21:36:06 [INFO    ] [switch] [INIT] Door monitor running (ACTIVE LOW)
2026-03-22 21:36:06 [INFO    ] [switch] [INIT] Door monitor thread started
2026-03-22 21:36:06 [INFO    ] [switch] [INIT] Initial state: CLOSED
2026-03-22 21:37:14 [INFO    ] [switch] [INIT] SWITCH STATUS MODE (REAL GPIO)
2026-03-22 21:37:14 [INFO    ] [switch] [INIT] Door monitor running (ACTIVE LOW)
2026-03-22 21:37:14 [INFO    ] [switch] [INIT] Initial state: CLOSED
2026-03-22 21:37:14 [INFO    ] [switch] [INIT] Door monitor thread started
2026-03-22 21:38:23 [INFO    ] [switch] [INIT] SWITCH STATUS MODE (REAL GPIO)
2026-03-22 21:38:23 [INFO    ] [switch] [INIT] Door monitor running (ACTIVE LOW)
2026-03-22 21:38:23 [INFO    ] [switch] [INIT] Initial state: CLOSED
2026-03-22 21:38:23 [INFO    ] [switch] [INIT] Door monitor thread started
2026-03-22 21:39:31 [INFO    ] [switch] [INIT] SWITCH STATUS MODE (REAL GPIO)
2026-03-22 21:39:31 [INFO    ] [switch] [INIT] Door monitor running (ACTIVE LOW)
2026-03-22 21:39:31 [INFO    ] [switch] [INIT] Door monitor thread started
2026-03-22 21:39:31 [INFO    ] [switch] [INIT] Initial state: CLOSED
2026-03-22 21:40:39 [INFO    ] [switch] [INIT] SWITCH STATUS MODE (REAL GPIO)
2026-03-22 21:40:39 [INFO    ] [switch] [INIT] Door monitor running (ACTIVE LOW)
2026-03-22 21:40:39 [INFO    ] [switch] [INIT] Door monitor thread started
2026-03-22 21:40:39 [INFO    ] [switch] [INIT] Initial state: CLOSED
2026-03-22 21:41:47 [INFO    ] [switch] [INIT] SWITCH STATUS MODE (REAL GPIO)
2026-03-22 21:41:47 [INFO    ] [switch] [INIT] Door monitor running (ACTIVE LOW)
2026-03-22 21:41:47 [INFO    ] [switch] [INIT] Initial state: CLOSED
2026-03-22 21:41:47 [INFO    ] [switch] [INIT] Door monitor thread started
2026-03-22 21:42:55 [INFO    ] [switch] [INIT] SWITCH STATUS MODE (REAL GPIO)
2026-03-22 21:42:55 [INFO    ] [switch] [INIT] Door monitor running (ACTIVE LOW)
2026-03-22 21:42:55 [INFO    ] [switch] [INIT] Door monitor thread started
2026-03-22 21:42:55 [INFO    ] [switch] [INIT] Initial state: CLOSED
2026-03-22 21:44:03 [INFO    ] [switch] [INIT] SWITCH STATUS MODE (REAL GPIO)
2026-03-22 21:44:03 [INFO    ] [switch] [INIT] Door monitor running (ACTIVE LOW)
2026-03-22 21:44:03 [INFO    ] [switch] [INIT] Door monitor thread started
2026-03-22 21:44:03 [INFO    ] [switch] [INIT] Initial state: CLOSED
2026-03-22 21:45:11 [INFO    ] [switch] [INIT] SWITCH STATUS MODE (REAL GPIO)
2026-03-22 21:45:11 [INFO    ] [switch] [INIT] Door monitor running (ACTIVE LOW)
2026-03-22 21:45:11 [INFO    ] [switch] [INIT] Initial state: CLOSED
2026-03-22 21:45:11 [INFO    ] [switch] [INIT] Door monitor thread started
2026-03-22 21:46:19 [INFO    ] [switch] [INIT] SWITCH STATUS MODE (REAL GPIO)
2026-03-22 21:46:19 [INFO    ] [switch] [INIT] Door monitor running (ACTIVE LOW)
2026-03-22 21:46:19 [INFO    ] [switch] [INIT] Door monitor thread started
2026-03-22 21:46:19 [INFO    ] [switch] [INIT] Initial state: CLOSED
2026-03-22 21:47:27 [INFO    ] [switch] [INIT] SWITCH STATUS MODE (REAL GPIO)
2026-03-22 21:47:27 [INFO    ] [switch] [INIT] Door monitor running (ACTIVE LOW)
2026-03-22 21:47:27 [INFO    ] [switch] [INIT] Initial state: CLOSED
2026-03-22 21:47:27 [INFO    ] [switch] [INIT] Door monitor thread started
2026-03-22 21:48:35 [INFO    ] [switch] [INIT] SWITCH STATUS MODE (REAL GPIO)
2026-03-22 21:48:35 [INFO    ] [switch] [INIT] Door monitor running (ACTIVE LOW)
2026-03-22 21:48:35 [INFO    ] [switch] [INIT] Door monitor thread started
2026-03-22 21:48:35 [INFO    ] [switch] [INIT] Initial state: CLOSED
2026-03-22 21:49:43 [INFO    ] [switch] [INIT] SWITCH STATUS MODE (REAL GPIO)
2026-03-22 21:49:43 [INFO    ] [switch] [INIT] Door monitor running (ACTIVE LOW)
2026-03-22 21:49:43 [INFO    ] [switch] [INIT] Door monitor thread started
2026-03-22 21:49:43 [INFO    ] [switch] [INIT] Initial state: CLOSED
2026-03-22 21:50:51 [INFO    ] [switch] [INIT] SWITCH STATUS MODE (REAL GPIO)
2026-03-22 21:50:51 [INFO    ] [switch] [INIT] Door monitor running (ACTIVE LOW)
2026-03-22 21:50:51 [INFO    ] [switch] [INIT] Door monitor thread started
2026-03-22 21:50:51 [INFO    ] [switch] [INIT] Initial state: CLOSED
2026-03-22 21:51:59 [INFO    ] [switch] [INIT] SWITCH STATUS MODE (REAL GPIO)
2026-03-22 21:51:59 [INFO    ] [switch] [INIT] Door monitor running (ACTIVE LOW)
2026-03-22 21:51:59 [INFO    ] [switch] [INIT] Door monitor thread started
2026-03-22 21:51:59 [INFO    ] [switch] [INIT] Initial state: CLOSED
2026-03-22 21:53:08 [INFO    ] [switch] [INIT] SWITCH STATUS MODE (REAL GPIO)
2026-03-22 21:53:08 [INFO    ] [switch] [INIT] Door monitor running (ACTIVE LOW)
2026-03-22 21:53:08 [INFO    ] [switch] [INIT] Door monitor thread started
2026-03-22 21:53:08 [INFO    ] [switch] [INIT] Initial state: CLOSED
2026-03-22 21:54:16 [INFO    ] [switch] [INIT] SWITCH STATUS MODE (REAL GPIO)
2026-03-22 21:54:16 [INFO    ] [switch] [INIT] Door monitor running (ACTIVE LOW)
2026-03-22 21:54:16 [INFO    ] [switch] [INIT] Door monitor thread started
2026-03-22 21:54:16 [INFO    ] [switch] [INIT] Initial state: CLOSED
2026-03-22 21:55:24 [INFO    ] [switch] [INIT] SWITCH STATUS MODE (REAL GPIO)
2026-03-22 21:55:24 [INFO    ] [switch] [INIT] Door monitor running (ACTIVE LOW)
2026-03-22 21:55:24 [INFO    ] [switch] [INIT] Door monitor thread started
2026-03-22 21:55:24 [INFO    ] [switch] [INIT] Initial state: CLOSED
2026-03-22 21:56:32 [INFO    ] [switch] [INIT] SWITCH STATUS MODE (REAL GPIO)
2026-03-22 21:56:32 [INFO    ] [switch] [INIT] Door monitor running (ACTIVE LOW)
2026-03-22 21:56:32 [INFO    ] [switch] [INIT] Door monitor thread started
2026-03-22 21:56:32 [INFO    ] [switch] [INIT] Initial state: CLOSED
2026-03-22 21:57:40 [INFO    ] [switch] [INIT] SWITCH STATUS MODE (REAL GPIO)
2026-03-22 21:57:40 [INFO    ] [switch] [INIT] Door monitor running (ACTIVE LOW)
2026-03-22 21:57:40 [INFO    ] [switch] [INIT] Initial state: CLOSED
2026-03-22 21:57:40 [INFO    ] [switch] [INIT] Door monitor thread started
2026-03-22 21:58:48 [INFO    ] [switch] [INIT] SWITCH STATUS MODE (REAL GPIO)
2026-03-22 21:58:48 [INFO    ] [switch] [INIT] Door monitor running (ACTIVE LOW)
2026-03-22 21:58:48 [INFO    ] [switch] [INIT] Door monitor thread started
2026-03-22 21:58:48 [INFO    ] [switch] [INIT] Initial state: CLOSED
2026-03-22 21:59:56 [INFO    ] [switch] [INIT] SWITCH STATUS MODE (REAL GPIO)
2026-03-22 21:59:56 [INFO    ] [switch] [INIT] Door monitor running (ACTIVE LOW)
2026-03-22 21:59:56 [INFO    ] [switch] [INIT] Door monitor thread started
2026-03-22 21:59:56 [INFO    ] [switch] [INIT] Initial state: CLOSED
2026-03-22 22:01:04 [INFO    ] [switch] [INIT] SWITCH STATUS MODE (REAL GPIO)
2026-03-22 22:01:04 [INFO    ] [switch] [INIT] Door monitor running (ACTIVE LOW)
2026-03-22 22:01:04 [INFO    ] [switch] [INIT] Door monitor thread started
2026-03-22 22:01:04 [INFO    ] [switch] [INIT] Initial state: CLOSED
2026-03-22 22:02:12 [INFO    ] [switch] [INIT] SWITCH STATUS MODE (REAL GPIO)
2026-03-22 22:02:12 [INFO    ] [switch] [INIT] Door monitor running (ACTIVE LOW)
2026-03-22 22:02:12 [INFO    ] [switch] [INIT] Door monitor thread started
2026-03-22 22:02:12 [INFO    ] [switch] [INIT] Initial state: CLOSED
2026-03-22 22:03:20 [INFO    ] [switch] [INIT] SWITCH STATUS MODE (REAL GPIO)
2026-03-22 22:03:20 [INFO    ] [switch] [INIT] Door monitor running (ACTIVE LOW)
2026-03-22 22:03:20 [INFO    ] [switch] [INIT] Door monitor thread started
2026-03-22 22:03:20 [INFO    ] [switch] [INIT] Initial state: CLOSED
2026-03-22 22:04:27 [INFO    ] [switch] [INIT] SWITCH STATUS MODE (REAL GPIO)
2026-03-22 22:04:27 [INFO    ] [switch] [INIT] Door monitor running (ACTIVE LOW)
2026-03-22 22:04:27 [INFO    ] [switch] [INIT] Door monitor thread started
2026-03-22 22:04:27 [INFO    ] [switch] [INIT] Initial state: CLOSED
2026-03-22 22:05:35 [INFO    ] [switch] [INIT] SWITCH STATUS MODE (REAL GPIO)
2026-03-22 22:05:35 [INFO    ] [switch] [INIT] Door monitor running (ACTIVE LOW)
2026-03-22 22:05:35 [INFO    ] [switch] [INIT] Door monitor thread started
2026-03-22 22:05:35 [INFO    ] [switch] [INIT] Initial state: CLOSED
2026-03-22 22:06:43 [INFO    ] [switch] [INIT] SWITCH STATUS MODE (REAL GPIO)
2026-03-22 22:06:43 [INFO    ] [switch] [INIT] Door monitor running (ACTIVE LOW)
2026-03-22 22:06:43 [INFO    ] [switch] [INIT] Door monitor thread started
2026-03-22 22:06:43 [INFO    ] [switch] [INIT] Initial state: CLOSED
2026-03-22 22:07:51 [INFO    ] [switch] [INIT] SWITCH STATUS MODE (REAL GPIO)
2026-03-22 22:07:51 [INFO    ] [switch] [INIT] Door monitor running (ACTIVE LOW)
2026-03-22 22:07:51 [INFO    ] [switch] [INIT] Door monitor thread started
2026-03-22 22:07:51 [INFO    ] [switch] [INIT] Initial state: CLOSED
2026-03-22 22:08:59 [INFO    ] [switch] [INIT] SWITCH STATUS MODE (REAL GPIO)
2026-03-22 22:08:59 [INFO    ] [switch] [INIT] Door monitor running (ACTIVE LOW)
2026-03-22 22:08:59 [INFO    ] [switch] [INIT] Initial state: CLOSED
2026-03-22 22:08:59 [INFO    ] [switch] [INIT] Door monitor thread started
2026-03-22 22:10:07 [INFO    ] [switch] [INIT] SWITCH STATUS MODE (REAL GPIO)
2026-03-22 22:10:07 [INFO    ] [switch] [INIT] Door monitor running (ACTIVE LOW)
2026-03-22 22:10:07 [INFO    ] [switch] [INIT] Door monitor thread started
2026-03-22 22:10:07 [INFO    ] [switch] [INIT] Initial state: CLOSED
2026-03-22 22:11:15 [INFO    ] [switch] [INIT] SWITCH STATUS MODE (REAL GPIO)
2026-03-22 22:11:15 [INFO    ] [switch] [INIT] Door monitor running (ACTIVE LOW)
2026-03-22 22:11:15 [INFO    ] [switch] [INIT] Door monitor thread started
2026-03-22 22:11:15 [INFO    ] [switch] [INIT] Initial state: CLOSED
2026-03-22 22:12:23 [INFO    ] [switch] [INIT] SWITCH STATUS MODE (REAL GPIO)
2026-03-22 22:12:23 [INFO    ] [switch] [INIT] Door monitor running (ACTIVE LOW)
2026-03-22 22:12:23 [INFO    ] [switch] [INIT] Initial state: CLOSED
2026-03-22 22:12:23 [INFO    ] [switch] [INIT] Door monitor thread started
2026-03-22 22:13:30 [INFO    ] [switch] [INIT] SWITCH STATUS MODE (REAL GPIO)
2026-03-22 22:13:30 [INFO    ] [switch] [INIT] Door monitor running (ACTIVE LOW)
2026-03-22 22:13:30 [INFO    ] [switch] [INIT] Door monitor thread started
2026-03-22 22:13:30 [INFO    ] [switch] [INIT] Initial state: CLOSED
2026-03-22 22:14:38 [INFO    ] [switch] [INIT] SWITCH STATUS MODE (REAL GPIO)
2026-03-22 22:14:38 [INFO    ] [switch] [INIT] Door monitor running (ACTIVE LOW)
2026-03-22 22:14:38 [INFO    ] [switch] [INIT] Door monitor thread started
2026-03-22 22:14:38 [INFO    ] [switch] [INIT] Initial state: CLOSED
2026-03-22 22:15:46 [INFO    ] [switch] [INIT] SWITCH STATUS MODE (REAL GPIO)
2026-03-22 22:15:46 [INFO    ] [switch] [INIT] Door monitor running (ACTIVE LOW)
2026-03-22 22:15:46 [INFO    ] [switch] [INIT] Door monitor thread started
2026-03-22 22:15:46 [INFO    ] [switch] [INIT] Initial state: CLOSED
2026-03-22 22:16:54 [INFO    ] [switch] [INIT] SWITCH STATUS MODE (REAL GPIO)
2026-03-22 22:16:54 [INFO    ] [switch] [INIT] Door monitor running (ACTIVE LOW)
2026-03-22 22:16:54 [INFO    ] [switch] [INIT] Door monitor thread started
2026-03-22 22:16:54 [INFO    ] [switch] [INIT] Initial state: CLOSED
2026-03-22 22:18:02 [INFO    ] [switch] [INIT] SWITCH STATUS MODE (REAL GPIO)
2026-03-22 22:18:02 [INFO    ] [switch] [INIT] Door monitor running (ACTIVE LOW)
2026-03-22 22:18:02 [INFO    ] [switch] [INIT] Door monitor thread started
2026-03-22 22:18:02 [INFO    ] [switch] [INIT] Initial state: CLOSED
2026-03-22 22:19:10 [INFO    ] [switch] [INIT] SWITCH STATUS MODE (REAL GPIO)
2026-03-22 22:19:10 [INFO    ] [switch] [INIT] Door monitor running (ACTIVE LOW)
2026-03-22 22:19:10 [INFO    ] [switch] [INIT] Initial state: CLOSED
2026-03-22 22:19:10 [INFO    ] [switch] [INIT] Door monitor thread started
2026-03-22 22:19:10 [INFO    ] [switch] [INIT] SWITCH STATUS MODE (REAL GPIO)
2026-03-22 22:19:10 [INFO    ] [switch] [INIT] Door monitor running (ACTIVE LOW)
2026-03-22 22:19:10 [INFO    ] [switch] [INIT] Door monitor thread started
2026-03-22 22:19:10 [INFO    ] [switch] [INIT] Initial state: CLOSED
2026-03-22 22:20:19 [INFO    ] [switch] [INIT] SWITCH STATUS MODE (REAL GPIO)
2026-03-22 22:20:19 [INFO    ] [switch] [INIT] Door monitor running (ACTIVE LOW)
2026-03-22 22:20:19 [INFO    ] [switch] [INIT] Initial state: CLOSED
2026-03-22 22:20:19 [INFO    ] [switch] [INIT] Door monitor thread started
2026-03-22 22:21:27 [INFO    ] [switch] [INIT] SWITCH STATUS MODE (REAL GPIO)
2026-03-22 22:21:27 [INFO    ] [switch] [INIT] Door monitor running (ACTIVE LOW)
2026-03-22 22:21:27 [INFO    ] [switch] [INIT] Door monitor thread started
2026-03-22 22:21:27 [INFO    ] [switch] [INIT] Initial state: CLOSED
2026-03-22 22:22:35 [INFO    ] [switch] [INIT] SWITCH STATUS MODE (REAL GPIO)
2026-03-22 22:22:35 [INFO    ] [switch] [INIT] Door monitor running (ACTIVE LOW)
2026-03-22 22:22:35 [INFO    ] [switch] [INIT] Door monitor thread started
2026-03-22 22:22:35 [INFO    ] [switch] [INIT] Initial state: CLOSED
2026-03-22 22:23:43 [INFO    ] [switch] [INIT] SWITCH STATUS MODE (REAL GPIO)
2026-03-22 22:23:43 [INFO    ] [switch] [INIT] Door monitor running (ACTIVE LOW)
2026-03-22 22:23:43 [INFO    ] [switch] [INIT] Door monitor thread started
2026-03-22 22:23:43 [INFO    ] [switch] [INIT] Initial state: CLOSED
2026-03-22 22:24:49 [INFO    ] [switch] [INIT] SWITCH STATUS MODE (REAL GPIO)
2026-03-22 22:24:49 [INFO    ] [switch] [INIT] Door monitor running (ACTIVE LOW)
2026-03-22 22:24:49 [INFO    ] [switch] [INIT] Door monitor thread started
2026-03-22 22:24:49 [INFO    ] [switch] [INIT] Initial state: CLOSED
2026-03-22 22:25:57 [INFO    ] [switch] [INIT] SWITCH STATUS MODE (REAL GPIO)
2026-03-22 22:25:57 [INFO    ] [switch] [INIT] Door monitor running (ACTIVE LOW)
2026-03-22 22:25:57 [INFO    ] [switch] [INIT] Initial state: CLOSED
2026-03-22 22:25:57 [INFO    ] [switch] [INIT] Door monitor thread started
2026-03-22 22:27:05 [INFO    ] [switch] [INIT] SWITCH STATUS MODE (REAL GPIO)
2026-03-22 22:27:05 [INFO    ] [switch] [INIT] Door monitor running (ACTIVE LOW)
2026-03-22 22:27:05 [INFO    ] [switch] [INIT] Initial state: CLOSED
2026-03-22 22:27:05 [INFO    ] [switch] [INIT] Door monitor thread started
2026-03-22 22:28:14 [INFO    ] [switch] [INIT] SWITCH STATUS MODE (REAL GPIO)
2026-03-22 22:28:14 [INFO    ] [switch] [INIT] Door monitor running (ACTIVE LOW)
2026-03-22 22:28:14 [INFO    ] [switch] [INIT] Door monitor thread started
2026-03-22 22:28:14 [INFO    ] [switch] [INIT] Initial state: CLOSED
2026-03-22 22:29:22 [INFO    ] [switch] [INIT] SWITCH STATUS MODE (REAL GPIO)
2026-03-22 22:29:22 [INFO    ] [switch] [INIT] Door monitor running (ACTIVE LOW)
2026-03-22 22:29:22 [INFO    ] [switch] [INIT] Door monitor thread started
2026-03-22 22:29:22 [INFO    ] [switch] [INIT] Initial state: CLOSED
2026-03-22 22:30:30 [INFO    ] [switch] [INIT] SWITCH STATUS MODE (REAL GPIO)
2026-03-22 22:30:30 [INFO    ] [switch] [INIT] Door monitor running (ACTIVE LOW)
2026-03-22 22:30:30 [INFO    ] [switch] [INIT] Initial state: CLOSED
2026-03-22 22:30:30 [INFO    ] [switch] [INIT] Door monitor thread started
2026-03-22 22:31:38 [INFO    ] [switch] [INIT] SWITCH STATUS MODE (REAL GPIO)
2026-03-22 22:31:38 [INFO    ] [switch] [INIT] Door monitor running (ACTIVE LOW)
2026-03-22 22:31:38 [INFO    ] [switch] [INIT] Door monitor thread started
2026-03-22 22:31:38 [INFO    ] [switch] [INIT] Initial state: CLOSED
2026-03-22 22:32:46 [INFO    ] [switch] [INIT] SWITCH STATUS MODE (REAL GPIO)
2026-03-22 22:32:46 [INFO    ] [switch] [INIT] Door monitor running (ACTIVE LOW)
2026-03-22 22:32:46 [INFO    ] [switch] [INIT] Door monitor thread started
2026-03-22 22:32:46 [INFO    ] [switch] [INIT] Initial state: CLOSED
2026-03-22 22:33:54 [INFO    ] [switch] [INIT] SWITCH STATUS MODE (REAL GPIO)
2026-03-22 22:33:54 [INFO    ] [switch] [INIT] Door monitor running (ACTIVE LOW)
2026-03-22 22:33:54 [INFO    ] [switch] [INIT] Door monitor thread started
2026-03-22 22:33:54 [INFO    ] [switch] [INIT] Initial state: CLOSED
2026-03-22 22:35:02 [INFO    ] [switch] [INIT] SWITCH STATUS MODE (REAL GPIO)
2026-03-22 22:35:02 [INFO    ] [switch] [INIT] Door monitor running (ACTIVE LOW)
2026-03-22 22:35:02 [INFO    ] [switch] [INIT] Door monitor thread started
2026-03-22 22:35:02 [INFO    ] [switch] [INIT] Initial state: CLOSED
2026-03-22 22:36:10 [INFO    ] [switch] [INIT] SWITCH STATUS MODE (REAL GPIO)
2026-03-22 22:36:10 [INFO    ] [switch] [INIT] Door monitor running (ACTIVE LOW)
2026-03-22 22:36:10 [INFO    ] [switch] [INIT] Door monitor thread started
2026-03-22 22:36:10 [INFO    ] [switch] [INIT] Initial state: CLOSED
2026-03-22 22:37:18 [INFO    ] [switch] [INIT] SWITCH STATUS MODE (REAL GPIO)
2026-03-22 22:37:18 [INFO    ] [switch] [INIT] Door monitor running (ACTIVE LOW)
2026-03-22 22:37:18 [INFO    ] [switch] [INIT] Door monitor thread started
2026-03-22 22:37:18 [INFO    ] [switch] [INIT] Initial state: CLOSED
2026-03-22 22:38:27 [INFO    ] [switch] [INIT] SWITCH STATUS MODE (REAL GPIO)
2026-03-22 22:38:27 [INFO    ] [switch] [INIT] Door monitor running (ACTIVE LOW)
2026-03-22 22:38:27 [INFO    ] [switch] [INIT] Door monitor thread started
2026-03-22 22:38:27 [INFO    ] [switch] [INIT] Initial state: CLOSED
2026-03-22 22:39:35 [INFO    ] [switch] [INIT] SWITCH STATUS MODE (REAL GPIO)
2026-03-22 22:39:35 [INFO    ] [switch] [INIT] Door monitor running (ACTIVE LOW)
2026-03-22 22:39:35 [INFO    ] [switch] [INIT] Door monitor thread started
2026-03-22 22:39:35 [INFO    ] [switch] [INIT] Initial state: CLOSED
2026-03-22 22:40:43 [INFO    ] [switch] [INIT] SWITCH STATUS MODE (REAL GPIO)
2026-03-22 22:40:43 [INFO    ] [switch] [INIT] Door monitor running (ACTIVE LOW)
2026-03-22 22:40:43 [INFO    ] [switch] [INIT] Door monitor thread started
2026-03-22 22:40:43 [INFO    ] [switch] [INIT] Initial state: CLOSED
2026-03-22 22:41:51 [INFO    ] [switch] [INIT] SWITCH STATUS MODE (REAL GPIO)
2026-03-22 22:41:51 [INFO    ] [switch] [INIT] Door monitor running (ACTIVE LOW)
2026-03-22 22:41:51 [INFO    ] [switch] [INIT] Initial state: CLOSED
2026-03-22 22:41:51 [INFO    ] [switch] [INIT] Door monitor thread started
2026-03-22 22:42:59 [INFO    ] [switch] [INIT] SWITCH STATUS MODE (REAL GPIO)
2026-03-22 22:42:59 [INFO    ] [switch] [INIT] Door monitor running (ACTIVE LOW)
2026-03-22 22:42:59 [INFO    ] [switch] [INIT] Door monitor thread started
2026-03-22 22:42:59 [INFO    ] [switch] [INIT] Initial state: CLOSED
2026-03-22 22:44:07 [INFO    ] [switch] [INIT] SWITCH STATUS MODE (REAL GPIO)
2026-03-22 22:44:07 [INFO    ] [switch] [INIT] Door monitor running (ACTIVE LOW)
2026-03-22 22:44:07 [INFO    ] [switch] [INIT] Door monitor thread started
2026-03-22 22:44:07 [INFO    ] [switch] [INIT] Initial state: CLOSED
2026-03-22 22:45:15 [INFO    ] [switch] [INIT] SWITCH STATUS MODE (REAL GPIO)
2026-03-22 22:45:15 [INFO    ] [switch] [INIT] Door monitor running (ACTIVE LOW)
2026-03-22 22:45:15 [INFO    ] [switch] [INIT] Door monitor thread started
2026-03-22 22:45:15 [INFO    ] [switch] [INIT] Initial state: CLOSED
2026-03-22 22:46:23 [INFO    ] [switch] [INIT] SWITCH STATUS MODE (REAL GPIO)
2026-03-22 22:46:23 [INFO    ] [switch] [INIT] Door monitor running (ACTIVE LOW)
2026-03-22 22:46:23 [INFO    ] [switch] [INIT] Initial state: CLOSED
2026-03-22 22:46:23 [INFO    ] [switch] [INIT] Door monitor thread started
2026-03-22 22:47:32 [INFO    ] [switch] [INIT] SWITCH STATUS MODE (REAL GPIO)
2026-03-22 22:47:32 [INFO    ] [switch] [INIT] Door monitor running (ACTIVE LOW)
2026-03-22 22:47:32 [INFO    ] [switch] [INIT] Door monitor thread started
2026-03-22 22:47:32 [INFO    ] [switch] [INIT] Initial state: CLOSED
2026-03-22 22:48:39 [INFO    ] [switch] [INIT] SWITCH STATUS MODE (REAL GPIO)
2026-03-22 22:48:40 [INFO    ] [switch] [INIT] Door monitor running (ACTIVE LOW)
2026-03-22 22:48:40 [INFO    ] [switch] [INIT] Door monitor thread started
2026-03-22 22:48:40 [INFO    ] [switch] [INIT] Initial state: CLOSED
2026-03-22 22:49:48 [INFO    ] [switch] [INIT] SWITCH STATUS MODE (REAL GPIO)
2026-03-22 22:49:48 [INFO    ] [switch] [INIT] Door monitor running (ACTIVE LOW)
2026-03-22 22:49:48 [INFO    ] [switch] [INIT] Door monitor thread started
2026-03-22 22:49:48 [INFO    ] [switch] [INIT] Initial state: CLOSED
2026-03-22 22:50:56 [INFO    ] [switch] [INIT] SWITCH STATUS MODE (REAL GPIO)
2026-03-22 22:50:56 [INFO    ] [switch] [INIT] Door monitor running (ACTIVE LOW)
2026-03-22 22:50:56 [INFO    ] [switch] [INIT] Door monitor thread started
2026-03-22 22:50:56 [INFO    ] [switch] [INIT] Initial state: CLOSED
2026-03-22 22:52:04 [INFO    ] [switch] [INIT] SWITCH STATUS MODE (REAL GPIO)
2026-03-22 22:52:04 [INFO    ] [switch] [INIT] Door monitor running (ACTIVE LOW)
2026-03-22 22:52:04 [INFO    ] [switch] [INIT] Door monitor thread started
2026-03-22 22:52:04 [INFO    ] [switch] [INIT] Initial state: CLOSED
2026-03-22 22:53:12 [INFO    ] [switch] [INIT] SWITCH STATUS MODE (REAL GPIO)
2026-03-22 22:53:12 [INFO    ] [switch] [INIT] Door monitor running (ACTIVE LOW)
2026-03-22 22:53:12 [INFO    ] [switch] [INIT] Door monitor thread started
2026-03-22 22:53:12 [INFO    ] [switch] [INIT] Initial state: CLOSED
2026-03-22 22:54:20 [INFO    ] [switch] [INIT] SWITCH STATUS MODE (REAL GPIO)
2026-03-22 22:54:20 [INFO    ] [switch] [INIT] Door monitor running (ACTIVE LOW)
2026-03-22 22:54:20 [INFO    ] [switch] [INIT] Door monitor thread started
2026-03-22 22:54:20 [INFO    ] [switch] [INIT] Initial state: CLOSED
2026-03-22 22:55:28 [INFO    ] [switch] [INIT] SWITCH STATUS MODE (REAL GPIO)
2026-03-22 22:55:28 [INFO    ] [switch] [INIT] Door monitor running (ACTIVE LOW)
2026-03-22 22:55:28 [INFO    ] [switch] [INIT] Door monitor thread started
2026-03-22 22:55:28 [INFO    ] [switch] [INIT] Initial state: CLOSED
2026-03-22 22:56:36 [INFO    ] [switch] [INIT] SWITCH STATUS MODE (REAL GPIO)
2026-03-22 22:56:36 [INFO    ] [switch] [INIT] Door monitor running (ACTIVE LOW)
2026-03-22 22:56:36 [INFO    ] [switch] [INIT] Door monitor thread started
2026-03-22 22:56:36 [INFO    ] [switch] [INIT] Initial state: CLOSED
2026-03-22 22:57:44 [INFO    ] [switch] [INIT] SWITCH STATUS MODE (REAL GPIO)
2026-03-22 22:57:44 [INFO    ] [switch] [INIT] Door monitor running (ACTIVE LOW)
2026-03-22 22:57:44 [INFO    ] [switch] [INIT] Door monitor thread started
2026-03-22 22:57:44 [INFO    ] [switch] [INIT] Initial state: CLOSED
2026-03-22 22:58:52 [INFO    ] [switch] [INIT] SWITCH STATUS MODE (REAL GPIO)
2026-03-22 22:58:52 [INFO    ] [switch] [INIT] Door monitor running (ACTIVE LOW)
2026-03-22 22:58:52 [INFO    ] [switch] [INIT] Door monitor thread started
2026-03-22 22:58:52 [INFO    ] [switch] [INIT] Initial state: CLOSED
2026-03-22 23:00:00 [INFO    ] [switch] [INIT] SWITCH STATUS MODE (REAL GPIO)
2026-03-22 23:00:00 [INFO    ] [switch] [INIT] Door monitor running (ACTIVE LOW)
2026-03-22 23:00:00 [INFO    ] [switch] [INIT] Door monitor thread started
2026-03-22 23:00:00 [INFO    ] [switch] [INIT] Initial state: CLOSED
2026-03-22 23:01:08 [INFO    ] [switch] [INIT] SWITCH STATUS MODE (REAL GPIO)
2026-03-22 23:01:08 [INFO    ] [switch] [INIT] Door monitor running (ACTIVE LOW)
2026-03-22 23:01:08 [INFO    ] [switch] [INIT] Door monitor thread started
2026-03-22 23:01:08 [INFO    ] [switch] [INIT] Initial state: CLOSED
2026-03-22 23:02:16 [INFO    ] [switch] [INIT] SWITCH STATUS MODE (REAL GPIO)
2026-03-22 23:02:16 [INFO    ] [switch] [INIT] Door monitor running (ACTIVE LOW)
2026-03-22 23:02:16 [INFO    ] [switch] [INIT] Door monitor thread started
2026-03-22 23:02:16 [INFO    ] [switch] [INIT] Initial state: CLOSED
2026-03-22 23:03:24 [INFO    ] [switch] [INIT] SWITCH STATUS MODE (REAL GPIO)
2026-03-22 23:03:24 [INFO    ] [switch] [INIT] Door monitor running (ACTIVE LOW)
2026-03-22 23:03:24 [INFO    ] [switch] [INIT] Initial state: CLOSED
2026-03-22 23:03:24 [INFO    ] [switch] [INIT] Door monitor thread started
2026-03-22 23:04:32 [INFO    ] [switch] [INIT] SWITCH STATUS MODE (REAL GPIO)
2026-03-22 23:04:32 [INFO    ] [switch] [INIT] Door monitor running (ACTIVE LOW)
2026-03-22 23:04:32 [INFO    ] [switch] [INIT] Door monitor thread started
2026-03-22 23:04:32 [INFO    ] [switch] [INIT] Initial state: CLOSED
2026-03-22 23:05:41 [INFO    ] [switch] [INIT] SWITCH STATUS MODE (REAL GPIO)
2026-03-22 23:05:41 [INFO    ] [switch] [INIT] Door monitor running (ACTIVE LOW)
2026-03-22 23:05:41 [INFO    ] [switch] [INIT] Door monitor thread started
2026-03-22 23:05:41 [INFO    ] [switch] [INIT] Initial state: CLOSED
2026-03-22 23:06:49 [INFO    ] [switch] [INIT] SWITCH STATUS MODE (REAL GPIO)
2026-03-22 23:06:49 [INFO    ] [switch] [INIT] Door monitor running (ACTIVE LOW)
2026-03-22 23:06:49 [INFO    ] [switch] [INIT] Door monitor thread started
2026-03-22 23:06:49 [INFO    ] [switch] [INIT] Initial state: CLOSED
2026-03-22 23:07:57 [INFO    ] [switch] [INIT] SWITCH STATUS MODE (REAL GPIO)
2026-03-22 23:07:57 [INFO    ] [switch] [INIT] Door monitor running (ACTIVE LOW)
2026-03-22 23:07:57 [INFO    ] [switch] [INIT] Initial state: CLOSED
2026-03-22 23:07:57 [INFO    ] [switch] [INIT] Door monitor thread started
2026-03-22 23:09:05 [INFO    ] [switch] [INIT] SWITCH STATUS MODE (REAL GPIO)
2026-03-22 23:09:05 [INFO    ] [switch] [INIT] Door monitor running (ACTIVE LOW)
2026-03-22 23:09:05 [INFO    ] [switch] [INIT] Door monitor thread started
2026-03-22 23:09:05 [INFO    ] [switch] [INIT] Initial state: CLOSED
2026-03-22 23:10:13 [INFO    ] [switch] [INIT] SWITCH STATUS MODE (REAL GPIO)
2026-03-22 23:10:13 [INFO    ] [switch] [INIT] Door monitor running (ACTIVE LOW)
2026-03-22 23:10:13 [INFO    ] [switch] [INIT] Door monitor thread started
2026-03-22 23:10:13 [INFO    ] [switch] [INIT] Initial state: CLOSED
2026-03-22 23:11:21 [INFO    ] [switch] [INIT] SWITCH STATUS MODE (REAL GPIO)
2026-03-22 23:11:21 [INFO    ] [switch] [INIT] Door monitor running (ACTIVE LOW)
2026-03-22 23:11:21 [INFO    ] [switch] [INIT] Door monitor thread started
2026-03-22 23:11:21 [INFO    ] [switch] [INIT] Initial state: CLOSED
2026-03-22 23:12:29 [INFO    ] [switch] [INIT] SWITCH STATUS MODE (REAL GPIO)
2026-03-22 23:12:29 [INFO    ] [switch] [INIT] Door monitor running (ACTIVE LOW)
2026-03-22 23:12:29 [INFO    ] [switch] [INIT] Door monitor thread started
2026-03-22 23:12:29 [INFO    ] [switch] [INIT] Initial state: CLOSED
2026-03-22 23:13:37 [INFO    ] [switch] [INIT] SWITCH STATUS MODE (REAL GPIO)
2026-03-22 23:13:37 [INFO    ] [switch] [INIT] Door monitor running (ACTIVE LOW)
2026-03-22 23:13:37 [INFO    ] [switch] [INIT] Door monitor thread started
2026-03-22 23:13:37 [INFO    ] [switch] [INIT] Initial state: CLOSED
2026-03-22 23:14:45 [INFO    ] [switch] [INIT] SWITCH STATUS MODE (REAL GPIO)
2026-03-22 23:14:45 [INFO    ] [switch] [INIT] Door monitor running (ACTIVE LOW)
2026-03-22 23:14:45 [INFO    ] [switch] [INIT] Door monitor thread started
2026-03-22 23:14:45 [INFO    ] [switch] [INIT] Initial state: CLOSED
2026-03-22 23:15:52 [INFO    ] [switch] [INIT] SWITCH STATUS MODE (REAL GPIO)
2026-03-22 23:15:52 [INFO    ] [switch] [INIT] Door monitor running (ACTIVE LOW)
2026-03-22 23:15:52 [INFO    ] [switch] [INIT] Door monitor thread started
2026-03-22 23:15:52 [INFO    ] [switch] [INIT] Initial state: CLOSED
2026-03-22 23:17:00 [INFO    ] [switch] [INIT] SWITCH STATUS MODE (REAL GPIO)
2026-03-22 23:17:00 [INFO    ] [switch] [INIT] Door monitor running (ACTIVE LOW)
2026-03-22 23:17:00 [INFO    ] [switch] [INIT] Initial state: CLOSED
2026-03-22 23:17:00 [INFO    ] [switch] [INIT] Door monitor thread started
2026-03-22 23:18:08 [INFO    ] [switch] [INIT] SWITCH STATUS MODE (REAL GPIO)
2026-03-22 23:18:08 [INFO    ] [switch] [INIT] Door monitor running (ACTIVE LOW)
2026-03-22 23:18:08 [INFO    ] [switch] [INIT] Door monitor thread started
2026-03-22 23:18:08 [INFO    ] [switch] [INIT] Initial state: CLOSED
2026-03-22 23:19:16 [INFO    ] [switch] [INIT] SWITCH STATUS MODE (REAL GPIO)
2026-03-22 23:19:16 [INFO    ] [switch] [INIT] Door monitor running (ACTIVE LOW)
2026-03-22 23:19:16 [INFO    ] [switch] [INIT] Door monitor thread started
2026-03-22 23:19:16 [INFO    ] [switch] [INIT] Initial state: CLOSED
2026-03-22 23:20:24 [INFO    ] [switch] [INIT] SWITCH STATUS MODE (REAL GPIO)
2026-03-22 23:20:24 [INFO    ] [switch] [INIT] Door monitor running (ACTIVE LOW)
2026-03-22 23:20:24 [INFO    ] [switch] [INIT] Initial state: CLOSED
2026-03-22 23:20:24 [INFO    ] [switch] [INIT] Door monitor thread started
2026-03-22 23:21:32 [INFO    ] [switch] [INIT] SWITCH STATUS MODE (REAL GPIO)
2026-03-22 23:21:32 [INFO    ] [switch] [INIT] Door monitor running (ACTIVE LOW)
2026-03-22 23:21:32 [INFO    ] [switch] [INIT] Initial state: CLOSED
2026-03-22 23:21:32 [INFO    ] [switch] [INIT] Door monitor thread started
2026-03-22 23:22:40 [INFO    ] [switch] [INIT] SWITCH STATUS MODE (REAL GPIO)
2026-03-22 23:22:40 [INFO    ] [switch] [INIT] Door monitor running (ACTIVE LOW)
2026-03-22 23:22:40 [INFO    ] [switch] [INIT] Door monitor thread started
2026-03-22 23:22:40 [INFO    ] [switch] [INIT] Initial state: CLOSED
2026-03-22 23:23:48 [INFO    ] [switch] [INIT] SWITCH STATUS MODE (REAL GPIO)
2026-03-22 23:23:48 [INFO    ] [switch] [INIT] Door monitor running (ACTIVE LOW)
2026-03-22 23:23:48 [INFO    ] [switch] [INIT] Door monitor thread started
2026-03-22 23:23:48 [INFO    ] [switch] [INIT] Initial state: CLOSED
2026-03-22 23:24:56 [INFO    ] [switch] [INIT] SWITCH STATUS MODE (REAL GPIO)
2026-03-22 23:24:56 [INFO    ] [switch] [INIT] Door monitor running (ACTIVE LOW)
2026-03-22 23:24:56 [INFO    ] [switch] [INIT] Initial state: CLOSED
2026-03-22 23:24:56 [INFO    ] [switch] [INIT] Door monitor thread started
2026-03-22 23:26:04 [INFO    ] [switch] [INIT] SWITCH STATUS MODE (REAL GPIO)
2026-03-22 23:26:04 [INFO    ] [switch] [INIT] Door monitor running (ACTIVE LOW)
2026-03-22 23:26:04 [INFO    ] [switch] [INIT] Door monitor thread started
2026-03-22 23:26:04 [INFO    ] [switch] [INIT] Initial state: CLOSED
2026-03-22 23:27:12 [INFO    ] [switch] [INIT] SWITCH STATUS MODE (REAL GPIO)
2026-03-22 23:27:12 [INFO    ] [switch] [INIT] Door monitor running (ACTIVE LOW)
2026-03-22 23:27:12 [INFO    ] [switch] [INIT] Door monitor thread started
2026-03-22 23:27:12 [INFO    ] [switch] [INIT] Initial state: CLOSED
2026-03-22 23:28:20 [INFO    ] [switch] [INIT] SWITCH STATUS MODE (REAL GPIO)
2026-03-22 23:28:20 [INFO    ] [switch] [INIT] Door monitor running (ACTIVE LOW)
2026-03-22 23:28:20 [INFO    ] [switch] [INIT] Initial state: CLOSED
2026-03-22 23:28:20 [INFO    ] [switch] [INIT] Door monitor thread started
2026-03-22 23:29:28 [INFO    ] [switch] [INIT] SWITCH STATUS MODE (REAL GPIO)
2026-03-22 23:29:28 [INFO    ] [switch] [INIT] Door monitor running (ACTIVE LOW)
2026-03-22 23:29:28 [INFO    ] [switch] [INIT] Door monitor thread started
2026-03-22 23:29:28 [INFO    ] [switch] [INIT] Initial state: CLOSED
2026-03-22 23:30:36 [INFO    ] [switch] [INIT] SWITCH STATUS MODE (REAL GPIO)
2026-03-22 23:30:36 [INFO    ] [switch] [INIT] Door monitor running (ACTIVE LOW)
2026-03-22 23:30:36 [INFO    ] [switch] [INIT] Initial state: CLOSED
2026-03-22 23:30:36 [INFO    ] [switch] [INIT] Door monitor thread started
2026-03-22 23:31:44 [INFO    ] [switch] [INIT] SWITCH STATUS MODE (REAL GPIO)
2026-03-22 23:31:44 [INFO    ] [switch] [INIT] Door monitor running (ACTIVE LOW)
2026-03-22 23:31:44 [INFO    ] [switch] [INIT] Door monitor thread started
2026-03-22 23:31:44 [INFO    ] [switch] [INIT] Initial state: CLOSED
2026-03-22 23:32:52 [INFO    ] [switch] [INIT] SWITCH STATUS MODE (REAL GPIO)
2026-03-22 23:32:52 [INFO    ] [switch] [INIT] Door monitor running (ACTIVE LOW)
2026-03-22 23:32:52 [INFO    ] [switch] [INIT] Door monitor thread started
2026-03-22 23:32:52 [INFO    ] [switch] [INIT] Initial state: CLOSED
2026-03-22 23:34:00 [INFO    ] [switch] [INIT] SWITCH STATUS MODE (REAL GPIO)
2026-03-22 23:34:00 [INFO    ] [switch] [INIT] Door monitor running (ACTIVE LOW)
2026-03-22 23:34:00 [INFO    ] [switch] [INIT] Initial state: CLOSED
2026-03-22 23:34:00 [INFO    ] [switch] [INIT] Door monitor thread started
2026-03-22 23:35:08 [INFO    ] [switch] [INIT] SWITCH STATUS MODE (REAL GPIO)
2026-03-22 23:35:08 [INFO    ] [switch] [INIT] Door monitor running (ACTIVE LOW)
2026-03-22 23:35:08 [INFO    ] [switch] [INIT] Door monitor thread started
2026-03-22 23:35:08 [INFO    ] [switch] [INIT] Initial state: CLOSED
2026-03-22 23:36:16 [INFO    ] [switch] [INIT] SWITCH STATUS MODE (REAL GPIO)
2026-03-22 23:36:17 [INFO    ] [switch] [INIT] Door monitor running (ACTIVE LOW)
2026-03-22 23:36:17 [INFO    ] [switch] [INIT] Door monitor thread started
2026-03-22 23:36:17 [INFO    ] [switch] [INIT] Initial state: CLOSED
2026-03-22 23:37:25 [INFO    ] [switch] [INIT] SWITCH STATUS MODE (REAL GPIO)
2026-03-22 23:37:25 [INFO    ] [switch] [INIT] Door monitor running (ACTIVE LOW)
2026-03-22 23:37:25 [INFO    ] [switch] [INIT] Door monitor thread started
2026-03-22 23:37:25 [INFO    ] [switch] [INIT] Initial state: CLOSED
2026-03-22 23:38:33 [INFO    ] [switch] [INIT] SWITCH STATUS MODE (REAL GPIO)
2026-03-22 23:38:33 [INFO    ] [switch] [INIT] Door monitor running (ACTIVE LOW)
2026-03-22 23:38:33 [INFO    ] [switch] [INIT] Door monitor thread started
2026-03-22 23:38:33 [INFO    ] [switch] [INIT] Initial state: CLOSED
2026-03-22 23:39:41 [INFO    ] [switch] [INIT] SWITCH STATUS MODE (REAL GPIO)
2026-03-22 23:39:41 [INFO    ] [switch] [INIT] Door monitor running (ACTIVE LOW)
2026-03-22 23:39:41 [INFO    ] [switch] [INIT] Door monitor thread started
2026-03-22 23:39:41 [INFO    ] [switch] [INIT] Initial state: CLOSED
2026-03-22 23:40:49 [INFO    ] [switch] [INIT] SWITCH STATUS MODE (REAL GPIO)
2026-03-22 23:40:49 [INFO    ] [switch] [INIT] Door monitor running (ACTIVE LOW)
2026-03-22 23:40:49 [INFO    ] [switch] [INIT] Door monitor thread started
2026-03-22 23:40:49 [INFO    ] [switch] [INIT] Initial state: CLOSED
2026-03-22 23:40:49 [INFO    ] [switch] [INIT] SWITCH STATUS MODE (REAL GPIO)
2026-03-22 23:40:49 [INFO    ] [switch] [INIT] Door monitor running (ACTIVE LOW)
2026-03-22 23:40:49 [INFO    ] [switch] [INIT] Door monitor thread started
2026-03-22 23:40:49 [INFO    ] [switch] [INIT] Initial state: CLOSED
2026-03-22 23:41:57 [INFO    ] [switch] [INIT] SWITCH STATUS MODE (REAL GPIO)
2026-03-22 23:41:57 [INFO    ] [switch] [INIT] Door monitor running (ACTIVE LOW)
2026-03-22 23:41:57 [INFO    ] [switch] [INIT] Initial state: CLOSED
2026-03-22 23:41:57 [INFO    ] [switch] [INIT] Door monitor thread started
2026-03-22 23:43:05 [INFO    ] [switch] [INIT] SWITCH STATUS MODE (REAL GPIO)
2026-03-22 23:43:05 [INFO    ] [switch] [INIT] Door monitor running (ACTIVE LOW)
2026-03-22 23:43:05 [INFO    ] [switch] [INIT] Initial state: CLOSED
2026-03-22 23:43:05 [INFO    ] [switch] [INIT] Door monitor thread started
2026-03-22 23:44:13 [INFO    ] [switch] [INIT] SWITCH STATUS MODE (REAL GPIO)
2026-03-22 23:44:13 [INFO    ] [switch] [INIT] Door monitor running (ACTIVE LOW)
2026-03-22 23:44:13 [INFO    ] [switch] [INIT] Door monitor thread started
2026-03-22 23:44:13 [INFO    ] [switch] [INIT] Initial state: CLOSED
2026-03-22 23:45:21 [INFO    ] [switch] [INIT] SWITCH STATUS MODE (REAL GPIO)
2026-03-22 23:45:21 [INFO    ] [switch] [INIT] Door monitor running (ACTIVE LOW)
2026-03-22 23:45:21 [INFO    ] [switch] [INIT] Initial state: CLOSED
2026-03-22 23:45:21 [INFO    ] [switch] [INIT] Door monitor thread started
2026-03-22 23:46:29 [INFO    ] [switch] [INIT] SWITCH STATUS MODE (REAL GPIO)
2026-03-22 23:46:29 [INFO    ] [switch] [INIT] Door monitor running (ACTIVE LOW)
2026-03-22 23:46:29 [INFO    ] [switch] [INIT] Door monitor thread started
2026-03-22 23:46:29 [INFO    ] [switch] [INIT] Initial state: CLOSED
2026-03-22 23:47:37 [INFO    ] [switch] [INIT] SWITCH STATUS MODE (REAL GPIO)
2026-03-22 23:47:37 [INFO    ] [switch] [INIT] Door monitor running (ACTIVE LOW)
2026-03-22 23:47:37 [INFO    ] [switch] [INIT] Door monitor thread started
2026-03-22 23:47:37 [INFO    ] [switch] [INIT] Initial state: CLOSED
2026-03-22 23:48:45 [INFO    ] [switch] [INIT] SWITCH STATUS MODE (REAL GPIO)
2026-03-22 23:48:45 [INFO    ] [switch] [INIT] Door monitor running (ACTIVE LOW)
2026-03-22 23:48:45 [INFO    ] [switch] [INIT] Door monitor thread started
2026-03-22 23:48:45 [INFO    ] [switch] [INIT] Initial state: CLOSED
2026-03-22 23:49:53 [INFO    ] [switch] [INIT] SWITCH STATUS MODE (REAL GPIO)
2026-03-22 23:49:53 [INFO    ] [switch] [INIT] Door monitor running (ACTIVE LOW)
2026-03-22 23:49:53 [INFO    ] [switch] [INIT] Door monitor thread started
2026-03-22 23:49:53 [INFO    ] [switch] [INIT] Initial state: CLOSED
2026-03-22 23:51:01 [INFO    ] [switch] [INIT] SWITCH STATUS MODE (REAL GPIO)
2026-03-22 23:51:01 [INFO    ] [switch] [INIT] Door monitor running (ACTIVE LOW)
2026-03-22 23:51:01 [INFO    ] [switch] [INIT] Door monitor thread started
2026-03-22 23:51:01 [INFO    ] [switch] [INIT] Initial state: CLOSED
2026-03-22 23:52:10 [INFO    ] [switch] [INIT] SWITCH STATUS MODE (REAL GPIO)
2026-03-22 23:52:10 [INFO    ] [switch] [INIT] Door monitor running (ACTIVE LOW)
2026-03-22 23:52:10 [INFO    ] [switch] [INIT] Door monitor thread started
2026-03-22 23:52:10 [INFO    ] [switch] [INIT] Initial state: CLOSED
2026-03-22 23:53:17 [INFO    ] [switch] [INIT] SWITCH STATUS MODE (REAL GPIO)
2026-03-22 23:53:17 [INFO    ] [switch] [INIT] Door monitor running (ACTIVE LOW)
2026-03-22 23:53:17 [INFO    ] [switch] [INIT] Door monitor thread started
2026-03-22 23:53:17 [INFO    ] [switch] [INIT] Initial state: CLOSED
2026-03-22 23:54:25 [INFO    ] [switch] [INIT] SWITCH STATUS MODE (REAL GPIO)
2026-03-22 23:54:25 [INFO    ] [switch] [INIT] Door monitor running (ACTIVE LOW)
2026-03-22 23:54:25 [INFO    ] [switch] [INIT] Initial state: CLOSED
2026-03-22 23:54:25 [INFO    ] [switch] [INIT] Door monitor thread started
2026-03-22 23:55:34 [INFO    ] [switch] [INIT] SWITCH STATUS MODE (REAL GPIO)
2026-03-22 23:55:34 [INFO    ] [switch] [INIT] Door monitor running (ACTIVE LOW)
2026-03-22 23:55:34 [INFO    ] [switch] [INIT] Initial state: CLOSED
2026-03-22 23:55:34 [INFO    ] [switch] [INIT] Door monitor thread started
2026-03-22 23:56:42 [INFO    ] [switch] [INIT] SWITCH STATUS MODE (REAL GPIO)
2026-03-22 23:56:42 [INFO    ] [switch] [INIT] Door monitor running (ACTIVE LOW)
2026-03-22 23:56:42 [INFO    ] [switch] [INIT] Door monitor thread started
2026-03-22 23:56:42 [INFO    ] [switch] [INIT] Initial state: CLOSED
2026-03-22 23:57:50 [INFO    ] [switch] [INIT] SWITCH STATUS MODE (REAL GPIO)
2026-03-22 23:57:50 [INFO    ] [switch] [INIT] Door monitor running (ACTIVE LOW)
2026-03-22 23:57:50 [INFO    ] [switch] [INIT] Door monitor thread started
2026-03-22 23:57:50 [INFO    ] [switch] [INIT] Initial state: CLOSED
2026-03-22 23:58:58 [INFO    ] [switch] [INIT] SWITCH STATUS MODE (REAL GPIO)
2026-03-22 23:58:58 [INFO    ] [switch] [INIT] Door monitor running (ACTIVE LOW)
2026-03-22 23:58:58 [INFO    ] [switch] [INIT] Door monitor thread started
2026-03-22 23:58:58 [INFO    ] [switch] [INIT] Initial state: CLOSED
2026-03-23 00:00:06 [INFO    ] [switch] [INIT] SWITCH STATUS MODE (REAL GPIO)
2026-03-23 00:00:06 [INFO    ] [switch] [INIT] Door monitor running (ACTIVE LOW)
2026-03-23 00:00:06 [INFO    ] [switch] [INIT] Door monitor thread started
2026-03-23 00:00:06 [INFO    ] [switch] [INIT] Initial state: CLOSED
2026-03-23 00:01:14 [INFO    ] [switch] [INIT] SWITCH STATUS MODE (REAL GPIO)
2026-03-23 00:01:14 [INFO    ] [switch] [INIT] Door monitor running (ACTIVE LOW)
2026-03-23 00:01:14 [INFO    ] [switch] [INIT] Initial state: CLOSED
2026-03-23 00:01:14 [INFO    ] [switch] [INIT] Door monitor thread started
2026-03-23 00:02:22 [INFO    ] [switch] [INIT] SWITCH STATUS MODE (REAL GPIO)
2026-03-23 00:02:22 [INFO    ] [switch] [INIT] Door monitor running (ACTIVE LOW)
2026-03-23 00:02:22 [INFO    ] [switch] [INIT] Door monitor thread started
2026-03-23 00:02:22 [INFO    ] [switch] [INIT] Initial state: CLOSED
2026-03-23 00:03:30 [INFO    ] [switch] [INIT] SWITCH STATUS MODE (REAL GPIO)
2026-03-23 00:03:30 [INFO    ] [switch] [INIT] Door monitor running (ACTIVE LOW)
2026-03-23 00:03:30 [INFO    ] [switch] [INIT] Door monitor thread started
2026-03-23 00:03:30 [INFO    ] [switch] [INIT] Initial state: CLOSED
2026-03-23 00:04:38 [INFO    ] [switch] [INIT] SWITCH STATUS MODE (REAL GPIO)
2026-03-23 00:04:38 [INFO    ] [switch] [INIT] Door monitor running (ACTIVE LOW)
2026-03-23 00:04:38 [INFO    ] [switch] [INIT] Door monitor thread started
2026-03-23 00:04:38 [INFO    ] [switch] [INIT] Initial state: CLOSED
2026-03-23 00:05:46 [INFO    ] [switch] [INIT] SWITCH STATUS MODE (REAL GPIO)
2026-03-23 00:05:46 [INFO    ] [switch] [INIT] Door monitor running (ACTIVE LOW)
2026-03-23 00:05:46 [INFO    ] [switch] [INIT] Door monitor thread started
2026-03-23 00:05:46 [INFO    ] [switch] [INIT] Initial state: CLOSED
2026-03-23 00:06:54 [INFO    ] [switch] [INIT] SWITCH STATUS MODE (REAL GPIO)
2026-03-23 00:06:55 [INFO    ] [switch] [INIT] Door monitor running (ACTIVE LOW)
2026-03-23 00:06:55 [INFO    ] [switch] [INIT] Initial state: CLOSED
2026-03-23 00:06:55 [INFO    ] [switch] [INIT] Door monitor thread started
2026-03-23 00:08:03 [INFO    ] [switch] [INIT] SWITCH STATUS MODE (REAL GPIO)
2026-03-23 00:08:03 [INFO    ] [switch] [INIT] Door monitor running (ACTIVE LOW)
2026-03-23 00:08:03 [INFO    ] [switch] [INIT] Door monitor thread started
2026-03-23 00:08:03 [INFO    ] [switch] [INIT] Initial state: CLOSED
2026-03-23 00:09:11 [INFO    ] [switch] [INIT] SWITCH STATUS MODE (REAL GPIO)
2026-03-23 00:09:11 [INFO    ] [switch] [INIT] Door monitor running (ACTIVE LOW)
2026-03-23 00:09:11 [INFO    ] [switch] [INIT] Door monitor thread started
2026-03-23 00:09:11 [INFO    ] [switch] [INIT] Initial state: CLOSED
2026-03-23 00:10:19 [INFO    ] [switch] [INIT] SWITCH STATUS MODE (REAL GPIO)
2026-03-23 00:10:19 [INFO    ] [switch] [INIT] Door monitor running (ACTIVE LOW)
2026-03-23 00:10:19 [INFO    ] [switch] [INIT] Door monitor thread started
2026-03-23 00:10:19 [INFO    ] [switch] [INIT] Initial state: CLOSED
2026-03-23 00:11:27 [INFO    ] [switch] [INIT] SWITCH STATUS MODE (REAL GPIO)
2026-03-23 00:11:27 [INFO    ] [switch] [INIT] Door monitor running (ACTIVE LOW)
2026-03-23 00:11:27 [INFO    ] [switch] [INIT] Initial state: CLOSED
2026-03-23 00:11:27 [INFO    ] [switch] [INIT] Door monitor thread started
2026-03-23 00:12:35 [INFO    ] [switch] [INIT] SWITCH STATUS MODE (REAL GPIO)
2026-03-23 00:12:35 [INFO    ] [switch] [INIT] Door monitor running (ACTIVE LOW)
2026-03-23 00:12:35 [INFO    ] [switch] [INIT] Initial state: CLOSED
2026-03-23 00:12:35 [INFO    ] [switch] [INIT] Door monitor thread started
2026-03-23 00:13:43 [INFO    ] [switch] [INIT] SWITCH STATUS MODE (REAL GPIO)
2026-03-23 00:13:43 [INFO    ] [switch] [INIT] Door monitor running (ACTIVE LOW)
2026-03-23 00:13:43 [INFO    ] [switch] [INIT] Door monitor thread started
2026-03-23 00:13:43 [INFO    ] [switch] [INIT] Initial state: CLOSED
2026-03-23 00:14:51 [INFO    ] [switch] [INIT] SWITCH STATUS MODE (REAL GPIO)
2026-03-23 00:14:51 [INFO    ] [switch] [INIT] Door monitor running (ACTIVE LOW)
2026-03-23 00:14:51 [INFO    ] [switch] [INIT] Door monitor thread started
2026-03-23 00:14:51 [INFO    ] [switch] [INIT] Initial state: CLOSED
2026-03-23 00:15:59 [INFO    ] [switch] [INIT] SWITCH STATUS MODE (REAL GPIO)
2026-03-23 00:15:59 [INFO    ] [switch] [INIT] Door monitor running (ACTIVE LOW)
2026-03-23 00:15:59 [INFO    ] [switch] [INIT] Door monitor thread started
2026-03-23 00:15:59 [INFO    ] [switch] [INIT] Initial state: CLOSED
2026-03-23 00:17:07 [INFO    ] [switch] [INIT] SWITCH STATUS MODE (REAL GPIO)
2026-03-23 00:17:07 [INFO    ] [switch] [INIT] Door monitor running (ACTIVE LOW)
2026-03-23 00:17:07 [INFO    ] [switch] [INIT] Door monitor thread started
2026-03-23 00:17:07 [INFO    ] [switch] [INIT] Initial state: CLOSED
2026-03-23 00:18:15 [INFO    ] [switch] [INIT] SWITCH STATUS MODE (REAL GPIO)
2026-03-23 00:18:15 [INFO    ] [switch] [INIT] Door monitor running (ACTIVE LOW)
2026-03-23 00:18:15 [INFO    ] [switch] [INIT] Initial state: CLOSED
2026-03-23 00:18:15 [INFO    ] [switch] [INIT] Door monitor thread started
2026-03-23 00:19:23 [INFO    ] [switch] [INIT] SWITCH STATUS MODE (REAL GPIO)
2026-03-23 00:19:23 [INFO    ] [switch] [INIT] Door monitor running (ACTIVE LOW)
2026-03-23 00:19:23 [INFO    ] [switch] [INIT] Door monitor thread started
2026-03-23 00:19:23 [INFO    ] [switch] [INIT] Initial state: CLOSED
2026-03-23 00:20:31 [INFO    ] [switch] [INIT] SWITCH STATUS MODE (REAL GPIO)
2026-03-23 00:20:31 [INFO    ] [switch] [INIT] Door monitor running (ACTIVE LOW)
2026-03-23 00:20:31 [INFO    ] [switch] [INIT] Door monitor thread started
2026-03-23 00:20:31 [INFO    ] [switch] [INIT] Initial state: CLOSED
2026-03-23 00:21:39 [INFO    ] [switch] [INIT] SWITCH STATUS MODE (REAL GPIO)
2026-03-23 00:21:39 [INFO    ] [switch] [INIT] Door monitor running (ACTIVE LOW)
2026-03-23 00:21:39 [INFO    ] [switch] [INIT] Door monitor thread started
2026-03-23 00:21:39 [INFO    ] [switch] [INIT] Initial state: CLOSED
2026-03-23 00:21:39 [INFO    ] [switch] [INIT] SWITCH STATUS MODE (REAL GPIO)
2026-03-23 00:21:39 [INFO    ] [switch] [INIT] Door monitor running (ACTIVE LOW)
2026-03-23 00:21:39 [INFO    ] [switch] [INIT] Initial state: CLOSED
2026-03-23 00:21:39 [INFO    ] [switch] [INIT] Door monitor thread started
2026-03-23 00:22:48 [INFO    ] [switch] [INIT] SWITCH STATUS MODE (REAL GPIO)
2026-03-23 00:22:48 [INFO    ] [switch] [INIT] Door monitor running (ACTIVE LOW)
2026-03-23 00:22:48 [INFO    ] [switch] [INIT] Door monitor thread started
2026-03-23 00:22:48 [INFO    ] [switch] [INIT] Initial state: CLOSED
2026-03-23 00:23:56 [INFO    ] [switch] [INIT] SWITCH STATUS MODE (REAL GPIO)
2026-03-23 00:23:56 [INFO    ] [switch] [INIT] Door monitor running (ACTIVE LOW)
2026-03-23 00:23:56 [INFO    ] [switch] [INIT] Door monitor thread started
2026-03-23 00:23:56 [INFO    ] [switch] [INIT] Initial state: CLOSED
2026-03-23 00:25:04 [INFO    ] [switch] [INIT] SWITCH STATUS MODE (REAL GPIO)
2026-03-23 00:25:04 [INFO    ] [switch] [INIT] Door monitor running (ACTIVE LOW)
2026-03-23 00:25:04 [INFO    ] [switch] [INIT] Initial state: CLOSED
2026-03-23 00:25:04 [INFO    ] [switch] [INIT] Door monitor thread started
2026-03-23 00:26:12 [INFO    ] [switch] [INIT] SWITCH STATUS MODE (REAL GPIO)
2026-03-23 00:26:12 [INFO    ] [switch] [INIT] Door monitor running (ACTIVE LOW)
2026-03-23 00:26:12 [INFO    ] [switch] [INIT] Door monitor thread started
2026-03-23 00:26:12 [INFO    ] [switch] [INIT] Initial state: CLOSED
2026-03-23 00:27:20 [INFO    ] [switch] [INIT] SWITCH STATUS MODE (REAL GPIO)
2026-03-23 00:27:20 [INFO    ] [switch] [INIT] Door monitor running (ACTIVE LOW)
2026-03-23 00:27:20 [INFO    ] [switch] [INIT] Door monitor thread started
2026-03-23 00:27:20 [INFO    ] [switch] [INIT] Initial state: CLOSED
2026-03-23 00:28:28 [INFO    ] [switch] [INIT] SWITCH STATUS MODE (REAL GPIO)
2026-03-23 00:28:28 [INFO    ] [switch] [INIT] Door monitor running (ACTIVE LOW)
2026-03-23 00:28:28 [INFO    ] [switch] [INIT] Door monitor thread started
2026-03-23 00:28:28 [INFO    ] [switch] [INIT] Initial state: CLOSED
2026-03-23 00:29:35 [INFO    ] [switch] [INIT] SWITCH STATUS MODE (REAL GPIO)
2026-03-23 00:29:36 [INFO    ] [switch] [INIT] Door monitor running (ACTIVE LOW)
2026-03-23 00:29:36 [INFO    ] [switch] [INIT] Door monitor thread started
2026-03-23 00:29:36 [INFO    ] [switch] [INIT] Initial state: CLOSED
2026-03-23 00:30:43 [INFO    ] [switch] [INIT] SWITCH STATUS MODE (REAL GPIO)
2026-03-23 00:30:44 [INFO    ] [switch] [INIT] Door monitor running (ACTIVE LOW)
2026-03-23 00:30:44 [INFO    ] [switch] [INIT] Door monitor thread started
2026-03-23 00:30:44 [INFO    ] [switch] [INIT] Initial state: CLOSED
2026-03-23 00:31:51 [INFO    ] [switch] [INIT] SWITCH STATUS MODE (REAL GPIO)
2026-03-23 00:31:51 [INFO    ] [switch] [INIT] Door monitor running (ACTIVE LOW)
2026-03-23 00:31:51 [INFO    ] [switch] [INIT] Door monitor thread started
2026-03-23 00:31:51 [INFO    ] [switch] [INIT] Initial state: CLOSED
2026-03-23 00:32:59 [INFO    ] [switch] [INIT] SWITCH STATUS MODE (REAL GPIO)
2026-03-23 00:33:00 [INFO    ] [switch] [INIT] Door monitor running (ACTIVE LOW)
2026-03-23 00:33:00 [INFO    ] [switch] [INIT] Door monitor thread started
2026-03-23 00:33:00 [INFO    ] [switch] [INIT] Initial state: CLOSED
2026-03-23 00:34:08 [INFO    ] [switch] [INIT] SWITCH STATUS MODE (REAL GPIO)
2026-03-23 00:34:08 [INFO    ] [switch] [INIT] Door monitor running (ACTIVE LOW)
2026-03-23 00:34:08 [INFO    ] [switch] [INIT] Door monitor thread started
2026-03-23 00:34:08 [INFO    ] [switch] [INIT] Initial state: CLOSED
2026-03-23 00:35:16 [INFO    ] [switch] [INIT] SWITCH STATUS MODE (REAL GPIO)
2026-03-23 00:35:16 [INFO    ] [switch] [INIT] Door monitor running (ACTIVE LOW)
2026-03-23 00:35:16 [INFO    ] [switch] [INIT] Door monitor thread started
2026-03-23 00:35:16 [INFO    ] [switch] [INIT] Initial state: CLOSED
2026-03-23 00:36:24 [INFO    ] [switch] [INIT] SWITCH STATUS MODE (REAL GPIO)
2026-03-23 00:36:24 [INFO    ] [switch] [INIT] Door monitor running (ACTIVE LOW)
2026-03-23 00:36:24 [INFO    ] [switch] [INIT] Door monitor thread started
2026-03-23 00:36:24 [INFO    ] [switch] [INIT] Initial state: CLOSED
2026-03-23 00:37:32 [INFO    ] [switch] [INIT] SWITCH STATUS MODE (REAL GPIO)
2026-03-23 00:37:32 [INFO    ] [switch] [INIT] Door monitor running (ACTIVE LOW)
2026-03-23 00:37:32 [INFO    ] [switch] [INIT] Door monitor thread started
2026-03-23 00:37:32 [INFO    ] [switch] [INIT] Initial state: CLOSED
2026-03-23 00:38:41 [INFO    ] [switch] [INIT] SWITCH STATUS MODE (REAL GPIO)
2026-03-23 00:38:41 [INFO    ] [switch] [INIT] Door monitor running (ACTIVE LOW)
2026-03-23 00:38:41 [INFO    ] [switch] [INIT] Initial state: CLOSED
2026-03-23 00:38:41 [INFO    ] [switch] [INIT] Door monitor thread started
2026-03-23 00:39:49 [INFO    ] [switch] [INIT] SWITCH STATUS MODE (REAL GPIO)
2026-03-23 00:39:49 [INFO    ] [switch] [INIT] Door monitor running (ACTIVE LOW)
2026-03-23 00:39:49 [INFO    ] [switch] [INIT] Door monitor thread started
2026-03-23 00:39:49 [INFO    ] [switch] [INIT] Initial state: CLOSED
2026-03-23 00:40:57 [INFO    ] [switch] [INIT] SWITCH STATUS MODE (REAL GPIO)
2026-03-23 00:40:57 [INFO    ] [switch] [INIT] Door monitor running (ACTIVE LOW)
2026-03-23 00:40:57 [INFO    ] [switch] [INIT] Door monitor thread started
2026-03-23 00:40:57 [INFO    ] [switch] [INIT] Initial state: CLOSED
2026-03-23 00:42:05 [INFO    ] [switch] [INIT] SWITCH STATUS MODE (REAL GPIO)
2026-03-23 00:42:05 [INFO    ] [switch] [INIT] Door monitor running (ACTIVE LOW)
2026-03-23 00:42:05 [INFO    ] [switch] [INIT] Initial state: CLOSED
2026-03-23 00:42:05 [INFO    ] [switch] [INIT] Door monitor thread started
2026-03-23 00:43:14 [INFO    ] [switch] [INIT] SWITCH STATUS MODE (REAL GPIO)
2026-03-23 00:43:14 [INFO    ] [switch] [INIT] Door monitor running (ACTIVE LOW)
2026-03-23 00:43:14 [INFO    ] [switch] [INIT] Initial state: CLOSED
2026-03-23 00:43:14 [INFO    ] [switch] [INIT] Door monitor thread started
2026-03-23 00:44:22 [INFO    ] [switch] [INIT] SWITCH STATUS MODE (REAL GPIO)
2026-03-23 00:44:22 [INFO    ] [switch] [INIT] Door monitor running (ACTIVE LOW)
2026-03-23 00:44:22 [INFO    ] [switch] [INIT] Initial state: CLOSED
2026-03-23 00:44:22 [INFO    ] [switch] [INIT] Door monitor thread started
2026-03-23 00:45:30 [INFO    ] [switch] [INIT] SWITCH STATUS MODE (REAL GPIO)
2026-03-23 00:45:30 [INFO    ] [switch] [INIT] Door monitor running (ACTIVE LOW)
2026-03-23 00:45:30 [INFO    ] [switch] [INIT] Door monitor thread started
2026-03-23 00:45:30 [INFO    ] [switch] [INIT] Initial state: CLOSED
2026-03-25 07:23:42 [INFO    ] [switch] [DOOR] OPENED
2026-03-25 07:23:42 [INFO    ] [switch] [DOOR] Published OPENED to MQTT
2026-03-25 07:23:43 [INFO    ] [switch] [DOOR] CLOSED
2026-03-25 07:23:43 [INFO    ] [switch] [DOOR] Published CLOSE to MQTT
2026-03-25 07:23:47 [INFO    ] [switch] [DOOR] OPENED
2026-03-25 07:23:47 [INFO    ] [switch] [DOOR] Published OPENED to MQTT
2026-03-25 07:23:56 [INFO    ] [switch] [DOOR] CLOSED
2026-03-25 07:23:56 [INFO    ] [switch] [DOOR] Published CLOSE to MQTT
2026-03-25 07:26:33 [INFO    ] [switch] [DOOR] OPENED
2026-03-25 07:26:33 [INFO    ] [switch] [DOOR] Published OPENED to MQTT
2026-03-25 07:26:35 [INFO    ] [switch] [DOOR] CLOSED
2026-03-25 07:26:35 [INFO    ] [switch] [DOOR] Published CLOSE to MQTT
2026-03-25 07:26:35 [INFO    ] [switch] [DOOR] OPENED
2026-03-25 07:26:35 [INFO    ] [switch] [DOOR] Published OPENED to MQTT
2026-03-25 07:26:36 [INFO    ] [switch] [DOOR] CLOSED
2026-03-25 07:26:36 [INFO    ] [switch] [DOOR] Published CLOSE to MQTT
2026-03-25 07:26:36 [INFO    ] [switch] [DOOR] OPENED
2026-03-25 07:26:36 [INFO    ] [switch] [DOOR] Published OPENED to MQTT
2026-03-25 07:26:37 [INFO    ] [switch] [DOOR] CLOSED
2026-03-25 07:26:37 [INFO    ] [switch] [DOOR] Published CLOSE to MQTT
2026-03-25 07:26:37 [INFO    ] [switch] [DOOR] OPENED
2026-03-25 07:26:37 [INFO    ] [switch] [DOOR] Published OPENED to MQTT
2026-03-25 07:26:37 [INFO    ] [switch] [DOOR] CLOSED
2026-03-25 07:26:37 [INFO    ] [switch] [DOOR] Published CLOSE to MQTT
2026-03-25 07:26:37 [INFO    ] [switch] [DOOR] OPENED
2026-03-25 07:26:37 [INFO    ] [switch] [DOOR] Published OPENED to MQTT
2026-03-25 07:26:38 [INFO    ] [switch] [DOOR] CLOSED
2026-03-25 07:26:38 [INFO    ] [switch] [DOOR] Published CLOSE to MQTT
2026-03-25 07:26:38 [INFO    ] [switch] [DOOR] OPENED
2026-03-25 07:26:38 [INFO    ] [switch] [DOOR] Published OPENED to MQTT
2026-03-25 07:26:38 [INFO    ] [switch] [DOOR] CLOSED
2026-03-25 07:26:38 [INFO    ] [switch] [DOOR] Published CLOSE to MQTT
2026-03-25 07:26:38 [INFO    ] [switch] [DOOR] OPENED
2026-03-25 07:26:38 [INFO    ] [switch] [DOOR] Published OPENED to MQTT
2026-03-25 07:26:38 [INFO    ] [switch] [DOOR] CLOSED
2026-03-25 07:26:38 [INFO    ] [switch] [DOOR] Published CLOSE to MQTT
2026-03-25 07:26:39 [INFO    ] [switch] [DOOR] OPENED
2026-03-25 07:26:39 [INFO    ] [switch] [DOOR] Published OPENED to MQTT
2026-03-25 07:26:39 [INFO    ] [switch] [DOOR] CLOSED
2026-03-25 07:26:39 [INFO    ] [switch] [DOOR] Published CLOSE to MQTT
2026-03-25 07:26:39 [INFO    ] [switch] [DOOR] OPENED
2026-03-25 07:26:39 [INFO    ] [switch] [DOOR] Published OPENED to MQTT
2026-03-25 07:26:39 [INFO    ] [switch] [DOOR] CLOSED
2026-03-25 07:26:39 [INFO    ] [switch] [DOOR] Published CLOSE to MQTT
2026-03-25 07:26:39 [INFO    ] [switch] [DOOR] OPENED
2026-03-25 07:26:39 [INFO    ] [switch] [DOOR] Published OPENED to MQTT
2026-03-25 07:26:39 [INFO    ] [switch] [DOOR] CLOSED
2026-03-25 07:26:39 [INFO    ] [switch] [DOOR] Published CLOSE to MQTT
2026-03-25 07:26:39 [INFO    ] [switch] [DOOR] OPENED
2026-03-25 07:26:39 [INFO    ] [switch] [DOOR] Published OPENED to MQTT
2026-03-25 07:26:39 [INFO    ] [switch] [DOOR] CLOSED
2026-03-25 07:26:39 [INFO    ] [switch] [DOOR] Published CLOSE to MQTT
2026-03-25 07:26:39 [INFO    ] [switch] [DOOR] OPENED
2026-03-25 07:26:39 [INFO    ] [switch] [DOOR] Published OPENED to MQTT
2026-03-25 07:26:40 [INFO    ] [switch] [DOOR] CLOSED
2026-03-25 07:26:40 [INFO    ] [switch] [DOOR] Published CLOSE to MQTT
2026-03-25 07:26:40 [INFO    ] [switch] [DOOR] OPENED
2026-03-25 07:26:40 [INFO    ] [switch] [DOOR] Published OPENED to MQTT
2026-03-25 07:26:40 [INFO    ] [switch] [DOOR] CLOSED
2026-03-25 07:26:40 [INFO    ] [switch] [DOOR] Published CLOSE to MQTT
2026-03-25 07:26:40 [INFO    ] [switch] [DOOR] OPENED
2026-03-25 07:26:40 [INFO    ] [switch] [DOOR] Published OPENED to MQTT
2026-03-25 07:26:40 [INFO    ] [switch] [DOOR] CLOSED
2026-03-25 07:26:40 [INFO    ] [switch] [DOOR] Published CLOSE to MQTT
2026-03-25 07:26:40 [INFO    ] [switch] [DOOR] OPENED
2026-03-25 07:26:40 [INFO    ] [switch] [DOOR] Published OPENED to MQTT
2026-03-25 07:26:40 [INFO    ] [switch] [DOOR] CLOSED
2026-03-25 07:26:40 [INFO    ] [switch] [DOOR] Published CLOSE to MQTT
2026-03-25 07:26:54 [INFO    ] [switch] [DOOR] OPENED
2026-03-25 07:26:54 [INFO    ] [switch] [DOOR] Published OPENED to MQTT
2026-03-25 07:26:54 [INFO    ] [switch] [DOOR] CLOSED
2026-03-25 07:26:54 [INFO    ] [switch] [DOOR] Published CLOSE to MQTT
2026-03-25 07:26:54 [INFO    ] [switch] [DOOR] OPENED
2026-03-25 07:26:54 [INFO    ] [switch] [DOOR] Published OPENED to MQTT
2026-03-25 07:26:54 [INFO    ] [switch] [DOOR] CLOSED
2026-03-25 07:26:54 [INFO    ] [switch] [DOOR] Published CLOSE to MQTT
2026-03-25 07:26:55 [INFO    ] [switch] [DOOR] OPENED
2026-03-25 07:26:55 [INFO    ] [switch] [DOOR] Published OPENED to MQTT
2026-03-25 07:26:55 [INFO    ] [switch] [DOOR] CLOSED
2026-03-25 07:26:55 [INFO    ] [switch] [DOOR] Published CLOSE to MQTT
2026-03-25 07:26:55 [INFO    ] [switch] [DOOR] OPENED
2026-03-25 07:26:55 [INFO    ] [switch] [DOOR] Published OPENED to MQTT
2026-03-25 07:26:55 [INFO    ] [switch] [DOOR] CLOSED
2026-03-25 07:26:55 [INFO    ] [switch] [DOOR] Published CLOSE to MQTT
2026-03-25 07:26:55 [INFO    ] [switch] [DOOR] OPENED
2026-03-25 07:26:55 [INFO    ] [switch] [DOOR] Published OPENED to MQTT
2026-03-25 07:26:55 [INFO    ] [switch] [DOOR] CLOSED
2026-03-25 07:26:55 [INFO    ] [switch] [DOOR] Published CLOSE to MQTT
2026-03-25 07:26:55 [INFO    ] [switch] [DOOR] OPENED
2026-03-25 07:26:55 [INFO    ] [switch] [DOOR] Published OPENED to MQTT
2026-03-25 07:26:56 [INFO    ] [switch] [DOOR] CLOSED
2026-03-25 07:26:56 [INFO    ] [switch] [DOOR] Published CLOSE to MQTT
2026-03-25 07:26:56 [INFO    ] [switch] [DOOR] OPENED
2026-03-25 07:26:56 [INFO    ] [switch] [DOOR] Published OPENED to MQTT
2026-03-25 07:26:56 [INFO    ] [switch] [DOOR] CLOSED
2026-03-25 07:26:56 [INFO    ] [switch] [DOOR] Published CLOSE to MQTT
2026-03-25 07:26:56 [INFO    ] [switch] [DOOR] OPENED
2026-03-25 07:26:56 [INFO    ] [switch] [DOOR] Published OPENED to MQTT
2026-03-25 07:26:56 [INFO    ] [switch] [DOOR] CLOSED
2026-03-25 07:26:56 [INFO    ] [switch] [DOOR] Published CLOSE to MQTT
2026-03-25 07:26:56 [INFO    ] [switch] [DOOR] OPENED
2026-03-25 07:26:57 [INFO    ] [switch] [DOOR] Published OPENED to MQTT
2026-03-25 07:26:57 [INFO    ] [switch] [DOOR] CLOSED
2026-03-25 07:26:57 [INFO    ] [switch] [DOOR] Published CLOSE to MQTT
2026-03-25 07:26:57 [INFO    ] [switch] [DOOR] OPENED
2026-03-25 07:26:57 [INFO    ] [switch] [DOOR] Published OPENED to MQTT
2026-03-25 07:26:57 [INFO    ] [switch] [DOOR] CLOSED
2026-03-25 07:26:57 [INFO    ] [switch] [DOOR] Published CLOSE to MQTT
2026-03-25 07:26:57 [INFO    ] [switch] [DOOR] OPENED
2026-03-25 07:26:57 [INFO    ] [switch] [DOOR] Published OPENED to MQTT
2026-03-25 07:26:58 [INFO    ] [switch] [DOOR] CLOSED
2026-03-25 07:26:58 [INFO    ] [switch] [DOOR] Published CLOSE to MQTT
2026-03-25 07:26:58 [INFO    ] [switch] [DOOR] OPENED
2026-03-25 07:26:58 [INFO    ] [switch] [DOOR] Published OPENED to MQTT
2026-03-25 07:26:58 [INFO    ] [switch] [DOOR] CLOSED
2026-03-25 07:26:58 [INFO    ] [switch] [DOOR] Published CLOSE to MQTT
2026-03-25 07:26:58 [INFO    ] [switch] [DOOR] OPENED
2026-03-25 07:26:58 [INFO    ] [switch] [DOOR] Published OPENED to MQTT
2026-03-25 07:26:58 [INFO    ] [switch] [DOOR] CLOSED
2026-03-25 07:26:58 [INFO    ] [switch] [DOOR] Published CLOSE to MQTT
2026-03-25 07:26:58 [INFO    ] [switch] [DOOR] OPENED
2026-03-25 07:26:58 [INFO    ] [switch] [DOOR] Published OPENED to MQTT
2026-03-25 07:26:59 [INFO    ] [switch] [DOOR] CLOSED
2026-03-25 07:26:59 [INFO    ] [switch] [DOOR] Published CLOSE to MQTT
2026-03-25 07:26:59 [INFO    ] [switch] [DOOR] OPENED
2026-03-25 07:26:59 [INFO    ] [switch] [DOOR] Published OPENED to MQTT
2026-03-25 07:26:59 [INFO    ] [switch] [DOOR] CLOSED
2026-03-25 07:26:59 [INFO    ] [switch] [DOOR] Published CLOSE to MQTT
2026-03-25 07:26:59 [INFO    ] [switch] [DOOR] OPENED
2026-03-25 07:26:59 [INFO    ] [switch] [DOOR] Published OPENED to MQTT
2026-03-25 07:26:59 [INFO    ] [switch] [DOOR] CLOSED
2026-03-25 07:26:59 [INFO    ] [switch] [DOOR] Published CLOSE to MQTT
2026-03-25 07:26:59 [INFO    ] [switch] [DOOR] OPENED
2026-03-25 07:26:59 [INFO    ] [switch] [DOOR] Published OPENED to MQTT
2026-03-25 07:27:00 [INFO    ] [switch] [DOOR] CLOSED
2026-03-25 07:27:00 [INFO    ] [switch] [DOOR] Published CLOSE to MQTT
2026-03-25 07:27:00 [INFO    ] [switch] [DOOR] OPENED
2026-03-25 07:27:00 [INFO    ] [switch] [DOOR] Published OPENED to MQTT
2026-03-25 07:27:00 [INFO    ] [switch] [DOOR] CLOSED
2026-03-25 07:27:00 [INFO    ] [switch] [DOOR] Published CLOSE to MQTT
2026-03-25 07:27:00 [INFO    ] [switch] [DOOR] OPENED
2026-03-25 07:27:00 [INFO    ] [switch] [DOOR] Published OPENED to MQTT
2026-03-25 07:27:00 [INFO    ] [switch] [DOOR] CLOSED
2026-03-25 07:27:00 [INFO    ] [switch] [DOOR] Published CLOSE to MQTT
2026-03-25 07:27:01 [INFO    ] [switch] [DOOR] OPENED
2026-03-25 07:27:01 [INFO    ] [switch] [DOOR] Published OPENED to MQTT
2026-03-25 07:27:01 [INFO    ] [switch] [DOOR] CLOSED
2026-03-25 07:27:01 [INFO    ] [switch] [DOOR] Published CLOSE to MQTT
2026-03-25 07:27:01 [INFO    ] [switch] [DOOR] OPENED
2026-03-25 07:27:01 [INFO    ] [switch] [DOOR] Published OPENED to MQTT
2026-03-25 07:27:01 [INFO    ] [switch] [DOOR] CLOSED
2026-03-25 07:27:01 [INFO    ] [switch] [DOOR] Published CLOSE to MQTT
2026-03-25 07:27:01 [INFO    ] [switch] [DOOR] OPENED
2026-03-25 07:27:01 [INFO    ] [switch] [DOOR] Published OPENED to MQTT
2026-03-25 07:27:01 [INFO    ] [switch] [DOOR] CLOSED
2026-03-25 07:27:01 [INFO    ] [switch] [DOOR] Published CLOSE to MQTT
2026-03-25 07:27:02 [INFO    ] [switch] [DOOR] OPENED
2026-03-25 07:27:02 [INFO    ] [switch] [DOOR] Published OPENED to MQTT
2026-03-25 07:27:02 [INFO    ] [switch] [DOOR] CLOSED
2026-03-25 07:27:02 [INFO    ] [switch] [DOOR] Published CLOSE to MQTT
2026-03-25 07:27:02 [INFO    ] [switch] [DOOR] OPENED
2026-03-25 07:27:02 [INFO    ] [switch] [DOOR] Published OPENED to MQTT
2026-03-25 07:27:02 [INFO    ] [switch] [DOOR] CLOSED
2026-03-25 07:27:02 [INFO    ] [switch] [DOOR] Published CLOSE to MQTT
2026-03-25 07:27:02 [INFO    ] [switch] [DOOR] OPENED
2026-03-25 07:27:02 [INFO    ] [switch] [DOOR] Published OPENED to MQTT
2026-03-25 07:27:02 [INFO    ] [switch] [DOOR] CLOSED
2026-03-25 07:27:02 [INFO    ] [switch] [DOOR] Published CLOSE to MQTT
2026-03-25 07:27:03 [INFO    ] [switch] [DOOR] OPENED
2026-03-25 07:27:03 [INFO    ] [switch] [DOOR] Published OPENED to MQTT
2026-03-25 07:27:03 [INFO    ] [switch] [DOOR] CLOSED
2026-03-25 07:27:03 [INFO    ] [switch] [DOOR] Published CLOSE to MQTT
2026-03-25 07:27:03 [INFO    ] [switch] [DOOR] OPENED
2026-03-25 07:27:03 [INFO    ] [switch] [DOOR] Published OPENED to MQTT
2026-03-25 07:27:03 [INFO    ] [switch] [DOOR] CLOSED
2026-03-25 07:27:03 [INFO    ] [switch] [DOOR] Published CLOSE to MQTT
